_id,destination,title,shortDescription,description,images[0].url,images[0].public_id,duration,distance,location,category,bestTime,priceRange,difficultyLevel,icon,highlights[0],highlights[1],highlights[2],highlights[3],tips[0],tips[1],updatedAt,createdAt,__v
6a5b9193fbc925e6fcc12ca6,6a1afd95c900cb7eb1ac533a,Toy Train Ride,Enjoy the iconic UNESCO-listed Darjeeling Himalayan Railway through breathtaking mountain landscapes.,"Experience one of Darjeeling's most famous attractions aboard the historic Toy Train. Travel through tea gardens, tunnels, charming hill villages, and panoramic Himalayan viewpoints while enjoying one of India's most scenic railway journeys.",https://res.cloudinary.com/ddjehdwgu/image/upload/v1784387401/travelbharat/hkq00sxfrfjvrh66hrwy.jpg,travelbharat/hkq00sxfrfjvrh66hrwy,2 Hours,14 km,Darjeeling Himalayan Railway,Heritage,March to June,₹800 - ₹1500,Easy,false,UNESCO Heritage,Mountain Views,Historic Railway,Tea Gardens,Book tickets early,Carry a light jacket,2026-07-18T15:10:03.108Z,,
6a5b9babfbc925e6fcc12cd3,6a1afd95c900cb7eb1ac533a,Tea Garden Walk,Walk through world-famous Darjeeling tea estates and learn traditional tea cultivation.,"Explore lush green tea gardens with guided plantation walks. Learn how premium Darjeeling tea is cultivated, harvested, processed, and enjoy fresh tea tasting surrounded by Himalayan scenery.",https://res.cloudinary.com/ddjehdwgu/image/upload/v1784445226/travelbharat/porpr5rvkowjql4nvtdv.jpg,travelbharat/porpr5rvkowjql4nvtdv,3 Hours,6 km,Darjeeling Tea Estates,Nature,March to November,₹300 - ₹800,Easy,false,Tea Plantation,Tea Tasting,Local Culture,Mountain Landscape,Wear comfortable shoes,Respect plantation rules,2026-07-19T07:13:46.429Z,,
6a5b9babfbc925e6fcc12cd2,6a1afd95c900cb7eb1ac533a,Tiger Hill Sunrise Tour,Witness the spectacular sunrise over Kanchenjunga from the famous Tiger Hill viewpoint.,"Start your morning before dawn and travel to Tiger Hill to experience one of the most breathtaking Himalayan sunrises. On clear days, enjoy stunning views of Kanchenjunga glowing in golden light.",https://res.cloudinary.com/ddjehdwgu/image/upload/v1784445035/travelbharat/tnpdkvoat0o8ug6ox3vp.jpg,travelbharat/tnpdkvoat0o8ug6ox3vp,4 Hours,11 km,Tiger Hill,Nature,October to April,₹500 - ₹1200,Easy,false,Kanchenjunga Views,Golden Sunrise,Scenic Drive,Photography Spot,Leave before dawn,Carry warm clothes,2026-07-19T07:10:36.049Z,,
6a5b9babfbc925e6fcc12cd4,6a1afd95c900cb7eb1ac533a,Himalayan Ropeway Ride,"Enjoy panoramic aerial views of Darjeeling's valleys, forests, and tea gardens by cable car.",Take a scenic ropeway ride across lush valleys and tea plantations while admiring spectacular Himalayan landscapes. The cable car offers one of the best aerial experiences in Darjeeling for photographers and families alike.,https://res.cloudinary.com/ddjehdwgu/image/upload/v1784445314/travelbharat/vx8sbxdtfque2zfwhilf.jpg,travelbharat/vx8sbxdtfque2zfwhilf,45 Minutes,3 km,Darjeeling Ropeway,Adventure,October to May,₹250 - ₹500,Easy,false,Aerial Views,Tea Gardens,Mountain Panorama,Photography,Visit on clear days,Keep camera ready,2026-07-19T07:15:14.994Z,,
6a5b9c83ca7553faac20ab3e,6a1afd95c900cb7eb1ac533a,Nostrum nobis eius e,Minima pariatur Nos,"v bn bv bvnm bnvbfxbhg,hjhfsdfghfk,.jhhgfdzxdafsfgkjl;lkjhgfxdzsdfghjk,./l;kljhgfdsadfghjykuli;okjlhbvgcfxdsdafgzscdsvdvdsd",https://res.cloudinary.com/ddjehdwgu/image/upload/v1784388739/travelbharat/ohvhlu4j7ocnkbu10guu.jpg,travelbharat/ohvhlu4j7ocnkbu10guu,Odio sunt optio aut,Quo eum adipisicing ,Qui soluta voluptate,Nature,Quo est elit ut ali,135,Moderate,true,Anim incididunt in u,Anim incididunt in ucvv,,,,,2026-07-18T15:32:19.810Z,2026-07-18T15:32:19.810Z,0
6a5ba2dbfbc925e6fcc12cdf,6a4a36c5732595d33bf3afcf,Yak Riding Experience,Enjoy a memorable yak ride through Kufri's scenic mountain trails.,Ride a beautifully decorated Himalayan yak while exploring Kufri's picturesque surroundings. This traditional mountain experience is especially popular among families and first-time visitors.,https://res.cloudinary.com/ddjehdwgu/image/upload/v1784445441/travelbharat/jsbs8d2i0dzpmmj9nqvf.jpg,travelbharat/jsbs8d2i0dzpmmj9nqvf,30 Minutes,500 m,Kufri Adventure Zone,Family,Throughout the Year,₹200 - ₹500,Easy,false,Yak Ride,Family Activity,Mountain Views,Photo Opportunity,Follow handler instructions,Keep your camera ready,2026-07-19T07:17:21.688Z,,
6a5ba2dbfbc925e6fcc12ce0,6a4a36c5732595d33bf3afcf,Nature Park Walk,Discover Himalayan wildlife and beautiful forest trails inside the nature park.,"Take a peaceful walk through the Himalayan Nature Park where you can spot native wildlife, colorful birds, and rare Himalayan flora while enjoying the fresh mountain air.",https://res.cloudinary.com/ddjehdwgu/image/upload/v1784445479/travelbharat/hrdvaekpqjsfsiy63h0y.jpg,travelbharat/hrdvaekpqjsfsiy63h0y,2 Hours,1 km,Himalayan Nature Park,Nature,March to November,₹100 - ₹300,Easy,false,Wildlife Viewing,Nature Trails,Bird Watching,Forest Experience,Carry binoculars,Avoid disturbing wildlife,2026-07-19T07:17:59.511Z,,
6a5ba2dbfbc925e6fcc12cdd,6a4a36c5732595d33bf3afcf,Mahasu Peak Trek,Trek to Kufri's highest viewpoint for spectacular Himalayan panoramas.,Embark on a scenic trek to Mahasu Peak through pine and cedar forests while enjoying breathtaking views of the snow-covered Himalayan ranges. This is one of Kufri's most popular outdoor adventures for nature lovers and photographers.,,,3 Hours,2 km,"Mahasu Peak, Kufri",Adventure,March to June & December to February,₹300 - ₹700,Moderate,mountain,Mahasu Peak,Himalayan Views,Forest Trail,Photography,Wear trekking shoes,Carry drinking water,,,
6a5ba2dbfbc925e6fcc12cde,6a4a36c5732595d33bf3afcf,Skiing Adventure,Experience thrilling skiing on Kufri's famous snowy slopes.,"During winter, Kufri transforms into one of Himachal Pradesh's top skiing destinations. Enjoy skiing with professional instructors while surrounded by stunning Himalayan landscapes.",https://res.cloudinary.com/ddjehdwgu/image/upload/v1784445367/travelbharat/mh6nilfgg0tdjbcxxmp4.jpg,travelbharat/mh6nilfgg0tdjbcxxmp4,2 Hours,1 km,Kufri Ski Slopes,Adventure,December to February,₹800 - ₹2500,Moderate,false,Snow Activities,Ski Equipment,Winter Adventure,Mountain Views,Wear thermal clothing,Book equipment early,2026-07-19T07:16:07.605Z,,
6a5ba38afbc925e6fcc12ce5,6a4a384f732595d33bf3afd1,Horse Riding Trail,Ride through scenic cedar forests and rolling Himalayan meadows.,"Experience horse riding along peaceful mountain trails surrounded by lush cedar forests and panoramic Himalayan scenery, making it one of Naldehra's most enjoyable outdoor activities.",https://res.cloudinary.com/ddjehdwgu/image/upload/v1784445541/travelbharat/qiey4j5mrltmckj3d4c8.jpg,travelbharat/qiey4j5mrltmckj3d4c8,1 Hour,2 km,Naldehra Riding Trails,Adventure,March to November,₹400 - ₹900,Easy,false,Scenic Trails,Horse Riding,Forest Views,Mountain Landscape,Follow instructor guidance,Wear closed-toe shoes,2026-07-19T07:19:01.798Z,,
6a5ba38afbc925e6fcc12ce4,6a4a384f732595d33bf3afd1,Golf Course Experience,Play at one of India's oldest and most scenic mountain golf courses.,"Enjoy a relaxing round of golf surrounded by cedar forests and breathtaking Himalayan landscapes at the historic Naldehra Golf Course, one of India's oldest mountain golf destinations.",https://res.cloudinary.com/ddjehdwgu/image/upload/v1784445507/travelbharat/vuvpwm87uqbtvg2nxuiz.jpg,travelbharat/vuvpwm87uqbtvg2nxuiz,3 Hours,500 m,Naldehra Golf Course,Adventure,March to June,₹500 - ₹1500,Easy,false,Historic Golf Course,Mountain Views,Cedar Forests,Peaceful Surroundings,Book your tee time early,Wear comfortable sports shoes,2026-07-19T07:18:27.186Z,,
6a5ba38afbc925e6fcc12ce6,6a4a384f732595d33bf3afd1,Cedar Forest Walk,Take a peaceful walk through beautiful cedar and pine forests.,"Explore tranquil forest trails surrounded by centuries-old cedar trees while enjoying fresh mountain air, birdsong, and breathtaking Himalayan landscapes.",,,2 Hours,3 km,Naldehra Forest Trails,Nature,Throughout the Year,Free,Easy,trees,Nature Trail,Bird Watching,Photography,Fresh Mountain Air,Carry drinking water,Wear comfortable walking shoes,,,
6a5ba38afbc925e6fcc12ce7,6a4a384f732595d33bf3afd1,Mountain Photography Tour,Capture spectacular Himalayan landscapes from scenic viewpoints.,"Visit the best viewpoints around Naldehra to photograph majestic Himalayan peaks, rolling meadows, cedar forests, and unforgettable mountain sunsets.",https://res.cloudinary.com/ddjehdwgu/image/upload/v1784445625/travelbharat/carbv6ljrujauuyppmxr.jpg,travelbharat/carbv6ljrujauuyppmxr,2 Hours,4 km,Naldehra Viewpoints,Photography,September to December,₹200 - ₹500,Easy,false,Panoramic Views,Golden Hour,Mountain Photography,Scenic Landscapes,Visit during sunrise or sunset,Carry extra camera batteries,2026-07-19T07:20:25.614Z,,
6a5ba3dcfbc925e6fcc12cea,6a4a3941732595d33bf3afd3,Apple Orchard Tour,Explore traditional apple orchards and experience local farming culture.,"Walk through lush apple orchards, learn about apple cultivation, interact with local farmers, and enjoy fresh seasonal produce in Mashobra.",https://res.cloudinary.com/ddjehdwgu/image/upload/v1784445739/travelbharat/ajxrkrqpne7nhfliocza.jpg,travelbharat/ajxrkrqpne7nhfliocza,2 Hours,3 km,Mashobra Apple Orchards,Nature,July to October,₹300 - ₹700,Easy,false,Apple Farms,Local Culture,Fresh Produce,Photography,Visit during harvest season,Respect private orchards,2026-07-19T07:22:19.739Z,,
6a5ba3dcfbc925e6fcc12ceb,6a4a3941732595d33bf3afd3,Wildlife Sanctuary Walk,Discover Himalayan flora and fauna inside the wildlife sanctuary.,"Take a guided nature walk through the Shimla Water Catchment Wildlife Sanctuary and experience rich biodiversity, birdlife, and peaceful Himalayan forests.",https://res.cloudinary.com/ddjehdwgu/image/upload/v1784445770/travelbharat/xd2jpyixlb0yjagnxjwe.jpg,travelbharat/xd2jpyixlb0yjagnxjwe,3 Hours,5 km,Shimla Water Catchment Wildlife Sanctuary,Wildlife,March to November,₹500 - ₹1000,Easy,false,Bird Watching,Forest Trail,Wildlife Spotting,Nature Photography,Maintain silence on trails,Carry binoculars,2026-07-19T07:22:50.473Z,,
6a5ba3dcfbc925e6fcc12ce8,6a4a3941732595d33bf3afd3,Shali Tibba Trek,Trek through dense forests to the famous Shali Tibba summit.,"Embark on a rewarding trek to Shali Tibba, one of the highest peaks near Mashobra, offering panoramic Himalayan views, peaceful forest trails, and an unforgettable mountain adventure.",https://res.cloudinary.com/ddjehdwgu/image/upload/v1784445659/travelbharat/tfiufh2bgpttgpfe8xwi.jpg,travelbharat/tfiufh2bgpttgpfe8xwi,5 Hours,18 km,Shali Tibba,Adventure,April to November,₹800 - ₹1800,Moderate,false,Panoramic Views,Forest Trek,Mountain Summit,Nature Adventure,Start early in the morning,Carry sufficient water,2026-07-19T07:20:59.408Z,,
6a5ba3dcfbc925e6fcc12ce9,6a4a3941732595d33bf3afd3,Forest Camping Experience,Spend a peaceful night surrounded by cedar forests and Himalayan scenery.,"Enjoy camping amidst Mashobra's serene deodar forests with bonfires, starry skies, fresh mountain air, and breathtaking sunrise views.",https://res.cloudinary.com/ddjehdwgu/image/upload/v1784445687/travelbharat/jmanzctnnvoe1abwf3wg.jpg,travelbharat/jmanzctnnvoe1abwf3wg,1 Night,6 km,Mashobra Forest Camps,Camping,March to June,₹1500 - ₹3500,Easy,false,Bonfire,Forest Stay,Star Gazing,Nature Escape,Carry warm clothes,Book campsites in advance,2026-07-19T07:21:27.915Z,,
6a5ba41bfbc925e6fcc12cee,6a4a3a32732595d33bf3afd5,Mountain Camping,Camp under star-filled skies amidst Fagu's serene Himalayan surroundings.,"Experience overnight camping with bonfires, spectacular sunrise views, and peaceful mountain landscapes, making it one of Fagu's most memorable outdoor adventures.",https://res.cloudinary.com/ddjehdwgu/image/upload/v1784445889/travelbharat/qrdjqzvnzyno5buwu8zr.jpg,travelbharat/qrdjqzvnzyno5buwu8zr,1 Night,5 km,Fagu Campsite,Camping,April to June,₹1800 - ₹3500,Easy,false,Bonfire,Star Gazing,Sunrise Views,Nature Stay,Carry warm clothing,Book camps in advance,2026-07-19T07:24:49.217Z,,
6a5ba41bfbc925e6fcc12cef,6a4a3a32732595d33bf3afd5,Himalayan Photography Tour,Capture panoramic Himalayan vistas from Fagu's scenic viewpoints.,"Visit the best viewpoints around Fagu to photograph snow-capped peaks, rolling valleys, apple orchards, and unforgettable Himalayan sunsets.",https://res.cloudinary.com/ddjehdwgu/image/upload/v1784452025/travelbharat/j9ns1i5qcaf8davtgzxd.jpg,travelbharat/j9ns1i5qcaf8davtgzxd,2 Hours,4 km,Fagu Viewpoints,Photography,October to December,₹200 - ₹600,Easy,false,Panoramic Views,Golden Hour,Landscape Photography,Mountain Peaks,Visit during sunrise,Carry extra batteries,2026-07-19T09:07:05.836Z,,
6a5ba41bfbc925e6fcc12cec,6a4a3a32732595d33bf3afd5,Apple Orchard Walk,Stroll through scenic apple orchards surrounded by Himalayan landscapes.,Enjoy a relaxing walk across Fagu's picturesque apple orchards while learning about local horticulture and soaking in breathtaking mountain views.,https://res.cloudinary.com/ddjehdwgu/image/upload/v1784445816/travelbharat/uxko8fvpqjnbolcyhjpa.jpg,travelbharat/uxko8fvpqjnbolcyhjpa,2 Hours,2 km,Fagu Apple Orchards,Nature,July to October,₹300 - ₹700,Easy,false,Apple Orchards,Mountain Views,Photography,Local Farming,Visit during harvest season,Wear comfortable walking shoes,2026-07-19T07:23:36.799Z,,
6a5ba41bfbc925e6fcc12ced,6a4a3a32732595d33bf3afd5,Forest Nature Trail,Explore peaceful pine and cedar forests on a guided nature walk.,Walk through tranquil forest trails surrounded by deodar and pine trees while enjoying fresh mountain air and the rich biodiversity of Fagu.,https://res.cloudinary.com/ddjehdwgu/image/upload/v1784445854/travelbharat/wombyatx7iqienszsiwl.jpg,travelbharat/wombyatx7iqienszsiwl,2 Hours,3 km,Fagu Forest Trails,Nature,March to November,₹200 - ₹500,Easy,false,Forest Walk,Bird Watching,Nature Photography,Fresh Mountain Air,Carry water,Avoid littering,2026-07-19T07:24:15.478Z,,
6a5ba440fbc925e6fcc12cf2,6a4a3b84732595d33bf3afd7,Kali Tibba Trek,Hike to the famous hilltop temple overlooking the Himalayan ranges.,"Follow a scenic mountain trail to Kali Tibba Temple and enjoy breathtaking panoramic views of snow-capped peaks, dense forests, and the peaceful Chail valley.",https://res.cloudinary.com/ddjehdwgu/image/upload/v1784445979/travelbharat/luuop88ebvvzfv4ntbmf.jpg,travelbharat/luuop88ebvvzfv4ntbmf,3 Hours,4 km,Kali Tibba,Adventure,March to November,₹300 - ₹700,Moderate,false,Hilltop Temple,Forest Trail,Himalayan Views,Sunset Point,Wear trekking shoes,Carry drinking water,2026-07-19T07:26:19.167Z,,
6a5ba440fbc925e6fcc12cf1,6a4a3b84732595d33bf3afd7,Chail Palace Tour,Explore the magnificent heritage palace built by the Maharaja of Patiala.,"Step into royal history with a guided tour of the iconic Chail Palace, admired for its beautiful architecture, lush gardens, elegant interiors, and panoramic Himalayan surroundings.",https://res.cloudinary.com/ddjehdwgu/image/upload/v1784445949/travelbharat/je5xbysdgztn3qtvjh3w.jpg,travelbharat/je5xbysdgztn3qtvjh3w,2 Hours,1 km,Chail Palace,Heritage,March to June & September to November,₹200 - ₹500,Easy,false,Royal Palace,Historic Architecture,Beautiful Gardens,Photography,Visit during morning hours,Carry a camera,2026-07-19T07:25:49.335Z,,
6a5ba440fbc925e6fcc12cf3,6a4a3b84732595d33bf3afd7,Cricket Ground Visit,Visit the world's highest cricket ground surrounded by pine forests.,"Explore the historic Chail Cricket Ground, one of the highest cricket grounds in the world, offering spectacular mountain scenery and a unique sporting heritage.",https://res.cloudinary.com/ddjehdwgu/image/upload/v1784446011/travelbharat/dfoimugciikldlno6hhb.jpg,travelbharat/dfoimugciikldlno6hhb,1 Hour,2 km,Chail Cricket Ground,Heritage,Throughout the Year,₹100 - ₹300,Easy,false,World's Highest Ground,Historic Landmark,Mountain Views,Photography,Visit during daylight,Check entry timings,2026-07-19T07:26:51.569Z,,
6a5ba440fbc925e6fcc12cf4,6a4a3b84732595d33bf3afd7,Wildlife Sanctuary Safari,Discover Himalayan wildlife inside the Chail Wildlife Sanctuary.,"Take a guided safari through Chail Wildlife Sanctuary to spot deer, Himalayan birds, langurs, and other native wildlife while exploring beautiful forest landscapes.",https://res.cloudinary.com/ddjehdwgu/image/upload/v1784446046/travelbharat/dsm2pc8j5dx3dj4qol5r.jpg,travelbharat/dsm2pc8j5dx3dj4qol5r,3 Hours,6 km,Chail Wildlife Sanctuary,Wildlife,October to June,₹500 - ₹1200,Easy,false,Wildlife Safari,Bird Watching,Forest Trails,Nature Photography,Maintain silence,Carry binoculars,2026-07-19T07:27:26.970Z,,
6a5ba46dfbc925e6fcc12cf5,6a4a3bf6732595d33bf3afd9,Hatu Peak Trek,Trek to the highest peak in Narkanda for breathtaking Himalayan views.,"Embark on a scenic trek to Hatu Peak through dense pine and deodar forests, reaching one of Himachal Pradesh's finest viewpoints overlooking the snow-covered Himalayas.",https://res.cloudinary.com/ddjehdwgu/image/upload/v1784446076/travelbharat/pvcrmerhrxnnej6j2rj2.jpg,travelbharat/pvcrmerhrxnnej6j2rj2,5 Hours,7 km,Hatu Peak,Adventure,April to November,₹500 - ₹1200,Moderate,false,Hatu Peak,Forest Trek,Panoramic Views,Mountain Photography,Start early,Carry sufficient water,2026-07-19T07:27:56.153Z,,
6a5ba46dfbc925e6fcc12cf6,6a4a3bf6732595d33bf3afd9,Apple Orchard Tour,Visit traditional apple orchards and experience local mountain farming.,"Walk through lush apple orchards, meet local growers, and discover the cultivation of Himachal's famous apples while enjoying peaceful mountain surroundings.",https://res.cloudinary.com/ddjehdwgu/image/upload/v1784548246/travelbharat/jsjuyxmhwjykg3s6oaz1.jpg,travelbharat/jsjuyxmhwjykg3s6oaz1,2 Hours,2 km,Narkanda Apple Orchards,Nature,July to October,₹300 - ₹700,Easy,false,Apple Farms,Local Culture,Fresh Produce,Scenic Landscape,Visit during harvest season,Respect private orchards,2026-07-20T11:50:46.370Z,,
6a5ba46dfbc925e6fcc12cf8,6a4a3bf6732595d33bf3afd9,Sunrise Photography Tour,Capture mesmerizing Himalayan sunrise from Narkanda's scenic viewpoints.,"Visit the best sunrise viewpoints around Narkanda to photograph golden Himalayan peaks, lush valleys, and unforgettable early morning mountain landscapes.",https://res.cloudinary.com/ddjehdwgu/image/upload/v1784446199/travelbharat/dxcjjs0hps2ms7x5d2xr.jpg,travelbharat/dxcjjs0hps2ms7x5d2xr,2 Hours,4 km,Narkanda Viewpoints,Photography,October to March,₹200 - ₹500,Easy,false,Golden Sunrise,Mountain Panorama,Photography,Scenic Viewpoints,Arrive before sunrise,Carry extra camera batteries,2026-07-19T07:30:00.034Z,,
6a5ba46dfbc925e6fcc12cf7,6a4a3bf6732595d33bf3afd9,Winter Skiing Adventure,Enjoy skiing on Narkanda's popular snow-covered mountain slopes.,"Experience thrilling skiing on the beautiful slopes of Narkanda, one of Himachal Pradesh's emerging winter sports destinations suitable for beginners and experienced skiers alike.",https://res.cloudinary.com/ddjehdwgu/image/upload/v1784446157/travelbharat/yxntwifl3eijmgjy7ws4.jpg,travelbharat/yxntwifl3eijmgjy7ws4,3 Hours,3 km,Narkanda Ski Slopes,Adventure,December to February,₹1000 - ₹2500,Moderate,false,Snow Activities,Ski Equipment,Winter Adventure,Mountain Views,Wear thermal clothing,Book equipment in advance,2026-07-19T07:29:17.563Z,,
6a5ba4a3fbc925e6fcc12cfc,6a4a3c4a732595d33bf3afdc,Kayaking Experience,Paddle through calm stretches of the Sutlej River with expert guidance.,Enjoy an exciting kayaking adventure on suitable sections of the Sutlej River while taking in the beautiful valley landscapes and fresh mountain air.,https://res.cloudinary.com/ddjehdwgu/image/upload/v1784451290/travelbharat/skhfg7gcdjkobyecdraq.jpg,travelbharat/skhfg7gcdjkobyecdraq,1.5 Hours,2 km,Sutlej River,Adventure,March to June,₹800 - ₹1800,Moderate,false,Kayaking,River Adventure,Scenic Valley,Outdoor Activity,Wear quick-dry clothing,Listen to safety instructions,2026-07-19T08:54:50.202Z,,
6a5ba4a3fbc925e6fcc12cfb,6a4a3c4a732595d33bf3afdc,Riverside Camping,Spend a memorable night camping beside the Sutlej River.,"Enjoy riverside camping with bonfires, stargazing, delicious local meals, and peaceful Himalayan surroundings for a refreshing outdoor getaway.",https://res.cloudinary.com/ddjehdwgu/image/upload/v1784451192/travelbharat/cetdoirwwq6ubzptlypy.jpg,travelbharat/cetdoirwwq6ubzptlypy,1 Night,1 km,Sutlej Riverside Camps,Camping,October to May,₹1800 - ₹3500,Easy,false,Bonfire,River View,Star Gazing,Nature Stay,Carry warm clothing,Reserve your campsite early,2026-07-19T08:53:12.842Z,,
6a5ba4a3fbc925e6fcc12cf9,6a4a3c4a732595d33bf3afdc,Hot Spring Bath,Relax in Tattapani's famous natural sulfur hot water springs.,"Rejuvenate your body with a soothing dip in the naturally heated sulfur springs of Tattapani, believed to have therapeutic properties and surrounded by beautiful Himalayan scenery.",https://res.cloudinary.com/ddjehdwgu/image/upload/v1784446251/travelbharat/mq7vdo4cn2rs45eolbto.jpg,travelbharat/mq7vdo4cn2rs45eolbto,1 Hour,500 m,Tattapani Hot Springs,Wellness,October to March,₹100 - ₹300,Easy,false,Natural Hot Springs,Therapeutic Bath,River Views,Relaxing Experience,Carry an extra towel,Avoid visiting during heavy rains,2026-07-19T07:30:51.437Z,,
6a5ba4a3fbc925e6fcc12cfa,6a4a3c4a732595d33bf3afdc,Sutlej River Rafting,Experience exciting white water rafting on the Sutlej River.,Navigate thrilling rapids on the Sutlej River while enjoying breathtaking mountain landscapes. This adventure is one of the most popular outdoor activities in Tattapani.,https://res.cloudinary.com/ddjehdwgu/image/upload/v1784446293/travelbharat/u8vcru2gesdysfcbcnz2.jpg,travelbharat/u8vcru2gesdysfcbcnz2,2 Hours,2 km,Sutlej River,Adventure,March to June,₹1200 - ₹2500,Moderate,false,White Water Rafting,Adventure Sports,River Rapids,Mountain Scenery,Wear a life jacket,Follow instructor guidelines,2026-07-19T07:31:33.331Z,,
6a5ba4c4fbc925e6fcc12cfd,6a4a3cc0732595d33bf3afde,Apple Orchard Walk,Explore beautiful apple orchards nestled amidst Theog's scenic mountain landscapes.,"Take a guided walk through lush apple orchards, interact with local farmers, and learn about traditional apple cultivation while enjoying breathtaking Himalayan views.",https://res.cloudinary.com/ddjehdwgu/image/upload/v1784451324/travelbharat/yhzxkgstj462hsd9rqdy.jpg,travelbharat/yhzxkgstj462hsd9rqdy,2 Hours,2 km,Theog Apple Orchards,Nature,July to October,₹300 - ₹700,Easy,false,Apple Orchards,Local Farming,Mountain Views,Photography,Visit during harvest season,Respect private orchards,2026-07-19T08:55:24.520Z,,
6a5ba4c4fbc925e6fcc12d00,6a4a3cc0732595d33bf3afde,Village Heritage Walk,Experience traditional Himachali village life and local mountain culture.,"Walk through charming villages around Theog, interact with local residents, admire traditional wooden houses, and experience authentic Himachali hospitality and culture.",https://res.cloudinary.com/ddjehdwgu/image/upload/v1784451451/travelbharat/zshbecfoulfsm9jvtluk.jpg,travelbharat/zshbecfoulfsm9jvtluk,2 Hours,3 km,Theog Villages,Culture,Throughout the Year,₹200 - ₹600,Easy,false,Local Culture,Traditional Villages,Himachali Architecture,Cultural Experience,Respect local customs,Support local handicrafts,2026-07-19T08:57:31.586Z,,
6a5ba4c4fbc925e6fcc12cff,6a4a3cc0732595d33bf3afde,Valley View Photography,Capture stunning Himalayan valleys and rolling mountain landscapes.,"Visit Theog's scenic viewpoints to photograph snow-capped peaks, lush valleys, apple orchards, and spectacular Himalayan sunsets throughout the year.",https://res.cloudinary.com/ddjehdwgu/image/upload/v1784451398/travelbharat/xx03qogjmry9peqzzulq.jpg,travelbharat/xx03qogjmry9peqzzulq,2 Hours,4 km,Theog Viewpoints,Photography,October to December,₹200 - ₹500,Easy,false,Panoramic Views,Golden Hour,Mountain Landscapes,Photography Spots,Visit during sunrise or sunset,Carry extra camera batteries,2026-07-19T08:56:38.765Z,,
6a5ba4c4fbc925e6fcc12cfe,6a4a3cc0732595d33bf3afde,Forest Nature Hike,Hike through peaceful cedar and pine forests surrounding Theog.,Enjoy a refreshing nature hike along forest trails filled with towering deodar and pine trees while experiencing the tranquility of the Himalayan wilderness.,https://res.cloudinary.com/ddjehdwgu/image/upload/v1784451361/travelbharat/nbgwh6glxyyhreimlpsy.jpg,travelbharat/nbgwh6glxyyhreimlpsy,3 Hours,5 km,Theog Forest Trails,Adventure,March to November,₹300 - ₹800,Easy,false,Forest Trails,Fresh Mountain Air,Bird Watching,Nature Photography,Wear trekking shoes,Carry enough water,2026-07-19T08:56:01.536Z,,
6a5ba4e3fbc925e6fcc12d03,6a4a3d32732595d33bf3afe2,Rohtang Pass Excursion,Discover snow-covered landscapes and breathtaking Himalayan mountain passes.,"Take a scenic drive to Rohtang Pass and enjoy snow activities, panoramic mountain views, and unforgettable Himalayan landscapes during the open season.",https://res.cloudinary.com/ddjehdwgu/image/upload/v1784451535/travelbharat/klcinoevvkl5i6iftnwc.jpg,travelbharat/klcinoevvkl5i6iftnwc,8 Hours,51 km,Rohtang Pass,Nature,May to October,₹2000 - ₹5000,Easy,false,Snow Activities,Mountain Pass,Scenic Drive,Photography,Carry warm clothing,Book permits in advance,2026-07-19T08:58:55.807Z,,
6a5ba4e3fbc925e6fcc12d04,6a4a3d32732595d33bf3afe2,Hadimba Temple Visit,Explore Manali's iconic wooden temple surrounded by towering cedar forests.,"Visit the historic Hadimba Devi Temple, renowned for its unique wooden architecture, peaceful surroundings, and centuries-old cedar forest in the heart of Manali.",https://res.cloudinary.com/ddjehdwgu/image/upload/v1784451563/travelbharat/friejocnywobvdfq0apb.jpg,travelbharat/friejocnywobvdfq0apb,1.5 Hours,2 km,Hadimba Devi Temple,Heritage,Throughout the Year,Free,Easy,false,Ancient Temple,Cedar Forest,Wooden Architecture,Cultural Heritage,Visit early to avoid crowds,Dress respectfully,2026-07-19T08:59:23.922Z,,
6a5ba4e3fbc925e6fcc12d01,6a4a3d32732595d33bf3afe2,Solang Valley Adventure,Experience thrilling adventure sports amidst the stunning landscapes of Solang Valley.,"Enjoy an adrenaline-filled day at Solang Valley with activities like paragliding, ziplining, ATV rides, and rope adventures while admiring spectacular Himalayan scenery.",https://res.cloudinary.com/ddjehdwgu/image/upload/v1784451478/travelbharat/nsquhr1d6xjbvwzupvsu.jpg,travelbharat/nsquhr1d6xjbvwzupvsu,4 Hours,13 km,Solang Valley,Adventure,March to June & October to February,₹1000 - ₹3500,Moderate,false,Paragliding,ATV Rides,Zipline,Mountain Views,Check weather conditions,Wear comfortable clothing,2026-07-19T08:57:57.994Z,,
6a5ba4e3fbc925e6fcc12d02,6a4a3d32732595d33bf3afe2,Beas River Rafting,Navigate exciting rapids on the crystal-clear waters of the Beas River.,"Enjoy an unforgettable white-water rafting adventure on the Beas River, passing through scenic valleys and lush Himalayan landscapes with certified instructors.",https://res.cloudinary.com/ddjehdwgu/image/upload/v1784451510/travelbharat/njqgesp3lrbxoziarxlw.jpg,travelbharat/njqgesp3lrbxoziarxlw,2 Hours,5 km,Beas River,Adventure,April to June,₹1200 - ₹2500,Moderate,false,River Rafting,Adventure Sports,Scenic Valley,Professional Guides,Always wear a life jacket,Follow safety instructions,2026-07-19T08:58:30.609Z,,
6a5ba5d2fbc925e6fcc12d07,6a4a3d8c732595d33bf3afe4,Old Manali Cafe Trail,Discover charming cafés serving local and international cuisine.,"Walk through the lively lanes of Old Manali while exploring its famous cafés, enjoying local flavors, live music, artisan coffee, and the relaxed Himalayan vibe.",https://res.cloudinary.com/ddjehdwgu/image/upload/v1784451656/travelbharat/rveboegwwntfbrnc74ky.jpg,travelbharat/rveboegwwntfbrnc74ky,3 Hours,2 km,Old Manali,Food,Throughout the Year,₹500 - ₹1500,Easy,false,Popular Cafés,Local Cuisine,Live Music,Riverside Ambience,Try local trout dishes,Visit during evening hours,2026-07-19T09:00:56.575Z,,
6a5ba5d2fbc925e6fcc12d08,6a4a3d8c732595d33bf3afe4,Riverside Nature Walk,Enjoy a peaceful walk along the Beas River surrounded by mountain scenery.,"Take a relaxing stroll beside the Beas River, soaking in the fresh mountain air, scenic landscapes, pine forests, and tranquil atmosphere of Old Manali.",https://res.cloudinary.com/ddjehdwgu/image/upload/v1784451690/travelbharat/f5b6pdi6qrmwd1p0hl0y.jpg,travelbharat/f5b6pdi6qrmwd1p0hl0y,2 Hours,2 km,Beas Riverside,Nature,March to November,Free,Easy,false,Beas River,Mountain Views,Nature Walk,Photography,Carry a light jacket,Visit during sunrise for the best views,2026-07-19T09:01:29.947Z,,
6a5ba5d2fbc925e6fcc12d05,6a4a3d8c732595d33bf3afe4,Jogini Waterfall Trek,Trek through pine forests to the beautiful Jogini Waterfall near Old Manali.,"Enjoy a refreshing hike to Jogini Waterfall, passing apple orchards, traditional villages, and scenic mountain trails before reaching the cascading waterfall.",https://res.cloudinary.com/ddjehdwgu/image/upload/v1784451593/travelbharat/rbjrpfpinvdxppb3e0jz.jpg,travelbharat/rbjrpfpinvdxppb3e0jz,3 Hours,3 km,Jogini Waterfall,Adventure,March to June & September to November,Free,Easy,false,Waterfall Trek,Forest Trail,Scenic Views,Photography,Wear trekking shoes,Carry drinking water,2026-07-19T08:59:53.507Z,,
6a5ba5d2fbc925e6fcc12d06,6a4a3d8c732595d33bf3afe4,Manu Temple Visit,Visit the ancient temple dedicated to Sage Manu in Old Manali.,"Explore the historic Manu Temple, an important cultural and spiritual landmark known for its traditional Himalayan architecture and peaceful surroundings.",https://res.cloudinary.com/ddjehdwgu/image/upload/v1784451623/travelbharat/veggvnwdijbdf5zmqohf.jpg,travelbharat/veggvnwdijbdf5zmqohf,1 Hour,1 km,Manu Temple,Heritage,Throughout the Year,Free,Easy,false,Ancient Temple,Local Culture,Traditional Architecture,Peaceful Atmosphere,Dress modestly,Visit during morning hours,2026-07-19T09:00:23.310Z,,
6a5ba62ffbc925e6fcc12d0b,6a4a3e0f732595d33bf3afe6,Ropeway Cable Ride,Enjoy panoramic mountain views from Solang Valley's ropeway.,"Take a scenic cable car ride above Solang Valley and admire breathtaking Himalayan peaks, forests, and adventure parks from an elevated perspective.",https://res.cloudinary.com/ddjehdwgu/image/upload/v1784451775/travelbharat/lq6cd7bes2mbsqa4rsty.jpg,travelbharat/lq6cd7bes2mbsqa4rsty,20 Minutes,1 km,Solang Ropeway,Nature,Throughout the Year,₹650 - ₹1200,Easy,false,Cable Car,Panoramic Views,Photography,Snow Peaks,Visit on clear days,Keep your camera ready,2026-07-19T09:02:54.968Z,,
6a5ba62ffbc925e6fcc12d0a,6a4a3e0f732595d33bf3afe6,ATV Ride Experience,Ride powerful ATVs across rugged mountain trails and open meadows.,"Drive an all-terrain vehicle through exciting off-road tracks surrounded by spectacular Himalayan landscapes, making it one of Solang Valley's most popular adventure activities.",https://res.cloudinary.com/ddjehdwgu/image/upload/v1784451743/travelbharat/bv97xyyrpoqyr0u7czra.jpg,travelbharat/bv97xyyrpoqyr0u7czra,45 Minutes,2 km,Solang Valley,Adventure,Throughout the Year,₹800 - ₹1800,Easy,false,Off-road Trails,Mountain Views,Adventure Ride,Family Friendly,Follow safety instructions,Wear protective gear,2026-07-19T09:02:23.533Z,,
6a5ba62ffbc925e6fcc12d09,6a4a3e0f732595d33bf3afe6,Paragliding Adventure,Soar above the Himalayan valleys with breathtaking aerial views.,"Experience the thrill of paragliding over Solang Valley while enjoying panoramic views of snow-capped peaks, alpine meadows, and lush forests. Suitable for both beginners and adventure enthusiasts with certified instructors.",https://res.cloudinary.com/ddjehdwgu/image/upload/v1784451715/travelbharat/oumbgvkqak4qv3vhgbdr.jpg,travelbharat/oumbgvkqak4qv3vhgbdr,30 Minutes,500 m,Solang Valley Adventure Zone,Adventure,March to June & September to November,₹2500 - ₹4000,Moderate,false,Aerial Views,Certified Pilots,Mountain Adventure,Photography,Avoid windy days,Wear sports shoes,2026-07-19T09:01:56.367Z,,
6a5ba62ffbc925e6fcc12d0c,6a4a3e0f732595d33bf3afe6,Winter Snow Activities,"Enjoy skiing, snow tubing, and snowboarding during winter.","Spend an exciting day experiencing winter sports in Solang Valley, including skiing, snow tubing, snowboarding, and snow play amidst breathtaking Himalayan scenery.",https://res.cloudinary.com/ddjehdwgu/image/upload/v1784451804/travelbharat/ge8e8vjygc77ixfvewif.jpg,travelbharat/ge8e8vjygc77ixfvewif,4 Hours,1 km,Solang Snow Park,Adventure,December to February,₹1000 - ₹3000,Moderate,false,Skiing,Snowboarding,Snow Tubing,Winter Fun,Wear thermal clothing,Rent equipment locally,2026-07-19T09:03:24.211Z,,
6a5ba6affbc925e6fcc12d0f,6a4a3e7b732595d33bf3afe9,Glacier Photography Walk,Capture spectacular glaciers and snow-covered Himalayan peaks.,"Walk around designated viewpoints to photograph glaciers, rugged mountain ranges, and unforgettable alpine scenery found only at Rohtang Pass.",https://res.cloudinary.com/ddjehdwgu/image/upload/v1784451887/travelbharat/p8dbilluihmdp4qauktt.jpg,travelbharat/p8dbilluihmdp4qauktt,2 Hours,2 km,Rohtang Glacier Viewpoint,Photography,May to September,Free,Easy,false,Glacier Views,Snow Peaks,Photography,Panoramic Landscape,Carry sunglasses,Protect your camera from moisture,2026-07-19T09:04:47.565Z,,
6a5ba6affbc925e6fcc12d0d,6a4a3e7b732595d33bf3afe9,Snow Adventure Tour,Experience thrilling snow activities at the iconic Rohtang Pass.,"Enjoy an action-packed day at Rohtang Pass with snow scooter rides, sledging, skiing, and breathtaking Himalayan landscapes. This is one of the most popular high-altitude adventures near Manali.",https://res.cloudinary.com/ddjehdwgu/image/upload/v1784451832/travelbharat/qormp40z6bpakz6pmy4g.jpg,travelbharat/qormp40z6bpakz6pmy4g,5 Hours,51 km,Rohtang Pass,Adventure,May to October,₹1500 - ₹4000,Moderate,false,Snow Activities,Snow Scooter,Mountain Views,Photography,Carry warm clothing,Book permits in advance,2026-07-19T09:03:51.946Z,,
6a5ba6affbc925e6fcc12d10,6a4a3e7b732595d33bf3afe9,Mountain Biking Expedition,Ride challenging mountain roads with stunning Himalayan backdrops.,"Take on an exhilarating mountain biking expedition across rugged terrain and scenic routes leading to Rohtang Pass, ideal for experienced cycling enthusiasts.",https://res.cloudinary.com/ddjehdwgu/image/upload/v1784451928/travelbharat/tvg6iajh8l7mqqewsbrh.jpg,travelbharat/tvg6iajh8l7mqqewsbrh,4 Hours,15 km,Rohtang Mountain Trail,Adventure,June to September,₹1200 - ₹2500,Hard,false,Mountain Biking,Adventure Route,Snow Mountains,Valley Views,Wear safety gear,Check weather before riding,2026-07-19T09:05:28.762Z,,
6a5ba6affbc925e6fcc12d0e,6a4a3e7b732595d33bf3afe9,Mountain Pass Drive,Drive through one of India's most scenic high-altitude mountain roads.,"Witness dramatic Himalayan landscapes, glaciers, waterfalls, and winding mountain roads while traveling across the legendary Rohtang Pass.",https://res.cloudinary.com/ddjehdwgu/image/upload/v1784451862/travelbharat/gt7lze0yxexb3dmkn4is.jpg,travelbharat/gt7lze0yxexb3dmkn4is,6 Hours,51 km,Rohtang Pass Highway,Nature,May to October,₹1000 - ₹3000,Easy,false,Scenic Drive,Glacier Views,Waterfalls,High Altitude,Start early,Carry altitude medicine if required,2026-07-19T09:04:21.889Z,,
6a5ba6e4fbc925e6fcc12d13,6a4a3e8c732595d33bf3afeb,Alpine Meadow Trek,Trek across picturesque alpine meadows surrounded by Himalayan peaks.,"Explore Gulaba's beautiful alpine landscapes through peaceful trekking trails offering breathtaking mountain scenery, lush grasslands, and fresh Himalayan air.",https://res.cloudinary.com/ddjehdwgu/image/upload/v1784451986/travelbharat/wdc502awydrphqrkhbnk.jpg,travelbharat/wdc502awydrphqrkhbnk,3 Hours,5 km,Gulaba Meadows,Adventure,May to October,₹300 - ₹800,Moderate,false,Alpine Meadows,Mountain Trails,Nature Walk,Scenic Landscapes,Carry drinking water,Wear trekking shoes,2026-07-19T09:06:26.367Z,,
6a5ba6e4fbc925e6fcc12d14,6a4a3e8c732595d33bf3afeb,Himalayan Photography Tour,Capture breathtaking mountain panoramas and seasonal landscapes.,"Visit Gulaba's scenic viewpoints to photograph snow-covered peaks, colorful alpine meadows, dramatic valleys, and unforgettable Himalayan sunsets.",https://res.cloudinary.com/ddjehdwgu/image/upload/v1784445922/travelbharat/b54hcr0beickp1gkeihl.jpg,travelbharat/b54hcr0beickp1gkeihl,2 Hours,2 km,Gulaba Viewpoints,Photography,Throughout the Year,Free,Easy,false,Snow Peaks,Golden Hour,Panoramic Views,Landscape Photography,Visit during sunrise,Carry spare camera batteries,2026-07-19T07:25:22.636Z,,
6a5ba6e4fbc925e6fcc12d12,6a4a3e8c732595d33bf3afeb,Snow Point Excursion,Experience seasonal snow activities amidst Gulaba's spectacular Himalayan landscapes.,"Visit Gulaba Snow Point for an unforgettable mountain adventure featuring snow play, sledding, scenic viewpoints, and panoramic Himalayan vistas during the winter season.",https://res.cloudinary.com/ddjehdwgu/image/upload/v1784451958/travelbharat/w99giubkqhqmbxlme8cr.jpg,travelbharat/w99giubkqhqmbxlme8cr,4 Hours,1 km,Gulaba Snow Point,Adventure,December to April,₹500 - ₹1500,Easy,false,Snow Activities,Mountain Views,Photography,Family Friendly,Wear waterproof shoes,Carry warm clothing,2026-07-19T09:05:58.049Z,,
6a5ba6e4fbc925e6fcc12d15,6a4a3e8c732595d33bf3afeb,Forest Nature Walk,Enjoy a peaceful walk through Gulaba's pine and deodar forests.,Take a relaxing walk along scenic forest trails surrounded by towering pine and deodar trees while enjoying the tranquility and biodiversity of the Himalayan region.,https://res.cloudinary.com/ddjehdwgu/image/upload/v1784458527/travelbharat/ncg7lhgfncfnr3zcoces.jpg,travelbharat/ncg7lhgfncfnr3zcoces,2 Hours,3 km,Gulaba Forest Trails,Nature,March to November,Free,Easy,false,Forest Trails,Fresh Mountain Air,Bird Watching,Nature Photography,Avoid littering,Wear comfortable walking shoes,2026-07-19T10:55:27.706Z,,
6a5ba6f8fbc925e6fcc12d1a,6a4a3ec5732595d33bf3afed,Picnic By Beas,Spend a relaxing day beside the picturesque Beas River.,"Enjoy a peaceful picnic with family or friends near the Beas River while surrounded by lush greenery, towering mountains, and the soothing sound of flowing water.",https://res.cloudinary.com/ddjehdwgu/image/upload/v1784458651/travelbharat/bnugqhqeakbmn1q4enjj.jpg,travelbharat/bnugqhqeakbmn1q4enjj,4 Hours,1 km,"Beas Riverside, Kothi",Nature,March to June,₹200 - ₹500,Easy,false,Riverside Picnic,Scenic Landscape,Family Friendly,Relaxing Atmosphere,Carry reusable water bottles,Keep the area clean,2026-07-19T10:57:31.414Z,,
6a5ba6f8fbc925e6fcc12d17,6a4a3ec5732595d33bf3afed,Beas River View Walk,Enjoy a scenic riverside walk with breathtaking Himalayan landscapes.,"Stroll along the Beas River near Kothi while admiring dramatic mountain cliffs, lush valleys, crystal-clear waters, and peaceful surroundings that make this one of Manali's hidden gems.",https://res.cloudinary.com/ddjehdwgu/image/upload/v1784458563/travelbharat/vgnyl4ntnhzgwnaipmie.jpg,travelbharat/vgnyl4ntnhzgwnaipmie,2 Hours,2 km,"Beas River, Kothi",Nature,March to November,Free,Easy,false,River Views,Mountain Cliffs,Nature Walk,Photography,Visit during sunrise,Wear comfortable shoes,2026-07-19T10:56:03.367Z,,
6a5ba6f8fbc925e6fcc12d18,6a4a3ec5732595d33bf3afed,Mountain Photography Tour,Capture stunning Himalayan peaks and dramatic valley landscapes.,"Visit Kothi's scenic viewpoints to photograph snow-capped mountains, deep valleys, waterfalls, and the spectacular Himalayan landscape throughout the year.",https://res.cloudinary.com/ddjehdwgu/image/upload/v1784459231/travelbharat/oulrhmn7ns88oafukiiy.jpg,travelbharat/oulrhmn7ns88oafukiiy,2 Hours,3 km,Kothi Viewpoint,Photography,October to June,Free,Easy,false,Panoramic Views,Mountain Peaks,Golden Hour,Landscape Photography,Carry extra batteries,Visit on clear days,2026-07-19T11:07:10.944Z,,
6a5ba6f8fbc925e6fcc12d19,6a4a3ec5732595d33bf3afed,Valley Nature Trek,Explore peaceful trails overlooking the beautiful Kullu Valley.,Follow scenic mountain trails through forests and open landscapes while enjoying uninterrupted views of the surrounding Himalayan valleys and alpine terrain.,https://res.cloudinary.com/ddjehdwgu/image/upload/v1784458628/travelbharat/q1hcvlztznetz942un7y.jpg,travelbharat/q1hcvlztznetz942un7y,3 Hours,6 km,Kothi Valley Trails,Adventure,April to October,₹300 - ₹700,Moderate,false,Nature Trails,Valley Views,Forest Paths,Fresh Mountain Air,Carry water,Wear trekking shoes,2026-07-19T10:57:07.986Z,,
6a5ba70dfbc925e6fcc12d1d,6a4a3f10732595d33bf3afef,Hamta Valley Trek,Explore scenic Himalayan trails leading through Sethan and Hamta Valley.,"Trek across alpine meadows, pine forests, and breathtaking mountain landscapes while discovering the natural beauty surrounding Sethan and Hamta Valley.",https://res.cloudinary.com/ddjehdwgu/image/upload/v1784458706/travelbharat/hiwd7qt07h2aodlvcz6m.jpg,travelbharat/hiwd7qt07h2aodlvcz6m,6 Hours,12 km,Hamta Valley,Adventure,May to October,₹1200 - ₹3000,Moderate,false,Alpine Meadows,Mountain Trails,Valley Views,Photography,Wear trekking shoes,Carry sufficient water,2026-07-19T10:58:26.455Z,,
6a5ba70dfbc925e6fcc12d1f,6a4a3f10732595d33bf3afef,Snowshoe Hiking,Walk across pristine snow-covered Himalayan landscapes using snowshoes.,"Discover the untouched winter beauty of Sethan on a guided snowshoe hike through forests, open meadows, and spectacular mountain terrain.",https://res.cloudinary.com/ddjehdwgu/image/upload/v1784458760/travelbharat/aikyvrftmjyu8y2rnnzq.jpg,travelbharat/aikyvrftmjyu8y2rnnzq,3 Hours,4 km,Sethan Snow Trails,Adventure,December to March,₹1500 - ₹3000,Moderate,false,Snowshoe Trek,Winter Landscape,Forest Trails,Panoramic Views,Use waterproof boots,Follow your guide,2026-07-19T10:59:19.821Z,,
6a5ba70dfbc925e6fcc12d1e,6a4a3f10732595d33bf3afef,Stargazing Night Camp,Witness spectacular star-filled skies far from city lights.,Enjoy an unforgettable stargazing session from Sethan's high-altitude landscapes where clear skies offer incredible views of the Milky Way and constellations.,https://res.cloudinary.com/ddjehdwgu/image/upload/v1784458730/travelbharat/zllubsfkkdqkpiem7dwy.jpg,travelbharat/zllubsfkkdqkpiem7dwy,3 Hours,500 m,Sethan Campsite,Nature,October to March,₹1000 - ₹2500,Easy,false,Milky Way,Night Photography,Peaceful Campsite,Mountain Views,Carry a tripod,Dress warmly,2026-07-19T10:58:50.713Z,,
6a5ba70dfbc925e6fcc12d1c,6a4a3f10732595d33bf3afef,Igloo Stay Experience,Experience a unique overnight stay in traditional snow igloos during winter.,"Spend an unforgettable night in handcrafted snow igloos at Sethan while enjoying mesmerizing Himalayan views, warm local hospitality, and a once-in-a-lifetime alpine experience.",https://res.cloudinary.com/ddjehdwgu/image/upload/v1784458681/travelbharat/kh6mb0gbb12i3n3ufuyo.jpg,travelbharat/kh6mb0gbb12i3n3ufuyo,1 Night,1 km,Sethan Village,Adventure,December to February,₹3500 - ₹7000,Easy,false,Snow Igloos,Winter Camping,Himalayan Views,Unique Stay,Book well in advance,Carry thermal clothing,2026-07-19T10:58:01.100Z,,
6a5ba71afbc925e6fcc12d22,6a4a3f9a732595d33bf3aff1,Great Himalayan Trek,Explore beautiful Himalayan trails through forests and valleys.,"Discover Kullu's spectacular mountain landscapes on guided trekking routes passing through pine forests, alpine meadows, traditional villages, and panoramic viewpoints.",https://res.cloudinary.com/ddjehdwgu/image/upload/v1784458819/travelbharat/fboasuww53gf6y8kjnvh.jpg,travelbharat/fboasuww53gf6y8kjnvh,6 Hours,10 km,Kullu Valley Trails,Adventure,March to November,₹800 - ₹2000,Moderate,false,Forest Trails,Valley Views,Alpine Meadows,Nature Walk,Carry sufficient water,Wear trekking shoes,2026-07-19T11:00:19.430Z,,
6a5ba71afbc925e6fcc12d24,6a4a3f9a732595d33bf3aff1,Apple Orchard Tour,Visit traditional apple orchards and experience local farming culture.,"Walk through lush apple orchards, meet local growers, and learn about Himachal Pradesh's famous apple cultivation while enjoying scenic Himalayan surroundings.",https://res.cloudinary.com/ddjehdwgu/image/upload/v1784446108/travelbharat/ih4ma4bwat0yxxdrfgzg.jpg,travelbharat/ih4ma4bwat0yxxdrfgzg,2 Hours,3 km,Kullu Apple Orchards,Nature,July to October,₹300 - ₹700,Easy,false,Apple Farms,Local Culture,Fresh Produce,Mountain Views,Visit during harvest season,Respect private orchards,2026-07-19T07:28:28.225Z,,
6a5ba71afbc925e6fcc12d21,6a4a3f9a732595d33bf3aff1,Beas River Rafting,Experience thrilling white-water rafting on the scenic Beas River.,"Navigate exciting rapids on the Beas River while enjoying breathtaking mountain scenery, making it one of Kullu's most popular adventure activities for thrill seekers.",https://res.cloudinary.com/ddjehdwgu/image/upload/v1784458795/travelbharat/hwlpd1wxpaijta3ayngn.jpg,travelbharat/hwlpd1wxpaijta3ayngn,2 Hours,5 km,"Beas River, Kullu",Adventure,April to June,₹1200 - ₹2500,Moderate,false,White Water Rafting,Professional Guides,River Rapids,Scenic Valley,Wear a life jacket,Follow guide instructions,2026-07-19T10:59:55.613Z,,
6a5ba71afbc925e6fcc12d23,6a4a3f9a732595d33bf3aff1,Paragliding Experience,Fly above the beautiful Kullu Valley with certified instructors.,"Soar high above lush valleys, apple orchards, and Himalayan peaks while enjoying one of the most exciting aerial adventures in Kullu.",https://res.cloudinary.com/ddjehdwgu/image/upload/v1784458844/travelbharat/a8slmj6lngefyx709svo.jpg,travelbharat/a8slmj6lngefyx709svo,30 Minutes,8 km,"Dobhi, Kullu Valley",Adventure,March to June & September to November,₹2500 - ₹4000,Moderate,false,Bird's-eye Views,Certified Pilots,Valley Panorama,Adventure Flight,Avoid windy weather,Wear comfortable clothing,2026-07-19T11:00:44.609Z,,
6a5ba73afbc925e6fcc12d26,6a4a3fed732595d33bf3aff3,Naggar Castle Tour,Explore the historic hilltop castle overlooking the beautiful Kullu Valley.,"Visit the iconic Naggar Castle to admire its traditional Himachali architecture, royal heritage, wooden craftsmanship, and breathtaking panoramic views of the surrounding Himalayan mountains.",https://res.cloudinary.com/ddjehdwgu/image/upload/v1784458907/travelbharat/jjriuplawpork6r7x4va.jpg,travelbharat/jjriuplawpork6r7x4va,2 Hours,500 m,Naggar Castle,Heritage,Throughout the Year,₹100 - ₹300,Easy,false,Historic Castle,Wooden Architecture,Valley Views,Photography,Visit during morning hours,Carry a camera,2026-07-19T11:01:47.066Z,,
6a5ba73afbc925e6fcc12d27,6a4a3fed732595d33bf3aff3,Nicholas Roerich Museum Visit,Discover the life and artworks of renowned painter Nicholas Roerich.,"Explore the famous Roerich Art Gallery showcasing remarkable Himalayan paintings, historic artifacts, and the residence of the celebrated Russian artist.",https://res.cloudinary.com/ddjehdwgu/image/upload/v1784458931/travelbharat/wdil6wdtb3ir3bhfyyix.jpg,travelbharat/wdil6wdtb3ir3bhfyyix,2 Hours,1 km,Nicholas Roerich Art Gallery,Culture,March to November,₹50 - ₹200,Easy,false,Art Gallery,Historic Residence,Himalayan Paintings,Cultural Heritage,Maintain silence inside galleries,Check museum timings,2026-07-19T11:02:11.489Z,,
6a5ba73afbc925e6fcc12d28,6a4a3fed732595d33bf3aff3,Village Heritage Walk,Experience the traditional charm of Naggar's Himalayan village.,"Walk through narrow village lanes, admire ancient wooden homes, interact with local residents, and experience the authentic culture and lifestyle of Himachal Pradesh.",https://res.cloudinary.com/ddjehdwgu/image/upload/v1784459014/travelbharat/g4opxbe2mtvgegamrzij.jpg,travelbharat/g4opxbe2mtvgegamrzij,2 Hours,2 km,Naggar Village,Culture,Throughout the Year,Free,Easy,false,Traditional Village,Local Culture,Wooden Houses,Mountain Views,Respect local customs,Support local handicrafts,2026-07-19T11:03:34.930Z,,
6a5ba73afbc925e6fcc12d29,6a4a3fed732595d33bf3aff3,Forest Nature Trek,Trek through peaceful pine forests with stunning Himalayan scenery.,"Explore scenic forest trails around Naggar while enjoying fresh mountain air, rich biodiversity, panoramic valley views, and peaceful Himalayan landscapes.",https://res.cloudinary.com/ddjehdwgu/image/upload/v1784459038/travelbharat/mgdvwx1yy257iw0utuih.jpg,travelbharat/mgdvwx1yy257iw0utuih,4 Hours,6 km,Naggar Forest Trails,Adventure,April to November,₹300 - ₹800,Moderate,false,Forest Trails,Valley Panorama,Nature Walk,Bird Watching,Wear trekking shoes,Carry sufficient water,2026-07-19T11:03:57.811Z,,
6a5ba751fbc925e6fcc12d2c,6a4a4064732595d33bf3aff5,Parvati Valley Camping,Camp amidst the breathtaking landscapes of Parvati Valley near Tosh.,"Spend a peaceful night camping under the stars surrounded by towering mountains, pine forests, and the soothing sounds of the Parvati River.",https://res.cloudinary.com/ddjehdwgu/image/upload/v1784459087/travelbharat/xbhh9fsjvxfhjcxwyexj.jpg,travelbharat/xbhh9fsjvxfhjcxwyexj,1 Night,2 km,Parvati Valley,Camping,March to June & September to November,₹1500 - ₹3500,Easy,false,Mountain Camping,Bonfire,Star Gazing,River Views,Carry warm clothing,Book campsites in advance,2026-07-19T11:04:47.716Z,,
6a5ba751fbc925e6fcc12d2b,6a4a4064732595d33bf3aff5,Tosh Village Trek,Trek through scenic Himalayan trails to the picturesque village of Tosh.,"Enjoy a rewarding trek through lush forests, wooden bridges, and mountain paths leading to Tosh, where breathtaking views and traditional Himachali culture await.",https://res.cloudinary.com/ddjehdwgu/image/upload/v1784459060/travelbharat/craxoiwdqlvf7afo6fr6.jpg,travelbharat/craxoiwdqlvf7afo6fr6,4 Hours,4 km,Tosh Village,Adventure,April to November,₹300 - ₹800,Moderate,false,Village Trek,Mountain Views,Forest Trails,Photography,Wear trekking shoes,Carry sufficient water,2026-07-19T11:04:20.795Z,,
6a5ba751fbc925e6fcc12d2d,6a4a4064732595d33bf3aff5,Parvati Riverside Walk,Enjoy a peaceful walk beside the crystal-clear Parvati River.,"Take a relaxing riverside walk through scenic Himalayan landscapes while enjoying fresh mountain air, lush greenery, and spectacular valley views.",https://res.cloudinary.com/ddjehdwgu/image/upload/v1784459112/travelbharat/sd3xspefs0eoydts4znk.jpg,travelbharat/sd3xspefs0eoydts4znk,2 Hours,2 km,Parvati River,Nature,Throughout the Year,Free,Easy,false,River Walk,Mountain Landscape,Nature Photography,Peaceful Atmosphere,Stay on marked trails,Avoid slippery rocks,2026-07-19T11:05:12.970Z,,
6a5ba751fbc925e6fcc12d2e,6a4a4064732595d33bf3aff5,Himalayan Cafe Trail,Explore Tosh's cozy mountain cafés with stunning valley views.,"Visit charming cafés overlooking Parvati Valley where you can enjoy local dishes, fresh coffee, live music, and the laid-back Himalayan atmosphere.",https://res.cloudinary.com/ddjehdwgu/image/upload/v1784459133/travelbharat/e9f1skxf5djftjm4jl8m.jpg,travelbharat/e9f1skxf5djftjm4jl8m,3 Hours,1 km,Tosh Village,Food,Throughout the Year,₹400 - ₹1200,Easy,false,Mountain Cafés,Local Cuisine,Valley Views,Relaxing Ambience,Try local Himachali dishes,Visit during sunset,2026-07-19T11:05:33.766Z,,
6a5ba7e7fbc925e6fcc12d31,6a4a40d3732595d33bf3aff7,Chanderkhani Pass Trek,Experience spectacular Himalayan views on the famous mountain pass trek.,"Trek towards Chanderkhani Pass through alpine meadows, dense forests, and panoramic ridgelines while enjoying one of the most scenic trekking routes in Kullu.",https://res.cloudinary.com/ddjehdwgu/image/upload/v1784459178/travelbharat/fg9r3rvxwftamdiuz6ab.jpg,travelbharat/fg9r3rvxwftamdiuz6ab,8 Hours,14 km,Chanderkhani Pass Trail,Adventure,May to October,₹1500 - ₹3500,Hard,false,Mountain Pass,Alpine Meadows,Snow Peaks,Panoramic Views,Hire a local guide,Carry enough water and snacks,2026-07-19T11:06:18.102Z,,
6a5ba7e7fbc925e6fcc12d30,6a4a40d3732595d33bf3aff7,Malana Village Trek,Trek to the ancient Himalayan village known for its unique traditions.,"Embark on a scenic trek through pine forests and mountain trails to reach the legendary village of Malana, famous for its ancient culture, breathtaking landscapes, and remote Himalayan setting.",https://res.cloudinary.com/ddjehdwgu/image/upload/v1784459158/travelbharat/htdai2aji5uol6gke8tg.jpg,travelbharat/htdai2aji5uol6gke8tg,5 Hours,8 km,Malana Village,Adventure,April to October,₹500 - ₹1200,Moderate,false,Ancient Village,Mountain Trek,Scenic Trails,Cultural Experience,Stay on marked trails,Respect local customs,2026-07-19T11:05:57.946Z,,
6a5ba7e7fbc925e6fcc12d32,6a4a40d3732595d33bf3aff7,Himalayan Nature Walk,Explore peaceful forest trails surrounding the Malana Valley.,"Take a leisurely walk through cedar forests, mountain streams, and scenic Himalayan landscapes while enjoying the pristine natural beauty around Malana.",https://res.cloudinary.com/ddjehdwgu/image/upload/v1784459201/travelbharat/juwhvddsxrrmgmytau8e.jpg,travelbharat/juwhvddsxrrmgmytau8e,2 Hours,3 km,Malana Forest Trails,Nature,March to November,Free,Easy,false,Forest Trails,Mountain Views,Fresh Air,Nature Photography,Wear comfortable hiking shoes,Do not litter,2026-07-19T11:06:40.964Z,,
6a5ba7e7fbc925e6fcc12d33,6a4a40d3732595d33bf3aff7,Mountain Photography Tour,Capture breathtaking Himalayan landscapes around Malana Valley.,"Visit scenic viewpoints around Malana to photograph dramatic mountain ranges, traditional wooden houses, deep valleys, and unforgettable Himalayan sunsets.",https://res.cloudinary.com/ddjehdwgu/image/upload/v1784461267/travelbharat/cp1jfvyxtghbkugcwmwt.jpg,travelbharat/cp1jfvyxtghbkugcwmwt,2 Hours,2 km,Malana Viewpoints,Photography,September to November,Free,Easy,false,Sunset Views,Traditional Village,Mountain Panorama,Landscape Photography,Visit during golden hour,Carry extra batteries,2026-07-19T11:41:07.005Z,,
6a5ba845fbc925e6fcc12d35,6a4a41ce732595d33bf3aff9,Rasol Village Trek,Trek to the secluded Himalayan village of Rasol through scenic forest trails.,"Embark on a rewarding trek from Kasol to Rasol Village, passing through dense pine forests, mountain streams, and breathtaking Himalayan landscapes before reaching this peaceful traditional village.",https://res.cloudinary.com/ddjehdwgu/image/upload/v1784459256/travelbharat/xrhcqlonjlm249vfumn1.jpg,travelbharat/xrhcqlonjlm249vfumn1,5 Hours,8 km,Rasol Village,Adventure,April to November,₹500 - ₹1200,Moderate,false,Village Trek,Forest Trails,Mountain Views,Traditional Lifestyle,Wear trekking shoes,Carry enough drinking water,2026-07-19T11:07:36.551Z,,
6a5ba845fbc925e6fcc12d38,6a4a41ce732595d33bf3aff9,Valley Photography Tour,Capture stunning Himalayan landscapes from Rasol's scenic viewpoints.,"Photograph dramatic mountain peaks, lush valleys, traditional wooden houses, and unforgettable Himalayan sunsets from the best viewpoints around Rasol Village.",https://res.cloudinary.com/ddjehdwgu/image/upload/v1784459340/travelbharat/ol753wj6atuhvza9ccvb.jpg,travelbharat/ol753wj6atuhvza9ccvb,2 Hours,2 km,Rasol Viewpoints,Photography,September to November,Free,Easy,false,Panoramic Views,Golden Hour,Mountain Photography,Traditional Village,Visit during sunrise or sunset,Carry spare camera batteries,2026-07-19T11:09:00.932Z,,
6a5ba845fbc925e6fcc12d36,6a4a41ce732595d33bf3aff9,Parvati Valley Camping,Camp amidst the pristine beauty of the Parvati Valley near Rasol.,"Spend a memorable night surrounded by snow-capped peaks, dense forests, and star-filled skies while enjoying a peaceful camping experience in the Himalayas.",https://res.cloudinary.com/ddjehdwgu/image/upload/v1784459279/travelbharat/wgpec7mqqkbkvewkx413.jpg,travelbharat/wgpec7mqqkbkvewkx413,1 Night,2 km,Rasol Campsite,Camping,March to June & September to November,₹1800 - ₹3500,Easy,false,Bonfire,Star Gazing,Mountain Camping,Nature Escape,Carry warm clothing,Reserve camps in advance,2026-07-19T11:07:59.224Z,,
6a5ba845fbc925e6fcc12d37,6a4a41ce732595d33bf3aff9,Forest Nature Walk,Explore peaceful Himalayan forests rich in natural beauty and wildlife.,"Walk through scenic pine and deodar forests around Rasol while enjoying fresh mountain air, birdsong, and spectacular views of the surrounding Himalayan valleys.",https://res.cloudinary.com/ddjehdwgu/image/upload/v1784459313/travelbharat/sxmcxy4otcuzoixs6zgn.jpg,travelbharat/sxmcxy4otcuzoixs6zgn,2 Hours,3 km,Rasol Forest Trails,Nature,March to November,Free,Easy,false,Forest Trails,Bird Watching,Mountain Views,Nature Photography,Stay on marked trails,Avoid disturbing wildlife,2026-07-19T11:08:33.138Z,,
6a5ba930fbc925e6fcc12d3c,6a4a4257732595d33bf3affb,Riverside Camping,Camp beside mountain streams under the Himalayan night sky.,"Spend a peaceful night camping near Pulga with bonfires, stargazing, fresh mountain air, and unforgettable Himalayan scenery.",https://res.cloudinary.com/ddjehdwgu/image/upload/v1784459422/travelbharat/luepq7ogamkyrdym3th8.jpg,travelbharat/luepq7ogamkyrdym3th8,1 Night,2 km,Pulga Campsite,Camping,March to June & September to November,₹1800 - ₹3500,Easy,false,Bonfire,Star Gazing,Mountain Camping,Nature Escape,Carry warm clothing,Reserve camps in advance,2026-07-19T11:10:21.912Z,,
6a5ba930fbc925e6fcc12d3d,6a4a4257732595d33bf3affb,Himalayan Bird Watching,Observe colorful Himalayan birds in Pulga's peaceful forests.,Discover a variety of Himalayan bird species while exploring Pulga's dense forests and tranquil natural surroundings with experienced local guides.,https://res.cloudinary.com/ddjehdwgu/image/upload/v1784459445/travelbharat/swc2u8impvi3fjkt59po.jpg,travelbharat/swc2u8impvi3fjkt59po,2 Hours,2 km,Pulga Forest,Nature,April to October,₹300 - ₹700,Easy,false,Bird Watching,Forest Trails,Wildlife,Photography,Carry binoculars,Maintain silence,2026-07-19T11:10:44.996Z,,
6a5ba930fbc925e6fcc12d3a,6a4a4257732595d33bf3affb,Pulga Forest Trek,Trek through enchanting pine forests surrounding the peaceful village of Pulga.,"Explore scenic Himalayan trails leading through dense deodar forests, wooden bridges, and breathtaking mountain landscapes while discovering the tranquil beauty of Pulga.",https://res.cloudinary.com/ddjehdwgu/image/upload/v1784459363/travelbharat/qv1ifsmr7xknqiyqhfyp.jpg,travelbharat/qv1ifsmr7xknqiyqhfyp,4 Hours,5 km,Pulga Forest Trail,Adventure,April to November,₹300 - ₹800,Moderate,false,Forest Trek,Pine Trees,Mountain Views,Nature Photography,Wear trekking shoes,Carry sufficient water,2026-07-19T11:09:23.529Z,,
6a5ba930fbc925e6fcc12d3b,6a4a4257732595d33bf3affb,Parvati Valley Walk,Enjoy a peaceful nature walk through the scenic Parvati Valley.,"Take a relaxing walk amidst lush greenery, mountain streams, and panoramic Himalayan landscapes while experiencing the untouched charm of Pulga.",https://res.cloudinary.com/ddjehdwgu/image/upload/v1784459388/travelbharat/oodx4jrgn02fpzuyuvfu.jpg,travelbharat/oodx4jrgn02fpzuyuvfu,2 Hours,3 km,Parvati Valley,Nature,March to November,Free,Easy,false,Valley Views,Nature Walk,Mountain Air,Photography,Stay on marked trails,Avoid littering,2026-07-19T11:09:48.098Z,,
6a5ba95efbc925e6fcc12d41,6a4a4324732595d33bf3affd,Riverside Camping,Camp amidst pristine Himalayan landscapes near Tulga.,"Spend a memorable night camping under the stars beside mountain streams while enjoying bonfires, peaceful surroundings, and breathtaking Himalayan scenery.",https://res.cloudinary.com/ddjehdwgu/image/upload/v1784459532/travelbharat/vjqitcnxxf8swwuupu07.jpg,travelbharat/vjqitcnxxf8swwuupu07,1 Night,2 km,Tulga Campsite,Camping,March to June & September to November,₹1800 - ₹3500,Easy,false,Bonfire,Star Gazing,Mountain Camping,Nature Escape,Carry warm clothing,Book campsites early,2026-07-19T11:12:12.492Z,,
6a5ba95efbc925e6fcc12d42,6a4a4324732595d33bf3affd,Valley Photography Tour,Capture stunning Himalayan landscapes surrounding Tulga Village.,"Visit scenic viewpoints around Tulga to photograph lush valleys, wooden houses, dense forests, and magnificent Himalayan mountain ranges throughout the year.",https://res.cloudinary.com/ddjehdwgu/image/upload/v1784459562/travelbharat/iua1zywfdde7zxlt3foz.jpg,travelbharat/iua1zywfdde7zxlt3foz,2 Hours,2 km,Tulga Viewpoints,Photography,September to November,Free,Easy,false,Panoramic Views,Village Landscape,Golden Hour,Mountain Photography,Visit during sunrise,Carry spare camera batteries,2026-07-19T11:12:41.996Z,,
6a5ba95efbc925e6fcc12d3f,6a4a4324732595d33bf3affd,Tulga Village Trek,Trek through scenic Himalayan forests to the peaceful village of Tulga.,"Enjoy a picturesque trek through pine forests, wooden bridges, and mountain trails leading to Tulga, a tranquil Himalayan village known for its natural beauty and traditional charm.",https://res.cloudinary.com/ddjehdwgu/image/upload/v1784459466/travelbharat/baudoedise86fehkvolc.jpg,travelbharat/baudoedise86fehkvolc,4 Hours,5 km,Tulga Village,Adventure,April to November,₹300 - ₹800,Moderate,false,Village Trek,Forest Trails,Mountain Views,Photography,Wear trekking shoes,Carry enough drinking water,2026-07-19T11:11:07.077Z,,
6a5ba95efbc925e6fcc12d40,6a4a4324732595d33bf3affd,Parvati Forest Walk,Explore peaceful cedar and pine forests around Tulga.,"Take a relaxing walk through dense Himalayan forests while enjoying fresh mountain air, birdsong, and spectacular views of the surrounding Parvati Valley.",https://res.cloudinary.com/ddjehdwgu/image/upload/v1784459490/travelbharat/oaqbstqrd83dg4b9vj2y.jpg,travelbharat/oaqbstqrd83dg4b9vj2y,2 Hours,3 km,Tulga Forest,Nature,March to November,Free,Easy,false,Forest Trails,Nature Walk,Bird Watching,Mountain Scenery,Stay on marked trails,Carry a camera,2026-07-19T11:11:30.417Z,,
6a5ba981fbc925e6fcc12d45,6a4a44cc732595d33bf3b00b,Tea Garden Walk,Stroll through Dharamshala's lush Himalayan tea estates.,Walk across picturesque tea plantations while learning about traditional tea cultivation and enjoying panoramic views of the Dhauladhar mountain range.,https://res.cloudinary.com/ddjehdwgu/image/upload/v1784459616/travelbharat/jzhwvj5r46jyonffut4n.jpg,travelbharat/jzhwvj5r46jyonffut4n,2 Hours,3 km,Dharamshala Tea Gardens,Nature,March to November,₹100 - ₹300,Easy,false,Tea Estates,Mountain Views,Nature Walk,Photography,Visit during morning hours,Carry comfortable walking shoes,2026-07-19T11:13:36.065Z,,
6a5ba981fbc925e6fcc12d46,6a4a44cc732595d33bf3b00b,Tibetan Market Tour,Explore vibrant markets filled with Tibetan handicrafts and souvenirs.,"Browse colorful Tibetan markets offering handcrafted artifacts, prayer flags, woolen products, jewelry, and authentic local street food.",https://res.cloudinary.com/ddjehdwgu/image/upload/v1784459636/travelbharat/w4m5kh02nqjnrxkqii2t.jpg,travelbharat/w4m5kh02nqjnrxkqii2t,2 Hours,1 km,Main Tibetan Market,Shopping,Throughout the Year,₹200 - ₹1500,Easy,false,Handicrafts,Local Souvenirs,Street Food,Tibetan Culture,Carry cash,Support local artisans,2026-07-19T11:13:56.727Z,,
6a5ba981fbc925e6fcc12d47,6a4a44cc732595d33bf3b00b,Dhauladhar View Hike,Hike to scenic viewpoints overlooking the majestic Dhauladhar Range.,Enjoy a refreshing hike through forest trails leading to panoramic viewpoints offering spectacular vistas of the snow-covered Dhauladhar mountains.,https://res.cloudinary.com/ddjehdwgu/image/upload/v1784459673/travelbharat/ybo4xvppuraujp4pukqi.jpg,travelbharat/ybo4xvppuraujp4pukqi,4 Hours,6 km,Dharamshala Hills,Adventure,March to June & September to November,₹300 - ₹800,Moderate,false,Mountain Trek,Forest Trails,Panoramic Views,Photography,Carry water,Wear trekking shoes,2026-07-19T11:14:33.006Z,,
6a5ba981fbc925e6fcc12d44,6a4a44cc732595d33bf3b00b,Dalai Lama Temple Visit,Experience peace and spirituality at Dharamshala's famous Buddhist temple.,"Visit the serene Dalai Lama Temple Complex to witness Buddhist prayers, spinning prayer wheels, beautiful murals, and the tranquil atmosphere of Tibetan culture.",https://res.cloudinary.com/ddjehdwgu/image/upload/v1784459588/travelbharat/svqvwgw5ftohsgt9dtpj.jpg,travelbharat/svqvwgw5ftohsgt9dtpj,2 Hours,2 km,Tsuglagkhang Complex,Spiritual,Throughout the Year,Free,Easy,false,Buddhist Monastery,Prayer Wheels,Meditation,Tibetan Culture,Maintain silence,Dress respectfully,2026-07-19T11:13:08.553Z,,
6a5ba9a5fbc925e6fcc12d49,6a4a4528732595d33bf3b00d,Namgyal Monastery Visit,Experience Tibetan spirituality at the residence monastery of the Dalai Lama.,"Visit the famous Namgyal Monastery to witness Buddhist rituals, prayer chants, colorful murals, and peaceful meditation spaces while learning about Tibetan Buddhist traditions.",https://res.cloudinary.com/ddjehdwgu/image/upload/v1784459693/travelbharat/fng1qgzo3ki7sfbas1r8.jpg,travelbharat/fng1qgzo3ki7sfbas1r8,2 Hours,1 km,Namgyal Monastery,Spiritual,Throughout the Year,Free,Easy,false,Buddhist Monastery,Prayer Hall,Meditation,Tibetan Culture,Maintain silence,Dress modestly,2026-07-19T11:14:52.914Z,,
6a5ba9a5fbc925e6fcc12d4c,6a4a4528732595d33bf3b00d,Triund Base Hike,Begin a scenic hike towards the famous Triund ridge.,Enjoy a rewarding hike from McLeod Ganj through oak and rhododendron forests while admiring panoramic views of the Dhauladhar Range and Kangra Valley.,https://res.cloudinary.com/ddjehdwgu/image/upload/v1784461185/travelbharat/mvfigb34chfvxmcy5zgb.jpg,travelbharat/mvfigb34chfvxmcy5zgb,5 Hours,8 km,Triund Trail,Adventure,March to June & September to November,Free,Moderate,false,Mountain Trek,Forest Trail,Dhauladhar Views,Panoramic Landscapes,Start early in the morning,Carry sufficient water,2026-07-19T11:39:44.947Z,,
6a5ba9a5fbc925e6fcc12d4b,6a4a4528732595d33bf3b00d,Tibetan Cafe Trail,Discover cozy cafés serving authentic Tibetan cuisine and coffee.,"Explore McLeod Ganj's vibrant café culture while tasting momos, thukpa, butter tea, artisan coffee, and enjoying spectacular Himalayan views.",https://res.cloudinary.com/ddjehdwgu/image/upload/v1784459745/travelbharat/vosqa1fgtzprq3gfhodj.jpg,travelbharat/vosqa1fgtzprq3gfhodj,3 Hours,2 km,McLeod Ganj Market,Food,Throughout the Year,₹300 - ₹1200,Easy,false,Tibetan Cuisine,Mountain Cafés,Local Food,Relaxing Ambience,Try authentic thukpa,Visit during evening hours,2026-07-19T11:15:45.430Z,,
6a5ba9a5fbc925e6fcc12d4a,6a4a4528732595d33bf3b00d,Bhagsu Waterfall Trek,Take a scenic trek to the beautiful Bhagsu Waterfall.,"Follow a picturesque trail through cafés, forests, and mountain paths to reach the refreshing Bhagsu Waterfall, one of McLeod Ganj's most popular attractions.",https://res.cloudinary.com/ddjehdwgu/image/upload/v1784459720/travelbharat/pjv15gy7ksmgk6di4g7g.jpg,travelbharat/pjv15gy7ksmgk6di4g7g,3 Hours,3 km,Bhagsu Waterfall,Adventure,March to November,Free,Easy,false,Waterfall Trek,Mountain Views,Forest Trail,Photography,Wear non-slip shoes,Visit early to avoid crowds,2026-07-19T11:15:20.329Z,,
6a5ba9c0fbc925e6fcc12d50,6a4a4570732595d33bf3b00f,Mountain Photography Tour,Capture panoramic Himalayan landscapes from Naddi's famous viewpoints.,"Visit Naddi's scenic viewpoints to photograph snow-covered peaks, lush valleys, dramatic sunsets, and the magnificent Dhauladhar mountain range.",https://res.cloudinary.com/ddjehdwgu/image/upload/v1784458599/travelbharat/l2tizddgih6a0oqb6scf.jpg,travelbharat/l2tizddgih6a0oqb6scf,2 Hours,2 km,Naddi View Point,Photography,September to November,Free,Easy,false,Panoramic Views,Golden Hour,Mountain Photography,Landscape Shots,Visit during sunset,Carry spare batteries,2026-07-19T10:56:39.838Z,,
6a5ba9c0fbc925e6fcc12d4f,6a4a4570732595d33bf3b00f,Dal Lake Nature Walk,Enjoy a refreshing walk around the scenic Dal Lake surrounded by cedar forests.,"Take a peaceful stroll around Dal Lake near Naddi while admiring tranquil waters, towering deodar trees, and beautiful Himalayan landscapes.",https://res.cloudinary.com/ddjehdwgu/image/upload/v1784461234/travelbharat/zyj9glpgj6ema7zlby2m.jpg,travelbharat/zyj9glpgj6ema7zlby2m,2 Hours,2 km,Dal Lake,Nature,March to November,Free,Easy,false,Dal Lake,Forest Walk,Mountain Views,Bird Watching,Wear comfortable shoes,Keep the surroundings clean,2026-07-19T11:40:35.508Z,,
6a5ba9c0fbc925e6fcc12d51,6a4a4570732595d33bf3b00f,Forest Trail Hike,Explore tranquil Himalayan forest trails near Naddi Village.,"Hike through dense cedar forests and peaceful mountain trails while enjoying fresh Himalayan air, diverse birdlife, and spectacular valley views.",https://res.cloudinary.com/ddjehdwgu/image/upload/v1784461291/travelbharat/h4c4joqep0unvoxtiegw.jpg,travelbharat/h4c4joqep0unvoxtiegw,3 Hours,5 km,Naddi Forest Trail,Adventure,March to June & September to November,₹300 - ₹800,Moderate,false,Forest Trek,Nature Trails,Mountain Views,Fresh Air,Carry drinking water,Wear trekking shoes,2026-07-19T11:41:30.975Z,,
6a5ba9c0fbc925e6fcc12d4e,6a4a4570732595d33bf3b00f,Naddi Sunrise View,Witness a spectacular sunrise over the majestic Dhauladhar Range.,Start your day at Naddi View Point with breathtaking sunrise views over the snow-capped Dhauladhar mountains while enjoying the peaceful Himalayan atmosphere.,https://res.cloudinary.com/ddjehdwgu/image/upload/v1784461210/travelbharat/h15jxjeyerlkwl0isb8n.jpg,travelbharat/h15jxjeyerlkwl0isb8n,1.5 Hours,1 km,Naddi View Point,Nature,October to April,Free,Easy,false,Sunrise Views,Dhauladhar Range,Photography,Peaceful Atmosphere,Arrive before sunrise,Carry a light jacket,2026-07-19T11:40:11.091Z,,
6a5ba9dffbc925e6fcc12d56,6a4a45b4732595d33bf3b011,Triund Trail Trek,Begin the famous Triund trek from Dharamkot Village.,Follow one of Himachal Pradesh's most scenic trekking routes through forests and mountain ridges while enjoying breathtaking views of the Dhauladhar Range.,https://res.cloudinary.com/ddjehdwgu/image/upload/v1784461395/travelbharat/zheqzbqvpo1tg6vskhem.jpg,travelbharat/zheqzbqvpo1tg6vskhem,6 Hours,9 km,Triund Trek Route,Adventure,March to June & September to November,Free,Moderate,false,Triund Trek,Mountain Trails,Dhauladhar Views,Forest Path,Start early,Carry enough water and snacks,2026-07-19T11:43:14.871Z,,
6a5ba9dffbc925e6fcc12d53,6a4a45b4732595d33bf3b011,Dharamkot Forest Trek,Explore peaceful cedar forests and scenic Himalayan trails around Dharamkot.,"Enjoy a refreshing trek through dense deodar forests, mountain paths, and picturesque viewpoints while experiencing the tranquil beauty of Dharamkot.",https://res.cloudinary.com/ddjehdwgu/image/upload/v1784461312/travelbharat/joeudwr8mrrg9gvmpfzm.jpg,travelbharat/joeudwr8mrrg9gvmpfzm,3 Hours,5 km,Dharamkot Forest Trail,Adventure,March to June & September to November,₹300 - ₹800,Moderate,false,Forest Trails,Mountain Views,Nature Walk,Photography,Wear trekking shoes,Carry sufficient water,2026-07-19T11:41:52.539Z,,
6a5ba9dffbc925e6fcc12d55,6a4a45b4732595d33bf3b011,Cafe Hopping Tour,Discover Dharamkot's charming cafés overlooking the Himalayas.,"Spend a relaxing afternoon exploring cozy mountain cafés serving organic food, artisan coffee, Tibetan cuisine, and spectacular valley views.",https://res.cloudinary.com/ddjehdwgu/image/upload/v1784461365/travelbharat/tgyd1xa46q6ezbvbvyu6.jpg,travelbharat/tgyd1xa46q6ezbvbvyu6,3 Hours,2 km,Dharamkot Village,Food,Throughout the Year,₹400 - ₹1200,Easy,false,Organic Cafés,Mountain Views,Local Cuisine,Relaxing Ambience,Try Tibetan dishes,Visit during sunset,2026-07-19T11:42:45.437Z,,
6a5ba9dffbc925e6fcc12d54,6a4a45b4732595d33bf3b011,Yoga Retreat Session,Relax with yoga and meditation in Dharamkot's peaceful mountain setting.,Join guided yoga and meditation sessions offered by renowned wellness centers while surrounded by serene Himalayan landscapes and fresh mountain air.,https://res.cloudinary.com/ddjehdwgu/image/upload/v1784461339/travelbharat/uahkvnfriqb0bl9lqmny.jpg,travelbharat/uahkvnfriqb0bl9lqmny,2 Hours,1 km,Dharamkot Yoga Center,Wellness,Throughout the Year,₹500 - ₹1500,Easy,false,Yoga Classes,Meditation,Peaceful Atmosphere,Wellness,Carry a yoga mat if preferred,Wear comfortable clothing,2026-07-19T11:42:19.533Z,,
6a5baa0dfbc925e6fcc12d59,6a4a45f4732595d33bf3b013,Bhagsunag Temple Visit,Explore the ancient temple dedicated to Lord Shiva and the Nag deity.,"Visit the historic Bhagsunag Temple, an important pilgrimage site known for its peaceful surroundings, sacred pond, and traditional Himalayan architecture.",https://res.cloudinary.com/ddjehdwgu/image/upload/v1784541810/travelbharat/y6umsswkzabl7owg9wbw.jpg,travelbharat/y6umsswkzabl7owg9wbw,1.5 Hours,500 m,Bhagsunag Temple,Spiritual,Throughout the Year,Free,Easy,false,Ancient Temple,Sacred Pond,Local Heritage,Peaceful Atmosphere,Dress respectfully,Visit during morning hours,2026-07-20T10:03:30.746Z,,
6a5baa0dfbc925e6fcc12d58,6a4a45f4732595d33bf3b013,Bhagsu Waterfall Trek,Hike to the picturesque Bhagsu Waterfall through scenic mountain trails.,"Follow a beautiful trail from Bhagsu village to the cascading Bhagsu Waterfall while enjoying forest paths, cafés, and spectacular Himalayan scenery.",https://res.cloudinary.com/ddjehdwgu/image/upload/v1784461423/travelbharat/xqstuew7g5u1xq9h5mut.jpg,travelbharat/xqstuew7g5u1xq9h5mut,3 Hours,2 km,Bhagsu Waterfall,Adventure,March to November,Free,Easy,false,Waterfall Trek,Scenic Trail,Mountain Views,Photography,Wear non-slip shoes,Visit early to avoid crowds,2026-07-19T11:43:43.292Z,,
6a5baa0dfbc925e6fcc12d5b,6a4a45f4732595d33bf3b013,Sunset View Walk,Enjoy a peaceful evening walk with panoramic Himalayan sunset views.,Walk through scenic viewpoints around Bhagsu to witness spectacular sunsets over the Dhauladhar Range while soaking in the tranquil mountain atmosphere.,https://res.cloudinary.com/ddjehdwgu/image/upload/v1784541861/travelbharat/tt4j6unbrizrpkgxmmgt.jpg,travelbharat/tt4j6unbrizrpkgxmmgt,2 Hours,2 km,Bhagsu Viewpoint,Nature,October to April,Free,Easy,false,Sunset Views,Mountain Panorama,Photography,Nature Walk,Reach before sunset,Carry a light jacket,2026-07-20T10:04:21.451Z,,
6a5baa0dfbc925e6fcc12d5a,6a4a45f4732595d33bf3b013,Mountain Cafe Trail,Relax at charming hillside cafés overlooking the Dhauladhar mountains.,"Explore Bhagsu's lively café scene while enjoying Tibetan cuisine, freshly brewed coffee, live music, and breathtaking mountain views.",https://res.cloudinary.com/ddjehdwgu/image/upload/v1784541838/travelbharat/jhtzdeol1z8soxhxtgrc.jpg,travelbharat/jhtzdeol1z8soxhxtgrc,2 Hours,1 km,Bhagsu Village,Food,Throughout the Year,₹300 - ₹1200,Easy,false,Mountain Cafés,Tibetan Cuisine,Live Music,Valley Views,Try local momos,Visit during sunset,2026-07-20T10:03:57.950Z,,
6a5baa29fbc925e6fcc12d60,6a4a4624732595d33bf3b015,Snowline Ridge Hike,Extend your adventure beyond Triund towards the scenic Snowline.,"Continue hiking beyond Triund to Snowline for even more spectacular Himalayan views, alpine landscapes, and an unforgettable high-altitude trekking experience.",,,4 Hours,5 km,Snowline Trail,Adventure,May to June & September to October,Free,Hard,map,High Altitude Trail,Snowline Views,Alpine Landscape,Adventure Trek,Check weather conditions,Hire a guide if unfamiliar with the route,,,
6a5baa29fbc925e6fcc12d5f,6a4a4624732595d33bf3b015,Dhauladhar Photography Tour,Capture spectacular mountain landscapes from Triund's scenic ridge.,"Photograph the dramatic Dhauladhar Range, Kangra Valley, colorful sunsets, and panoramic Himalayan scenery from Triund's famous viewpoints.",https://res.cloudinary.com/ddjehdwgu/image/upload/v1784541935/travelbharat/z2qytjsozge2xy4tvzrz.jpg,travelbharat/z2qytjsozge2xy4tvzrz,2 Hours,500 m,Triund Viewpoint,Photography,October to November,Free,Easy,false,Mountain Panorama,Golden Hour,Landscape Photography,Snow Peaks,Carry extra camera batteries,Visit during sunrise or sunset,2026-07-20T10:05:35.228Z,,
6a5baa29fbc925e6fcc12d5e,6a4a4624732595d33bf3b015,Sunrise Mountain Camp,Camp overnight and witness a magical Himalayan sunrise.,Experience an unforgettable night under the stars at Triund followed by a breathtaking sunrise over the snow-covered Dhauladhar mountains.,https://res.cloudinary.com/ddjehdwgu/image/upload/v1784541912/travelbharat/fizy9qnhxagevabi4y4m.jpg,travelbharat/fizy9qnhxagevabi4y4m,1 Night,9 km,Triund Campsite,Camping,April to June & September to November,₹1200 - ₹2500,Moderate,false,Mountain Camping,Sunrise Views,Star Gazing,Bonfire,Book campsites in advance,Carry warm clothing,2026-07-20T10:05:12.471Z,,
6a5baa29fbc925e6fcc12d5d,6a4a4624732595d33bf3b015,Triund Summit Trek,Trek to the famous Triund ridge for breathtaking Himalayan panoramas.,Embark on the iconic Triund Trek through rhododendron forests and rocky trails to reach one of Himachal Pradesh's most spectacular viewpoints overlooking the Dhauladhar Range and Kangra Valley.,https://res.cloudinary.com/ddjehdwgu/image/upload/v1784541887/travelbharat/cxeg4u0fwfyqp13c66ka.jpg,travelbharat/cxeg4u0fwfyqp13c66ka,7 Hours,9 km,Triund Ridge,Adventure,March to June & September to November,Free,Moderate,false,Summit Trek,Dhauladhar Views,Panoramic Landscape,Photography,Start early in the morning,Carry enough water and snacks,2026-07-20T10:04:46.867Z,,
6a5baa48fbc925e6fcc12d63,6a4a4676732595d33bf3b017,Tea Factory Tour,Discover the complete journey of Kangra tea from leaf to cup.,Take a guided tour of a traditional tea factory to observe tea processing techniques and enjoy freshly brewed Kangra tea tasting sessions.,https://res.cloudinary.com/ddjehdwgu/image/upload/v1784542036/travelbharat/lehooohffaq8flgre7q4.jpg,travelbharat/lehooohffaq8flgre7q4,2 Hours,2 km,Palampur Tea Factory,Culture,Throughout the Year,₹200 - ₹500,Easy,false,Tea Processing,Tea Tasting,Factory Tour,Local Heritage,Purchase fresh tea directly,Follow factory guidelines,2026-07-20T10:07:16.351Z,,
6a5baa48fbc925e6fcc12d62,6a4a4676732595d33bf3b017,Tea Garden Walk,Stroll through Palampur's lush tea estates surrounded by Himalayan scenery.,Explore the famous Kangra tea gardens while learning about tea cultivation and enjoying panoramic views of the Dhauladhar mountains and refreshing mountain air.,https://res.cloudinary.com/ddjehdwgu/image/upload/v1784541994/travelbharat/osma5d2drwqk06rg1gvk.jpg,travelbharat/osma5d2drwqk06rg1gvk,2 Hours,3 km,Palampur Tea Gardens,Nature,March to November,₹100 - ₹300,Easy,false,Tea Estates,Mountain Views,Photography,Nature Walk,Visit during morning hours,Wear comfortable footwear,2026-07-20T10:06:34.605Z,,
6a5baa48fbc925e6fcc12d64,6a4a4676732595d33bf3b017,Dhauladhar View Hike,Hike to scenic viewpoints overlooking the majestic Dhauladhar Range.,Enjoy a refreshing hike through forest trails and rolling hills while admiring breathtaking views of the snow-covered Dhauladhar mountains and Kangra Valley.,https://res.cloudinary.com/ddjehdwgu/image/upload/v1784542059/travelbharat/ztutpwmmjxlvn0myleg5.jpg,travelbharat/ztutpwmmjxlvn0myleg5,4 Hours,7 km,Palampur Hills,Adventure,March to June & September to November,₹300 - ₹800,Moderate,false,Mountain Trek,Forest Trails,Panoramic Views,Photography,Carry enough water,Wear trekking shoes,2026-07-20T10:07:39.021Z,,
6a5baa48fbc925e6fcc12d65,6a4a4676732595d33bf3b017,Riverside Nature Picnic,Relax beside mountain streams amidst Palampur's tranquil landscapes.,"Spend quality time by the riverside surrounded by pine forests, tea gardens, and peaceful Himalayan scenery, making it a perfect family outing.",,,3 Hours,4 km,Neugal Khad,Nature,March to November,Free,Easy,trees,Riverside Picnic,Tea Gardens,Mountain Views,Family Friendly,Carry reusable bottles,Keep the surroundings clean,,,
6a5baa70fbc925e6fcc12d69,6a4a46c4732595d33bf3b019,Tea Estate Photography,Capture scenic tea plantations with the Dhauladhar mountains as the backdrop.,"Visit nearby tea estates around Andretta to photograph lush green plantations, rolling hills, and spectacular Himalayan landscapes throughout the day.",https://res.cloudinary.com/ddjehdwgu/image/upload/v1784546903/travelbharat/jj8wwvecdrhkrbf8u0by.jpg,travelbharat/jj8wwvecdrhkrbf8u0by,2 Hours,4 km,Andretta Tea Estates,Photography,March to November,Free,Easy,false,Tea Gardens,Mountain Views,Landscape Photography,Golden Hour,Visit early morning,Carry spare camera batteries,2026-07-20T11:28:23.236Z,,
6a5baa70fbc925e6fcc12d6a,6a4a46c4732595d33bf3b019,Nature Trail Walk,Enjoy a peaceful countryside walk through forests and open landscapes.,"Explore Andretta's scenic nature trails surrounded by forests, tea gardens, and Himalayan foothills while enjoying fresh mountain air and birdlife.",https://res.cloudinary.com/ddjehdwgu/image/upload/v1784546931/travelbharat/senms6e2pcamz2lfbjg5.jpg,travelbharat/senms6e2pcamz2lfbjg5,2 Hours,3 km,Andretta Nature Trail,Nature,March to November,Free,Easy,false,Nature Trail,Tea Gardens,Bird Watching,Scenic Landscapes,Wear walking shoes,Carry drinking water,2026-07-20T11:28:51.415Z,,
6a5baa70fbc925e6fcc12d67,6a4a46c4732595d33bf3b019,Pottery Workshop Experience,Learn traditional pottery techniques in Andretta's famous artists' village.,Join a hands-on pottery workshop guided by local artisans and discover the rich ceramic heritage that has made Andretta one of Himachal Pradesh's renowned art villages.,https://res.cloudinary.com/ddjehdwgu/image/upload/v1784546854/travelbharat/yz5y9m7uqrpng5xagpal.jpg,travelbharat/yz5y9m7uqrpng5xagpal,3 Hours,1 km,Andretta Pottery Studio,Culture,Throughout the Year,₹600 - ₹1500,Easy,false,Pottery Making,Art Workshop,Local Crafts,Hands-on Experience,Book your session in advance,Wear comfortable clothing,2026-07-20T11:27:34.956Z,,
6a5baa70fbc925e6fcc12d68,6a4a46c4732595d33bf3b019,Artist Village Walk,Explore Andretta's charming art studios and heritage homes.,"Walk through the peaceful artists' village, visit galleries, interact with local artists, and admire traditional Himachali architecture surrounded by beautiful countryside.",https://res.cloudinary.com/ddjehdwgu/image/upload/v1784546876/travelbharat/yedbtf0ltxa2fmzuhiin.jpg,travelbharat/yedbtf0ltxa2fmzuhiin,2 Hours,2 km,Andretta Village,Culture,October to March,Free,Easy,false,Art Galleries,Heritage Homes,Local Artists,Village Culture,Support local artisans,Ask permission before photographing artwork,2026-07-20T11:27:56.554Z,,
6a5baa95fbc925e6fcc12d6d,6a4a46f7732595d33bf3b01b,Monastery Trail Walk,Explore peaceful Tibetan monasteries around Bir.,"Visit Bir's beautiful Buddhist monasteries while experiencing Tibetan culture, prayer ceremonies, colorful architecture, and serene Himalayan surroundings.",https://res.cloudinary.com/ddjehdwgu/image/upload/v1784547071/travelbharat/emv6u9ucvqubc09bdwj2.jpg,travelbharat/emv6u9ucvqubc09bdwj2,2 Hours,2 km,Bir Monastery Circuit,Spiritual,Throughout the Year,Free,Easy,false,Buddhist Monasteries,Meditation,Tibetan Culture,Peaceful Atmosphere,Maintain silence,Dress respectfully,2026-07-20T11:31:11.639Z,,
6a5baa95fbc925e6fcc12d6f,6a4a46f7732595d33bf3b01b,Sunset Cafe Tour,Relax at Bir's mountain cafés overlooking the valley.,"Spend a peaceful evening exploring Bir's charming cafés, enjoying local cuisine, artisan coffee, and spectacular sunset views across the Kangra Valley.",https://res.cloudinary.com/ddjehdwgu/image/upload/v1784547118/travelbharat/yoan9kf7ogkulo4izl4p.jpg,travelbharat/yoan9kf7ogkulo4izl4p,2 Hours,2 km,Bir Village,Food,Throughout the Year,₹300 - ₹1000,Easy,false,Mountain Cafés,Sunset Views,Local Cuisine,Relaxing Ambience,Try Tibetan dishes,Visit before sunset,2026-07-20T11:31:57.880Z,,
6a5baa95fbc925e6fcc12d6e,6a4a46f7732595d33bf3b01b,Tea Garden Cycling,Cycle through scenic tea estates and Himalayan countryside.,"Ride along quiet village roads surrounded by tea plantations, pine forests, and panoramic mountain landscapes while exploring Bir's natural beauty.",https://res.cloudinary.com/ddjehdwgu/image/upload/v1784547094/travelbharat/ybqtx9mhvkcyzxb90ibg.jpg,travelbharat/ybqtx9mhvkcyzxb90ibg,3 Hours,12 km,Bir Tea Estates,Adventure,March to November,₹500 - ₹1200,Easy,false,Cycling Trail,Tea Gardens,Village Roads,Mountain Views,Wear a helmet,Carry drinking water,2026-07-20T11:31:34.384Z,,
6a5baa95fbc925e6fcc12d6c,6a4a46f7732595d33bf3b01b,Bir Paragliding Flight,Soar above the Kangra Valley with one of India's best paragliding experiences.,"Experience an unforgettable tandem paragliding flight over Bir while enjoying breathtaking aerial views of the Dhauladhar Range, lush valleys, and picturesque Himalayan villages.",https://res.cloudinary.com/ddjehdwgu/image/upload/v1784546965/travelbharat/f1nnb9j91cawgy3qjtfz.jpg,travelbharat/f1nnb9j91cawgy3qjtfz,30 Minutes,3 km,Bir Paragliding Site,Adventure,March to June & October to November,₹2500 - ₹4500,Easy,false,Tandem Flight,Aerial Views,Certified Pilots,Photography,Book flights in advance,Follow pilot instructions,2026-07-20T11:29:25.637Z,,
6a5baaaafbc925e6fcc12d74,6a4a472d732595d33bf3b01d,Camping Under Stars,Spend a memorable night camping in the Himalayan highlands.,"Camp amidst Billing's scenic meadows and enjoy bonfires, stargazing, peaceful mountain surroundings, and unforgettable Himalayan night skies.",https://res.cloudinary.com/ddjehdwgu/image/upload/v1784547214/travelbharat/vxjohdlv5wb0u37yvlvt.jpg,travelbharat/vxjohdlv5wb0u37yvlvt,1 Night,2 km,Billing Campsite,Camping,April to June & September to November,₹1800 - ₹3500,Easy,false,Mountain Camping,Bonfire,Star Gazing,Scenic Meadows,Carry warm layers,Reserve campsite beforehand,2026-07-20T11:33:34.488Z,,
6a5baaaafbc925e6fcc12d72,6a4a472d732595d33bf3b01d,Sunrise View Trek,Hike to panoramic viewpoints overlooking the Himalayan ranges.,Enjoy an early morning trek to scenic ridges around Billing and witness spectacular sunrise views across the snow-covered Dhauladhar mountains.,https://res.cloudinary.com/ddjehdwgu/image/upload/v1784547162/travelbharat/z8o3vm6cqrtqec8ouwpn.jpg,travelbharat/z8o3vm6cqrtqec8ouwpn,3 Hours,5 km,Billing Ridge Trail,Adventure,April to November,Free,Moderate,false,Sunrise Views,Mountain Trek,Photography,Panoramic Landscapes,Start before dawn,Carry warm clothing,2026-07-20T11:32:42.330Z,,
6a5baaaafbc925e6fcc12d73,6a4a472d732595d33bf3b01d,Pine Forest Walk,Take a peaceful walk through Billing's beautiful pine forests.,"Explore serene forest trails surrounded by towering pine trees while enjoying fresh mountain air, birdlife, and breathtaking Himalayan scenery.",https://res.cloudinary.com/ddjehdwgu/image/upload/v1784547188/travelbharat/buxg2k7bjoe9svk2wvyn.jpg,travelbharat/buxg2k7bjoe9svk2wvyn,2 Hours,3 km,Billing Forest Trail,Nature,March to November,Free,Easy,false,Forest Trail,Bird Watching,Mountain Views,Nature Photography,Wear comfortable shoes,Carry drinking water,2026-07-20T11:33:08.260Z,,
6a5baaaafbc925e6fcc12d71,6a4a472d732595d33bf3b01d,Billing Paragliding Flight,Experience world-famous paragliding from the skies above Billing.,"Take off from Billing, one of the world's premier paragliding destinations, and enjoy breathtaking aerial views of the Dhauladhar Range, Kangra Valley, and lush Himalayan landscapes.",https://res.cloudinary.com/ddjehdwgu/image/upload/v1784547140/travelbharat/c6hikpgbodcxj4blvucc.jpg,travelbharat/c6hikpgbodcxj4blvucc,30 Minutes,1 km,Billing Takeoff Site,Adventure,March to June & October to November,₹3000 - ₹5000,Easy,false,Tandem Flight,Aerial Views,Professional Pilots,Adventure Sports,Book in advance,Follow safety instructions,2026-07-20T11:32:19.870Z,,
6a5baac2fbc925e6fcc12d77,6a4a475e732595d33bf3b01f,Binwa Riverside Walk,Enjoy a relaxing walk along the scenic Binwa River.,"Take a peaceful stroll beside the crystal-clear Binwa River while admiring lush greenery, mountain scenery, and the tranquil surroundings of Baijnath.",https://res.cloudinary.com/ddjehdwgu/image/upload/v1784547270/travelbharat/klqgcg4uaez2xkbpwhzf.jpg,travelbharat/klqgcg4uaez2xkbpwhzf,2 Hours,2 km,Binwa River,Nature,March to November,Free,Easy,false,River Walk,Mountain Views,Nature Photography,Peaceful Ambience,Wear comfortable footwear,Keep the river clean,2026-07-20T11:34:30.609Z,,
6a5baac2fbc925e6fcc12d78,6a4a475e732595d33bf3b01f,Heritage Photography Tour,Capture the timeless beauty of Baijnath's temple and Himalayan backdrop.,"Photograph the magnificent temple architecture, surrounding gardens, and the snow-capped Dhauladhar mountains from the best viewpoints around Baijnath.",https://res.cloudinary.com/ddjehdwgu/image/upload/v1784547297/travelbharat/eqi5orn1fezizkj0o9gz.jpg,travelbharat/eqi5orn1fezizkj0o9gz,2 Hours,1 km,Baijnath Heritage Area,Photography,October to March,Free,Easy,false,Temple Architecture,Mountain Views,Landscape Photography,Historic Monuments,Visit during golden hour,Carry extra camera batteries,2026-07-20T11:34:57.420Z,,
6a5baac2fbc925e6fcc12d76,6a4a475e732595d33bf3b01f,Baijnath Temple Visit,Visit the ancient Shiva temple renowned for its exquisite Nagara architecture.,"Explore the historic Baijnath Temple dedicated to Lord Shiva, admired for its intricate stone carvings, spiritual significance, and centuries-old Himalayan heritage.",https://res.cloudinary.com/ddjehdwgu/image/upload/v1784547247/travelbharat/biwjzajkhacrgxqcemfi.jpg,travelbharat/biwjzajkhacrgxqcemfi,2 Hours,500 m,Baijnath Temple,Spiritual,Throughout the Year,Free,Easy,false,Ancient Temple,Stone Architecture,Spiritual Experience,Heritage Site,Dress modestly,Visit during morning aarti,2026-07-20T11:34:06.914Z,,
6a5baac2fbc925e6fcc12d79,6a4a475e732595d33bf3b01f,Village Heritage Walk,Explore Baijnath's traditional Himalayan village surroundings.,"Walk through charming village lanes, interact with local residents, admire traditional Himachali homes, and experience the authentic culture of the Kangra Valley.",https://res.cloudinary.com/ddjehdwgu/image/upload/v1784548009/travelbharat/qzsp5cu3ozdrhqqmy5bu.jpg,travelbharat/qzsp5cu3ozdrhqqmy5bu,2 Hours,3 km,Baijnath Village,Culture,Throughout the Year,Free,Easy,false,Local Culture,Traditional Homes,Village Life,Scenic Walk,Respect local customs,Support local businesses,2026-07-20T11:46:49.031Z,,
6a5baafbfbc925e6fcc12d7d,6a4a4794732595d33bf3b021,Dainkund Peak Trek,Hike to Dalhousie's highest peak for breathtaking mountain views.,Trek through lush pine forests to Dainkund Peak and enjoy spectacular panoramic views of the Pir Panjal and Dhauladhar mountain ranges.,https://res.cloudinary.com/ddjehdwgu/image/upload/v1784547403/travelbharat/s2rrgvndhm1vsyzwonly.jpg,travelbharat/s2rrgvndhm1vsyzwonly,5 Hours,7 km,Dainkund Peak,Adventure,April to November,₹300 - ₹800,Moderate,false,Summit Trek,Panoramic Views,Forest Trails,Photography,Start early,Wear trekking shoes,2026-07-20T11:36:43.017Z,,
6a5baafbfbc925e6fcc12d7e,6a4a4794732595d33bf3b021,St John's Church Tour,Visit Dalhousie's historic colonial church and admire its architecture.,"Explore the beautiful St. John's Church, one of Dalhousie's oldest landmarks, featuring Victorian-era architecture, stained-glass windows, and peaceful surroundings.",https://res.cloudinary.com/ddjehdwgu/image/upload/v1784547428/travelbharat/gvqgfmf2nx77r1bwg7ij.jpg,travelbharat/gvqgfmf2nx77r1bwg7ij,1.5 Hours,1 km,St. John's Church,Heritage,Throughout the Year,Free,Easy,false,Historic Church,Victorian Architecture,Stained Glass,Peaceful Atmosphere,Maintain silence,Visit during daylight hours,2026-07-20T11:37:08.011Z,,
6a5baafbfbc925e6fcc12d7c,6a4a4794732595d33bf3b021,Panchpula Nature Trail,Walk through forest trails leading to Dalhousie's famous waterfalls.,"Enjoy a refreshing nature trail to Panchpula, surrounded by pine forests, cascading streams, and peaceful Himalayan landscapes ideal for relaxation and photography.",https://res.cloudinary.com/ddjehdwgu/image/upload/v1784547376/travelbharat/iefjgealom1jghrejago.jpg,travelbharat/iefjgealom1jghrejago,3 Hours,4 km,Panchpula,Nature,March to November,Free,Easy,false,Forest Trail,Waterfalls,Mountain Views,Nature Photography,Carry drinking water,Avoid slippery rocks,2026-07-20T11:36:16.486Z,,
6a5baafbfbc925e6fcc12d7b,6a4a4794732595d33bf3b021,Gandhi Chowk Heritage Walk,Explore Dalhousie's colonial-era streets and charming hill town atmosphere.,"Stroll through Gandhi Chowk and nearby heritage lanes while admiring colonial architecture, local cafés, vibrant markets, and panoramic Himalayan landscapes.",https://res.cloudinary.com/ddjehdwgu/image/upload/v1784547355/travelbharat/m0zrnakfbk6i0o7ufset.jpg,travelbharat/m0zrnakfbk6i0o7ufset,2 Hours,2 km,Gandhi Chowk,Heritage,Throughout the Year,Free,Easy,false,Colonial Architecture,Local Market,Scenic Walk,Photography,Wear comfortable shoes,Visit during evening hours,2026-07-20T11:35:55.167Z,,
6a5bab20fbc925e6fcc12d82,6a4a482c732595d33bf3b023,Khajji Nag Temple Visit,Visit the ancient temple known for its unique wooden architecture.,"Explore the centuries-old Khajji Nag Temple featuring traditional Himachali woodwork, intricate carvings, and a peaceful spiritual atmosphere.",https://res.cloudinary.com/ddjehdwgu/image/upload/v1784547496/travelbharat/jhuazkeugt0u4tdldi9y.jpg,travelbharat/jhuazkeugt0u4tdldi9y,1 Hour,500 m,Khajji Nag Temple,Heritage,Throughout the Year,Free,Easy,false,Ancient Temple,Wooden Architecture,Heritage Site,Cultural Experience,Dress respectfully,Maintain silence,2026-07-20T11:38:16.576Z,,
6a5bab20fbc925e6fcc12d81,6a4a482c732595d33bf3b023,Horse Riding Adventure,Enjoy a horseback ride through Khajjiar's scenic grasslands.,Experience an exciting horse ride across the picturesque meadows while admiring panoramic views of surrounding forests and Himalayan peaks.,https://res.cloudinary.com/ddjehdwgu/image/upload/v1784547475/travelbharat/epfvfktosrq0sar00ebm.jpg,travelbharat/epfvfktosrq0sar00ebm,30 Minutes,1 km,Khajjiar Ground,Adventure,March to November,₹300 - ₹800,Easy,false,Horse Riding,Open Meadows,Scenic Landscape,Family Friendly,Follow the instructor's guidance,Wear comfortable clothing,2026-07-20T11:37:55.162Z,,
6a5bab20fbc925e6fcc12d80,6a4a482c732595d33bf3b023,Khajjiar Meadow Walk,Stroll across the lush green meadows of India's Mini Switzerland.,Take a relaxing walk through Khajjiar's vast rolling grasslands surrounded by dense deodar forests while enjoying breathtaking Himalayan scenery and fresh mountain air.,https://res.cloudinary.com/ddjehdwgu/image/upload/v1784547452/travelbharat/f8c6gsiworjpgfzskpzb.jpg,travelbharat/f8c6gsiworjpgfzskpzb,2 Hours,2 km,Khajjiar Meadow,Nature,March to June & September to November,Free,Easy,false,Green Meadows,Deodar Forest,Mountain Views,Photography,Visit in the morning,Wear comfortable walking shoes,2026-07-20T11:37:32.286Z,,
6a5bab20fbc925e6fcc12d83,6a4a482c732595d33bf3b023,Zorbing Experience,Roll across Khajjiar's famous meadows in a giant inflatable ball.,"Enjoy an exciting zorbing adventure on Khajjiar's gentle grassy slopes, offering fun-filled moments with spectacular mountain scenery all around.",https://res.cloudinary.com/ddjehdwgu/image/upload/v1784547517/travelbharat/jv6vexcfaq5hani4yxdw.jpg,travelbharat/jv6vexcfaq5hani4yxdw,30 Minutes,500 m,Khajjiar Adventure Zone,Adventure,April to June,₹400 - ₹900,Easy,false,Zorbing,Adventure Activity,Family Fun,Open Meadows,Wear sports shoes,Follow safety instructions,2026-07-20T11:38:37.522Z,,
6a5babb1fbc925e6fcc12d87,6a4a48cd732595d33bf3b027,Sunrise Photography Tour,Capture spectacular sunrise views from one of Dalhousie's highest viewpoints.,Photograph golden sunlight illuminating the snow-covered Himalayan peaks and lush valleys from Dainkund Peak's panoramic viewpoints.,https://res.cloudinary.com/ddjehdwgu/image/upload/v1784547598/travelbharat/b30wqzbsgxuc40pjzhhp.jpg,travelbharat/b30wqzbsgxuc40pjzhhp,2 Hours,1 km,Dainkund Viewpoint,Photography,October to April,Free,Easy,false,Sunrise Views,Mountain Panorama,Landscape Photography,Golden Hour,Reach before sunrise,Carry spare camera batteries,2026-07-20T11:39:58.463Z,,
6a5babb1fbc925e6fcc12d86,6a4a48cd732595d33bf3b027,Pholani Devi Temple Walk,Visit the sacred hilltop temple near the summit of Dainkund Peak.,Take a peaceful walk to the Pholani Devi Temple while enjoying magnificent mountain scenery and experiencing the spiritual atmosphere of this revered Himalayan shrine.,https://res.cloudinary.com/ddjehdwgu/image/upload/v1784547573/travelbharat/u4aagkdhykckiip8syvn.jpg,travelbharat/u4aagkdhykckiip8syvn,2 Hours,2 km,Pholani Devi Temple,Spiritual,Throughout the Year,Free,Easy,false,Hilltop Temple,Scenic Walk,Mountain Views,Peaceful Atmosphere,Dress respectfully,Carry a light jacket,2026-07-20T11:39:33.131Z,,
6a5babb1fbc925e6fcc12d88,6a4a48cd732595d33bf3b027,Forest Nature Walk,Explore peaceful deodar forests surrounding Dainkund Peak.,"Enjoy a relaxing walk through dense Himalayan forests filled with towering deodar trees, fresh mountain air, and abundant birdlife.",https://res.cloudinary.com/ddjehdwgu/image/upload/v1784547632/travelbharat/bbeypyds3bjezniqurc1.jpg,travelbharat/bbeypyds3bjezniqurc1,2 Hours,3 km,Dainkund Forest Trail,Nature,March to November,Free,Easy,false,Deodar Forest,Nature Trail,Bird Watching,Scenic Landscapes,Stay on marked trails,Carry drinking water,2026-07-20T11:40:32.342Z,,
6a5babb1fbc925e6fcc12d85,6a4a48cd732595d33bf3b027,Dainkund Peak Trek,Trek to the highest peak near Dalhousie for breathtaking Himalayan views.,"Follow scenic forest trails to Dainkund Peak and enjoy panoramic views of the Dhauladhar, Pir Panjal, and surrounding Himalayan valleys from the famous singing hill.",https://res.cloudinary.com/ddjehdwgu/image/upload/v1784547541/travelbharat/qjdcincwzvmetp3gm5s8.jpg,travelbharat/qjdcincwzvmetp3gm5s8,4 Hours,6 km,Dainkund Peak,Adventure,April to November,₹200 - ₹500,Moderate,false,Summit Trek,Panoramic Views,Forest Trails,Fresh Mountain Air,Start early in the morning,Wear trekking shoes,2026-07-20T11:39:01.531Z,,
6a5babcefbc925e6fcc12d8d,6a4a4df6732595d33bf3b029,Ravi Riverside Walk,Enjoy a peaceful walk along the scenic banks of the Ravi River.,"Relax beside the flowing Ravi River while taking in beautiful mountain scenery, cool breezes, and panoramic views surrounding historic Chamba Town.",https://res.cloudinary.com/ddjehdwgu/image/upload/v1784547763/travelbharat/co6bkrxoyn1wqfmuo68j.jpg,travelbharat/co6bkrxoyn1wqfmuo68j,2 Hours,3 km,Ravi River,Nature,March to November,Free,Easy,false,River Views,Nature Walk,Mountain Scenery,Relaxing Atmosphere,Carry drinking water,Avoid visiting during heavy rains,2026-07-20T11:42:43.578Z,,
6a5babcefbc925e6fcc12d8a,6a4a4df6732595d33bf3b029,Lakshmi Narayan Temple Tour,Explore Chamba's iconic temple complex showcasing exquisite Himalayan architecture.,"Visit the ancient Lakshmi Narayan Temple Complex to admire its intricate stone carvings, centuries-old shrines, and rich religious heritage in the heart of Chamba Town.",https://res.cloudinary.com/ddjehdwgu/image/upload/v1784547654/travelbharat/uah2efk5vfohb8h9qp48.jpg,travelbharat/uah2efk5vfohb8h9qp48,2 Hours,1 km,Lakshmi Narayan Temple,Spiritual,Throughout the Year,Free,Easy,false,Ancient Temples,Stone Architecture,Religious Heritage,Historic Complex,Dress modestly,Visit during morning hours,2026-07-20T11:40:53.758Z,,
6a5babcefbc925e6fcc12d8b,6a4a4df6732595d33bf3b029,Bhuri Singh Museum Visit,Discover Chamba's royal history and priceless Pahari art collections.,"Explore the Bhuri Singh Museum featuring rare miniature paintings, royal artifacts, ancient manuscripts, sculptures, and the cultural legacy of the Chamba Kingdom.",https://res.cloudinary.com/ddjehdwgu/image/upload/v1784547716/travelbharat/dax42l77imiiace9kcpg.jpg,travelbharat/dax42l77imiiace9kcpg,2 Hours,1 km,Bhuri Singh Museum,Heritage,Throughout the Year,₹20 - ₹100,Easy,false,Miniature Paintings,Royal Artifacts,Historic Exhibits,Cultural Heritage,Check museum timings,Photography may be restricted,2026-07-20T11:41:56.007Z,,
6a5babcefbc925e6fcc12d8c,6a4a4df6732595d33bf3b029,Chaugan Heritage Walk,Walk through Chamba's historic public square and colonial landmarks.,"Stroll across the famous Chaugan ground while exploring nearby heritage buildings, vibrant local markets, and the traditional charm of Chamba Town.",https://res.cloudinary.com/ddjehdwgu/image/upload/v1784547740/travelbharat/sbofpjq7zxviem5jdkto.jpg,travelbharat/sbofpjq7zxviem5jdkto,2 Hours,2 km,Chaugan Ground,Heritage,October to March,Free,Easy,false,Historic Square,Local Markets,Colonial Buildings,Photography,Visit during evening,Support local handicraft shops,2026-07-20T11:42:20.564Z,,
6a5babf0fbc925e6fcc12d92,6a4a4e45732595d33bf3b02b,Budhil Valley Photography,Capture stunning Himalayan landscapes around Bharmour.,"Photograph snow-capped peaks, lush valleys, traditional villages, and the scenic Budhil Valley that surrounds the historic town of Bharmour.",https://res.cloudinary.com/ddjehdwgu/image/upload/v1784547852/travelbharat/rzwaqhce27grvars0bwp.jpg,travelbharat/rzwaqhce27grvars0bwp,2 Hours,4 km,Budhil Valley,Photography,September to November,Free,Easy,false,Mountain Landscapes,Valley Views,Village Photography,Golden Hour,Carry extra batteries,Visit during sunrise,2026-07-20T11:44:12.309Z,,
6a5babf0fbc925e6fcc12d8f,6a4a4e45732595d33bf3b02b,Manimahesh Trek,Embark on the sacred Himalayan trek to the revered Manimahesh Lake.,Experience one of Himachal Pradesh's most famous pilgrim treks through breathtaking mountain landscapes leading to the holy Manimahesh Lake beneath Mount Kailash.,https://res.cloudinary.com/ddjehdwgu/image/upload/v1784547787/travelbharat/zyaoljk6h1zh6yoysr2c.jpg,travelbharat/zyaoljk6h1zh6yoysr2c,2 Days,26 km,Manimahesh Trek Route,Adventure,July to September,₹1500 - ₹4000,Hard,false,Sacred Trek,Alpine Landscapes,Mountain Views,Pilgrimage Route,Acclimatize properly,Carry warm clothing,2026-07-20T11:43:07.697Z,,
6a5babf0fbc925e6fcc12d91,6a4a4e45732595d33bf3b02b,Gaddi Culture Walk,Discover the traditions of the indigenous Gaddi community.,"Walk through Bharmour's traditional villages, interact with local Gaddi families, and experience their unique customs, architecture, and Himalayan way of life.",https://res.cloudinary.com/ddjehdwgu/image/upload/v1784547830/travelbharat/dz38we7ijocudqctseas.jpg,travelbharat/dz38we7ijocudqctseas,3 Hours,3 km,Bharmour Village,Culture,March to November,₹300 - ₹800,Easy,false,Local Culture,Traditional Villages,Gaddi Heritage,Village Life,Respect local customs,Support local artisans,2026-07-20T11:43:50.360Z,,
6a5babf0fbc925e6fcc12d90,6a4a4e45732595d33bf3b02b,Chaurasi Temple Tour,Visit Bharmour's ancient Chaurasi Temple Complex.,"Explore the historic Chaurasi Temple Complex featuring centuries-old shrines, remarkable stone carvings, and deep spiritual significance in the ancient town of Bharmour.",https://res.cloudinary.com/ddjehdwgu/image/upload/v1784547808/travelbharat/u9otkxsmvxxahwmjsnsl.jpg,travelbharat/u9otkxsmvxxahwmjsnsl,2 Hours,1 km,Chaurasi Temple Complex,Spiritual,Throughout the Year,Free,Easy,false,Ancient Temples,Stone Architecture,Religious Heritage,Historic Site,Dress respectfully,Visit during morning hours,2026-07-20T11:43:28.112Z,,
6a5bac19fbc925e6fcc12d96,6a4a4e8a732595d33bf3b02d,Alpine Meadow Walk,Explore pristine alpine meadows near the mountain pass.,"Take a refreshing walk through colorful alpine grasslands surrounded by glaciers, wildflowers, and magnificent Himalayan scenery.",https://res.cloudinary.com/ddjehdwgu/image/upload/v1784547927/travelbharat/sl5vrydgieglqqqjswco.jpg,travelbharat/sl5vrydgieglqqqjswco,2 Hours,3 km,Sach Pass Meadows,Nature,July to September,Free,Moderate,false,Alpine Meadows,Wildflowers,Mountain Views,Nature Walk,Wear warm clothing,Stay on marked trails,2026-07-20T11:45:26.933Z,,
6a5bac19fbc925e6fcc12d94,6a4a4e8a732595d33bf3b02d,Sach Pass Road Expedition,Experience one of Himachal Pradesh's most thrilling high-altitude mountain drives.,"Travel across the spectacular Sach Pass, navigating rugged mountain roads, dramatic cliffs, glaciers, waterfalls, and breathtaking Himalayan landscapes.",https://res.cloudinary.com/ddjehdwgu/image/upload/v1784547880/travelbharat/yxn674boogqyv6887qrk.jpg,travelbharat/yxn674boogqyv6887qrk,8 Hours,45 km,Sach Pass,Adventure,June to September,₹1500 - ₹5000,Hard,false,High Mountain Pass,Scenic Road Trip,Glacier Views,Adventure Drive,Check weather conditions,Travel with an experienced driver,2026-07-20T11:44:41.664Z,,
6a5bac19fbc925e6fcc12d97,6a4a4e8a732595d33bf3b02d,Waterfall Discovery Tour,Visit cascading waterfalls along the scenic Sach Pass route.,Stop at beautiful mountain waterfalls flowing from melting glaciers while enjoying the pristine wilderness and rugged landscapes surrounding Sach Pass.,https://res.cloudinary.com/ddjehdwgu/image/upload/v1784547949/travelbharat/ygm279mwhperwoagahr7.jpg,travelbharat/ygm279mwhperwoagahr7,3 Hours,8 km,Sach Pass Route,Nature,June to September,Free,Easy,false,Mountain Waterfalls,Glacier Streams,Scenic Stops,Photography,Roads can be slippery,Carry sufficient drinking water,2026-07-20T11:45:49.244Z,,
6a5bac19fbc925e6fcc12d95,6a4a4e8a732595d33bf3b02d,Snow Peak Photography,Capture panoramic Himalayan landscapes from the summit of Sach Pass.,"Photograph snow-covered peaks, winding mountain roads, alpine meadows, and dramatic valleys from one of Himachal's highest motorable passes.",https://res.cloudinary.com/ddjehdwgu/image/upload/v1784547904/travelbharat/wl8foa4dpafx4fptmdoy.jpg,travelbharat/wl8foa4dpafx4fptmdoy,2 Hours,2 km,Sach Pass Viewpoint,Photography,June to September,Free,Easy,false,Snow Peaks,Mountain Panorama,Landscape Photography,Scenic Viewpoints,Carry extra camera batteries,Visit during clear weather,2026-07-20T11:45:04.425Z,,
6a5bac35fbc925e6fcc12d99,6a4a4eba732595d33bf3b02f,Pangi Valley Road Trip,Journey through one of Himachal Pradesh's most remote Himalayan valleys.,"Embark on an unforgettable road trip across Pangi Valley, passing dramatic cliffs, deep gorges, charming villages, and breathtaking mountain landscapes.",https://res.cloudinary.com/ddjehdwgu/image/upload/v1784547976/travelbharat/ok8ax3msrbkltfaxxbw2.jpg,travelbharat/ok8ax3msrbkltfaxxbw2,8 Hours,120 km,Pangi Valley,Adventure,June to September,₹2000 - ₹6000,Hard,false,Scenic Road Trip,Remote Villages,Mountain Passes,Valley Views,Travel in a sturdy vehicle,Carry essential supplies,2026-07-20T11:46:16.561Z,,
6a5bac35fbc925e6fcc12d9a,6a4a4eba732595d33bf3b02f,Village Heritage Walk,Experience the traditional lifestyle of Pangi Valley's Himalayan villages.,"Walk through centuries-old villages, admire traditional wooden houses, interact with local communities, and discover the unique culture of the Pangwal people.",https://res.cloudinary.com/ddjehdwgu/image/upload/v1784548624/travelbharat/zeqz8lrtfqpznjieozar.jpg,travelbharat/zeqz8lrtfqpznjieozar,3 Hours,4 km,Pangi Villages,Culture,May to October,Free,Easy,false,Traditional Villages,Local Culture,Wooden Architecture,Community Experience,Respect local traditions,Support village artisans,2026-07-20T11:57:04.696Z,,
6a5bac35fbc925e6fcc12d9b,6a4a4eba732595d33bf3b02f,Saichu Valley Trek,Trek through pristine alpine landscapes and untouched Himalayan wilderness.,"Follow scenic mountain trails across alpine meadows, glacier-fed streams, and rugged peaks while exploring the spectacular wilderness of Pangi Valley.",https://res.cloudinary.com/ddjehdwgu/image/upload/v1784548031/travelbharat/v0koecgi92vdjp0d9sro.jpg,travelbharat/v0koecgi92vdjp0d9sro,6 Hours,12 km,Saichu Valley,Adventure,June to September,₹800 - ₹2500,Hard,false,Alpine Trek,Glacier Streams,Mountain Scenery,Remote Wilderness,Hire a local guide,Carry warm clothing,2026-07-20T11:47:10.877Z,,
6a5bac35fbc925e6fcc12d9c,6a4a4eba732595d33bf3b02f,Chenab Valley Photography,Capture dramatic Himalayan landscapes and pristine river valleys.,"Photograph towering mountains, deep river gorges, traditional villages, and untouched natural beauty across the breathtaking Pangi Valley region.",,,3 Hours,5 km,Chenab Valley Viewpoint,Photography,September to October,Free,Easy,camera,Mountain Panorama,River Valley,Village Landscapes,Golden Hour,Carry a zoom lens,Visit during clear weather,,,
6a5bacb3fbc925e6fcc12d9f,6a4a4eeb732595d33bf3b031,Kayaking Adventure,Paddle through the calm waters surrounded by Himalayan landscapes.,"Experience kayaking on Chamera Lake while exploring hidden coves, forested shorelines, and breathtaking mountain scenery in a peaceful natural setting.",https://res.cloudinary.com/ddjehdwgu/image/upload/v1784548098/travelbharat/zea2ryzuus6jskd5e4s5.jpg,travelbharat/zea2ryzuus6jskd5e4s5,2 Hours,2 km,Chamera Lake Adventure Zone,Adventure,April to October,₹600 - ₹1500,Moderate,false,Kayaking,Lake Adventure,Scenic Waterways,Outdoor Fun,Follow instructor guidelines,Carry waterproof essentials,2026-07-20T11:48:17.653Z,,
6a5bacb3fbc925e6fcc12da0,6a4a4eeb732595d33bf3b031,Lakeside Photography Tour,Capture panoramic views of Chamera Lake and the surrounding mountains.,"Photograph shimmering lake reflections, forested hills, sunrise landscapes, and scenic Himalayan backdrops from the best viewpoints around Chamera Lake.",,,2 Hours,3 km,Chamera Lake Viewpoint,Photography,October to March,Free,Easy,camera,Lake Panorama,Mountain Views,Sunrise Photography,Nature Landscapes,Visit during golden hour,Carry a wide-angle lens,,,
6a5bacb3fbc925e6fcc12d9e,6a4a4eeb732595d33bf3b031,Chamera Lake Boating,Enjoy a scenic boating experience on the tranquil waters of Chamera Lake.,"Cruise across the crystal-clear waters of Chamera Lake while admiring lush green hills, distant Himalayan peaks, and the peaceful surroundings of this picturesque reservoir.",https://res.cloudinary.com/ddjehdwgu/image/upload/v1784548075/travelbharat/kpvdrgu8i60soh4ie7us.jpg,travelbharat/kpvdrgu8i60soh4ie7us,1 Hour,2 km,Chamera Lake,Adventure,March to November,₹300 - ₹800,Easy,false,Boat Ride,Lake Views,Mountain Scenery,Family Friendly,Wear a life jacket,Choose morning rides for calmer waters,2026-07-20T11:47:54.898Z,,
6a5bacb3fbc925e6fcc12da1,6a4a4eeb732595d33bf3b031,Bird Watching Walk,Observe native and migratory birds around the serene lakeside habitat.,"Take a peaceful nature walk around Chamera Lake while spotting colorful Himalayan birds amidst forests, wetlands, and tranquil lakeside surroundings.",,,2 Hours,3 km,Chamera Lakeside Trail,Nature,October to February,Free,Easy,binoculars,Bird Watching,Nature Trail,Peaceful Lake,Wildlife Photography,Carry binoculars,Maintain silence near bird habitats,,,
6a5bacd0fbc925e6fcc12da3,6a4a50ab732595d33bf3b033,Kalpa Sunrise View,Witness the spectacular sunrise over the majestic Kinnaur Kailash Range.,"Experience the magical sunrise as the first rays illuminate the snow-covered Kinnaur Kailash peaks, creating one of the most breathtaking mountain vistas in Himachal Pradesh.",https://res.cloudinary.com/ddjehdwgu/image/upload/v1784548160/travelbharat/qlbmd4bw3omdsauihdag.jpg,travelbharat/qlbmd4bw3omdsauihdag,2 Hours,2 km,Kalpa Viewpoint,Nature,October to April,Free,Easy,false,Kinnaur Kailash,Sunrise Views,Mountain Panorama,Photography,Reach before dawn,Carry warm clothing,2026-07-20T11:49:20.558Z,,
6a5bacd0fbc925e6fcc12da5,6a4a50ab732595d33bf3b033,Apple Orchard Tour,Visit Kalpa's famous apple orchards and experience local fruit farming.,"Explore lush apple orchards, learn about Kinnauri apple cultivation, and enjoy fresh seasonal produce amidst breathtaking Himalayan scenery.",https://res.cloudinary.com/ddjehdwgu/image/upload/v1784458881/travelbharat/qpildue5uhclgm3t68ud.jpg,travelbharat/qpildue5uhclgm3t68ud,2 Hours,2 km,Kalpa Apple Orchards,Agritourism,August to October,₹200 - ₹600,Easy,false,Apple Orchards,Farm Experience,Fresh Fruits,Mountain Views,Visit during harvest season,Purchase local apples,2026-07-19T11:01:21.508Z,,
6a5bacd0fbc925e6fcc12da4,6a4a50ab732595d33bf3b033,Roghi Village Walk,Explore the traditional Himalayan village overlooking deep mountain valleys.,"Walk through the charming village of Roghi, admire traditional Kinnauri wooden houses, apple orchards, and stunning cliffside landscapes.",https://res.cloudinary.com/ddjehdwgu/image/upload/v1784548185/travelbharat/r6kqmzvg9zg631uocrxe.jpg,travelbharat/r6kqmzvg9zg631uocrxe,3 Hours,4 km,Roghi Village,Culture,April to October,Free,Easy,false,Traditional Village,Apple Orchards,Kinnauri Culture,Valley Views,Respect local customs,Wear comfortable walking shoes,2026-07-20T11:49:45.038Z,,
6a5bacd0fbc925e6fcc12da6,6a4a50ab732595d33bf3b033,Suicide Point Drive,Drive to Kalpa's dramatic cliffside viewpoint overlooking the Sutlej Valley.,"Enjoy a scenic drive to the famous Suicide Point and admire breathtaking views of deep valleys, rugged cliffs, and the magnificent Kinnaur Himalayas.",https://res.cloudinary.com/ddjehdwgu/image/upload/v1784548267/travelbharat/xjaad9rmudwt5e2bmday.jpg,travelbharat/xjaad9rmudwt5e2bmday,2 Hours,5 km,Suicide Point,Adventure,March to November,Free,Easy,false,Cliffside View,Mountain Drive,Valley Panorama,Photography,Drive carefully,Avoid standing near cliff edges,2026-07-20T11:51:07.212Z,,
6a5bacf4fbc925e6fcc12daa,6a4a5125732595d33bf3b037,Apple Orchard Experience,Visit Sangla's famous apple orchards and enjoy the Himalayan countryside.,"Walk through flourishing apple orchards, learn about local farming practices, and enjoy fresh seasonal fruits with stunning mountain scenery.",https://res.cloudinary.com/ddjehdwgu/image/upload/v1784548338/travelbharat/nntzbxff8qp5noyt6cue.jpg,travelbharat/nntzbxff8qp5noyt6cue,2 Hours,2 km,Sangla Orchards,Agritourism,August to October,₹200 - ₹500,Easy,false,Apple Orchards,Farm Visit,Fresh Produce,Mountain Landscape,Visit during harvest season,Support local farmers,2026-07-20T11:52:17.853Z,,
6a5bacf4fbc925e6fcc12dab,6a4a5125732595d33bf3b037,Bering Nag Temple Tour,Discover one of Sangla's most revered temples with traditional architecture.,"Explore the ancient Bering Nag Temple, known for its beautiful Kinnauri woodwork, spiritual significance, and peaceful surroundings.",https://res.cloudinary.com/ddjehdwgu/image/upload/v1784548358/travelbharat/jy6vsnqakpbjwamvgge8.jpg,travelbharat/jy6vsnqakpbjwamvgge8,1.5 Hours,1 km,Bering Nag Temple,Spiritual,Throughout the Year,Free,Easy,false,Ancient Temple,Kinnauri Architecture,Religious Heritage,Peaceful Atmosphere,Remove footwear before entering,Maintain silence inside the temple,2026-07-20T11:52:38.373Z,,
6a5bacf4fbc925e6fcc12da8,6a4a5125732595d33bf3b037,Baspa Riverside Walk,Enjoy a peaceful walk along the crystal-clear Baspa River in Sangla Valley.,"Take a scenic riverside walk surrounded by snow-capped mountains, lush meadows, pine forests, and the refreshing beauty of the Baspa River.",https://res.cloudinary.com/ddjehdwgu/image/upload/v1784548289/travelbharat/nq9mnonqnpvchgcqvych.jpg,travelbharat/nq9mnonqnpvchgcqvych,2 Hours,3 km,Baspa River,Nature,April to October,Free,Easy,false,Baspa River,Mountain Views,Nature Walk,Photography,Wear comfortable walking shoes,Carry drinking water,2026-07-20T11:51:29.056Z,,
6a5bacf4fbc925e6fcc12da9,6a4a5125732595d33bf3b037,Kamru Fort Visit,Explore the historic Kamru Fort and its rich Kinnauri heritage.,"Visit the ancient Kamru Fort to admire traditional wooden architecture, sacred shrines, and panoramic views of the beautiful Sangla Valley.",https://res.cloudinary.com/ddjehdwgu/image/upload/v1784548314/travelbharat/nkng119otvakdyvlvfin.jpg,travelbharat/nkng119otvakdyvlvfin,2 Hours,2 km,Kamru Fort,Heritage,March to November,₹50 - ₹200,Easy,false,Historic Fort,Wooden Architecture,Valley Views,Cultural Heritage,Dress modestly,Respect local traditions,2026-07-20T11:51:54.436Z,,
6a5bad0afbc925e6fcc12dad,6a4a5160732595d33bf3b039,Last Village Walk,Explore India's last inhabited village before the Indo-Tibet border.,"Walk through the picturesque village of Chitkul, admire traditional Kinnauri wooden houses, charming lanes, and breathtaking views of the Baspa Valley surrounded by snow-capped mountains.",https://res.cloudinary.com/ddjehdwgu/image/upload/v1784548384/travelbharat/k0okpfzyggogucivdrgt.jpg,travelbharat/k0okpfzyggogucivdrgt,2 Hours,2 km,Chitkul Village,Culture,April to October,Free,Easy,false,Traditional Village,Kinnauri Culture,Mountain Views,Wooden Houses,Respect local customs,Carry warm clothing,2026-07-20T11:53:04.314Z,,
6a5bad0afbc925e6fcc12db0,6a4a5160732595d33bf3b039,Baspa Valley Photography,Capture stunning Himalayan landscapes in the beautiful Baspa Valley.,"Photograph dramatic mountain peaks, traditional villages, alpine fields, and the scenic Baspa River from Chitkul's most picturesque viewpoints.",https://res.cloudinary.com/ddjehdwgu/image/upload/v1784548480/travelbharat/bimpn060us91zeivgtqd.jpg,travelbharat/bimpn060us91zeivgtqd,2 Hours,2 km,Baspa Valley Viewpoint,Photography,September to October,Free,Easy,false,Mountain Panorama,River Landscapes,Village Photography,Golden Hour,Visit during sunrise,Carry extra camera batteries,2026-07-20T11:54:39.882Z,,
6a5bad0afbc925e6fcc12daf,6a4a5160732595d33bf3b039,Mathi Temple Visit,Visit Chitkul's revered temple dedicated to the local deity Mathi.,"Explore the historic Mathi Temple, known for its beautiful Kinnauri wooden architecture, intricate carvings, and deep cultural significance to the local community.",https://res.cloudinary.com/ddjehdwgu/image/upload/v1784548431/travelbharat/hwyumflmitnd0segklhf.jpg,travelbharat/hwyumflmitnd0segklhf,1.5 Hours,1 km,Mathi Temple,Spiritual,Throughout the Year,Free,Easy,false,Ancient Temple,Wooden Architecture,Local Heritage,Peaceful Ambience,Dress respectfully,Photography may be restricted inside,2026-07-20T11:53:51.064Z,,
6a5bad0afbc925e6fcc12dae,6a4a5160732595d33bf3b039,Baspa River Picnic,Relax beside the crystal-clear Baspa River amidst pristine Himalayan scenery.,"Spend a peaceful day along the banks of the Baspa River while enjoying spectacular mountain landscapes, alpine meadows, and the refreshing sounds of flowing water.",https://res.cloudinary.com/ddjehdwgu/image/upload/v1784548410/travelbharat/bnnaw2xce4umtetfqwc0.jpg,travelbharat/bnnaw2xce4umtetfqwc0,3 Hours,3 km,Baspa River,Nature,May to October,Free,Easy,false,Riverside Picnic,Snow Peaks,Alpine Meadows,Nature Escape,Carry reusable water bottles,Keep the surroundings clean,2026-07-20T11:53:30.253Z,,
6a5bad22fbc925e6fcc12db2,6a4a51af732595d33bf3b03b,Kinnaur Kailash Viewpoint,Enjoy panoramic views of the majestic Kinnaur Kailash mountain range.,"Visit the famous viewpoints around Reckong Peo to witness the magnificent Kinnaur Kailash peaks, lush valleys, and spectacular Himalayan landscapes.",https://res.cloudinary.com/ddjehdwgu/image/upload/v1784548500/travelbharat/pi9cg4i8ke8j3yc3yomd.jpg,travelbharat/pi9cg4i8ke8j3yc3yomd,2 Hours,3 km,Kinnaur Kailash Viewpoint,Nature,March to November,Free,Easy,false,Kinnaur Kailash,Mountain Panorama,Scenic Views,Photography,Visit during sunrise,Carry warm clothing,2026-07-20T11:54:59.759Z,,
6a5bad22fbc925e6fcc12db4,6a4a51af732595d33bf3b03b,Apple Orchard Tour,Visit beautiful apple orchards surrounding Reckong Peo.,"Walk through flourishing apple orchards, learn about fruit cultivation, and enjoy fresh seasonal apples against a backdrop of snow-covered Himalayan peaks.",https://res.cloudinary.com/ddjehdwgu/image/upload/v1784548223/travelbharat/p7mnfjvc0mc0tucqxfk5.jpg,travelbharat/p7mnfjvc0mc0tucqxfk5,2 Hours,3 km,Reckong Peo Orchards,Agritourism,August to October,₹200 - ₹500,Easy,false,Apple Orchards,Farm Experience,Fresh Produce,Mountain Views,Visit during harvest season,Purchase fresh local apples,2026-07-20T11:50:22.871Z,,
6a5bad22fbc925e6fcc12db5,6a4a51af732595d33bf3b03b,Kalpa Scenic Drive,Take a picturesque drive between Reckong Peo and Kalpa.,"Enjoy a short but spectacular drive through winding mountain roads offering incredible views of the Kinnaur Kailash Range, apple orchards, and traditional Himalayan villages.",https://res.cloudinary.com/ddjehdwgu/image/upload/v1784548551/travelbharat/kdnlt2ybogy4z6forgvs.jpg,travelbharat/kdnlt2ybogy4z6forgvs,2 Hours,8 km,Kalpa Road,Adventure,March to November,Free,Easy,false,Mountain Drive,Valley Views,Apple Orchards,Scenic Route,Drive carefully on mountain roads,Stop at viewpoints for photos,2026-07-20T11:55:50.989Z,,
6a5bad22fbc925e6fcc12db3,6a4a51af732595d33bf3b03b,Local Market Walk,Explore the vibrant markets showcasing authentic Kinnauri products.,"Walk through Reckong Peo's bustling local market featuring traditional handicrafts, woolen products, dry fruits, apples, and regional delicacies.",https://res.cloudinary.com/ddjehdwgu/image/upload/v1784548519/travelbharat/ffqnovdxpu4mekq2meoz.jpg,travelbharat/ffqnovdxpu4mekq2meoz,2 Hours,2 km,Reckong Peo Market,Culture,Throughout the Year,Free,Easy,false,Local Handicrafts,Apple Products,Traditional Market,Kinnauri Culture,Support local artisans,Carry cash for small shops,2026-07-20T11:55:19.132Z,,
6a5bad44fbc925e6fcc12db9,6a4a51e2732595d33bf3b03d,Village Heritage Walk,Discover the traditional lifestyle of Nako's Himalayan village.,"Walk through narrow village lanes lined with traditional mud-brick homes, interact with locals, and experience the unique culture of the Trans-Himalayan region.",https://res.cloudinary.com/ddjehdwgu/image/upload/v1784547329/travelbharat/kut4vy85eubub49mjnap.jpg,travelbharat/kut4vy85eubub49mjnap,2 Hours,2 km,Nako Village,Culture,May to October,Free,Easy,false,Traditional Village,Local Culture,Mud Houses,Scenic Lanes,Respect local customs,Support local handicrafts,2026-07-20T11:35:29.499Z,,
6a5bad44fbc925e6fcc12db8,6a4a51e2732595d33bf3b03d,Nako Monastery Visit,Explore the centuries-old Buddhist monastery overlooking Nako village.,"Visit the historic Nako Monastery to admire ancient murals, traditional Tibetan architecture, prayer halls, and the peaceful spiritual atmosphere of the Himalayas.",https://res.cloudinary.com/ddjehdwgu/image/upload/v1784548602/travelbharat/mpo7oljuejtdul1exf25.jpg,travelbharat/mpo7oljuejtdul1exf25,1.5 Hours,500 m,Nako Monastery,Spiritual,Throughout the Year,Free,Easy,false,Ancient Monastery,Buddhist Heritage,Prayer Halls,Cultural Experience,Maintain silence,Dress respectfully,2026-07-20T11:56:42.664Z,,
6a5bad44fbc925e6fcc12db7,6a4a51e2732595d33bf3b03d,Nako Lake Walk,Enjoy a peaceful walk around the picturesque high-altitude Nako Lake.,"Stroll around the serene Nako Lake surrounded by barren Himalayan mountains, willow trees, and traditional mud-brick houses in one of Himachal's highest villages.",https://res.cloudinary.com/ddjehdwgu/image/upload/v1784548581/travelbharat/jz1mtafobfbmvbugnfcf.jpg,travelbharat/jz1mtafobfbmvbugnfcf,2 Hours,2 km,Nako Lake,Nature,May to October,Free,Easy,false,High Altitude Lake,Mountain Views,Peaceful Walk,Photography,Walk slowly due to altitude,Carry drinking water,2026-07-20T11:56:21.487Z,,
6a5bad44fbc925e6fcc12dba,6a4a51e2732595d33bf3b03d,Moonland Photography Tour,Capture the dramatic barren landscapes surrounding Nako.,"Photograph the unique Trans-Himalayan terrain, rugged mountains, ancient villages, and stunning high-altitude scenery that make Nako a paradise for landscape photographers.",https://res.cloudinary.com/ddjehdwgu/image/upload/v1784479486/travelbharat/n62vjvztqv63k7kosnii.jpg,travelbharat/n62vjvztqv63k7kosnii,2 Hours,4 km,Nako Viewpoint,Photography,September to October,Free,Easy,false,Mountain Panorama,High Altitude Landscape,Village Views,Golden Hour,Carry extra camera batteries,Visit during sunrise or sunset,2026-07-19T16:44:45.805Z,,
6a5bade6fbc925e6fcc12dbc,6a4a5292732595d33bf3b041,Keylong Himalayan Village Walk,Explore the peaceful mountain villages and traditional lifestyle of Keylong.,"Walk through the scenic villages around Keylong, discover ancient monasteries, interact with locals, and experience the unique culture of the Lahaul Himalayan region.",https://res.cloudinary.com/ddjehdwgu/image/upload/v1784479513/travelbharat/wwq01u1hhadndyvmkqkl.jpg,travelbharat/wwq01u1hhadndyvmkqkl,3 Hours,4 km,Keylong Town,Culture,May to October,Free,Easy,false,Himalayan Villages,Local Culture,Mountain Views,Traditional Lifestyle,Carry warm clothes,Respect local customs,2026-07-19T16:45:12.811Z,,
6a5bade6fbc925e6fcc12dbe,6a4a5292732595d33bf3b041,Keylong River Side Adventure,Enjoy nature and adventure activities beside Himalayan rivers.,"Spend time near the Bhaga River, enjoy scenic landscapes, capture mountain views, and experience the raw beauty of the Lahaul valley.",https://res.cloudinary.com/ddjehdwgu/image/upload/v1784479567/travelbharat/hga3scjxxnx3xerz3yaw.jpg,travelbharat/hga3scjxxnx3xerz3yaw,2 Hours,2 km,Bhaga River,Adventure,May to October,Free,Easy,false,River Views,Mountain Landscape,Photography,Nature Experience,Avoid slippery areas,Carry water,2026-07-19T16:46:06.363Z,,
6a5bade6fbc925e6fcc12dbd,6a4a5292732595d33bf3b041,Shashur Monastery Visit,Discover the peaceful Buddhist heritage near Keylong.,"Visit the historic Shashur Monastery surrounded by Himalayan peaks and experience ancient Buddhist traditions, colorful murals, and spiritual serenity.",https://res.cloudinary.com/ddjehdwgu/image/upload/v1784479541/travelbharat/hsnghjkgvtruyttzdlv4.jpg,travelbharat/hsnghjkgvtruyttzdlv4,2 Hours,3 km,Shashur Monastery,Spiritual,June to October,Free,Easy,false,Ancient Monastery,Buddhist Culture,Mountain Views,Peaceful Atmosphere,Maintain silence,Follow monastery rules,2026-07-19T16:45:40.745Z,,
6a5bade6fbc925e6fcc12dbf,6a4a5292732595d33bf3b041,Lahaul Mountain Photography Tour,Capture the dramatic landscapes of Keylong and Lahaul valley.,"Explore scenic viewpoints around Keylong to photograph snow-covered peaks, rugged valleys, monasteries, and breathtaking Himalayan scenery.",https://res.cloudinary.com/ddjehdwgu/image/upload/v1784479592/travelbharat/smjmxdce9hym2dt2nlu3.jpg,travelbharat/smjmxdce9hym2dt2nlu3,3 Hours,5 km,Keylong Viewpoints,Photography,September to October,Free,Easy,false,Himalayan Peaks,Valley Views,Sunset Photography,Landscape Shots,Carry extra batteries,Visit during golden hour,2026-07-19T16:46:31.617Z,,
6a5badf9fbc925e6fcc12dc3,6a4a5583732595d33bf3b04b,High Altitude Camping Experience,Spend a night under the stars in the remote Himalayan wilderness.,"Enjoy camping near Shinkula Pass surrounded by silent mountains, clear skies, and untouched natural beauty away from crowded tourist areas.",https://res.cloudinary.com/ddjehdwgu/image/upload/v1784479672/travelbharat/cxqxfnkcsjjfxk6qgue3.jpg,travelbharat/cxqxfnkcsjjfxk6qgue3,12 Hours,2 km,Near Shinkula Pass,Camping,June to September,Moderate,Hard,false,Starry Sky,Mountain Camping,Remote Wilderness,Nature Experience,Carry proper camping gear,Travel with experienced guides,2026-07-19T16:47:51.965Z,,
6a5badf9fbc925e6fcc12dc2,6a4a5583732595d33bf3b04b,Shinkula Pass Photography Expedition,Capture breathtaking Himalayan landscapes from a remote mountain pass.,"Explore the untouched beauty of Shinkula Pass and photograph glaciers, rocky valleys, snow peaks, and the dramatic Trans-Himalayan scenery.",https://res.cloudinary.com/ddjehdwgu/image/upload/v1784479648/travelbharat/l7grktzqxkthmgtbbzjx.jpg,travelbharat/l7grktzqxkthmgtbbzjx,3 Hours,5 km,Shinkula Pass Viewpoint,Photography,July to September,Free,Moderate,false,Glacier Views,Mountain Panorama,Rare Landscapes,Adventure Photography,Carry camera protection,Avoid staying too long at high altitude,2026-07-19T16:47:27.722Z,,
6a5badf9fbc925e6fcc12dc1,6a4a5583732595d33bf3b04b,Shinkula Pass Himalayan Drive,Experience one of the most thrilling high-altitude mountain passes in Himachal Pradesh.,"Drive through the spectacular Shinkula Pass surrounded by snow-covered peaks, rugged landscapes, and dramatic Himalayan terrain connecting Lahaul with Zanskar.",https://res.cloudinary.com/ddjehdwgu/image/upload/v1784479619/travelbharat/ns6ngxiifup4cifzidse.jpg,travelbharat/ns6ngxiifup4cifzidse,5 Hours,30 km,Shinkula Pass,Adventure,June to September,Free,Hard,false,High Altitude Pass,Snow Mountains,Off Road Adventure,Scenic Landscapes,Carry emergency supplies,Check road conditions before travel,2026-07-19T16:46:58.827Z,,
6a5badf9fbc925e6fcc12dc4,6a4a5583732595d33bf3b04b,Shinkula Pass Trekking Trail,Explore scenic trekking routes around the Himalayan pass.,"Walk through rugged mountain trails near Shinkula Pass and experience the raw beauty of high-altitude landscapes, valleys, and Himalayan wilderness.",https://res.cloudinary.com/ddjehdwgu/image/upload/v1784479749/travelbharat/cbrgoggz6ctuvmbmvsaf.jpg,travelbharat/cbrgoggz6ctuvmbmvsaf,4 Hours,6 km,Shinkula Region,Trekking,July to September,Free,Hard,false,Mountain Trails,Remote Valleys,Adventure Walk,Himalayan Views,Carry trekking essentials,Acclimatize before visiting,2026-07-19T16:49:09.161Z,,
6a5bae19fbc925e6fcc12dc6,6a4a564c732595d33bf3b04d,Kaza Monastery Exploration,Discover ancient Buddhist monasteries around the heart of Spiti Valley.,"Explore the spiritual heritage of Kaza by visiting nearby monasteries featuring ancient murals, prayer halls, Tibetan architecture, and peaceful Himalayan surroundings.",https://res.cloudinary.com/ddjehdwgu/image/upload/v1784479779/travelbharat/nrnc95u6jmzcra7j5wyq.jpg,travelbharat/nrnc95u6jmzcra7j5wyq,3 Hours,5 km,Kaza Town,Spiritual,May to October,Free,Easy,false,Buddhist Heritage,Ancient Monasteries,Mountain Views,Peaceful Atmosphere,Maintain silence,Respect monastery traditions,2026-07-19T16:49:38.924Z,,
6a5bae19fbc925e6fcc12dc9,6a4a564c732595d33bf3b04d,Spiti Valley Stargazing Night,Experience one of India's best stargazing destinations.,"Enjoy the crystal-clear night sky of Kaza with thousands of visible stars, making it perfect for astrophotography and peaceful Himalayan nights.",https://res.cloudinary.com/ddjehdwgu/image/upload/v1784480169/travelbharat/p6rwt9kas7jajszq5ffo.jpg,travelbharat/p6rwt9kas7jajszq5ffo,3 Hours,2 km,Kaza Outskirts,Nature,September to November,Free,Easy,false,Milky Way Views,Clear Sky,Astrophotography,Mountain Silence,Carry a tripod,Wear warm clothes,2026-07-19T16:56:08.821Z,,
6a5bae19fbc925e6fcc12dc8,6a4a564c732595d33bf3b04d,Kaza Market Local Experience,Explore the colorful local market and lifestyle of Spiti Valley.,"Walk through Kaza market to discover traditional handicrafts, local food, wool products, and interact with people living in the remote Himalayan desert region.",https://res.cloudinary.com/ddjehdwgu/image/upload/v1784479829/travelbharat/hvhsnte9fha1res8ecz0.jpg,travelbharat/hvhsnte9fha1res8ecz0,2 Hours,1 km,Kaza Market,Culture,May to October,Budget,Easy,false,Local Handicrafts,Traditional Food,Village Culture,Shopping,Try local dishes,Support local artisans,2026-07-19T16:50:28.404Z,,
6a5bae19fbc925e6fcc12dc7,6a4a564c732595d33bf3b04d,Key Monastery Visit,Visit Spiti's largest and most iconic hilltop monastery.,"Experience the breathtaking Key Monastery perched above the Spiti River, known for ancient scriptures, Buddhist teachings, and panoramic valley views.",https://res.cloudinary.com/ddjehdwgu/image/upload/v1784479804/travelbharat/w1uxeidpalmm0l5erold.jpg,travelbharat/w1uxeidpalmm0l5erold,2 Hours,14 km,Key Monastery,Heritage,June to October,Free,Easy,false,Hilltop Monastery,Spiti Valley Views,Ancient Scriptures,Buddhist Culture,Visit during morning hours,Carry warm clothing,2026-07-19T16:50:03.865Z,,
6a5bae53fbc925e6fcc12dcb,6a4a603b732595d33bf3b059,Victoria Memorial Garden Walk,Enjoy a peaceful walk through the beautiful gardens surrounding Victoria Memorial.,"Explore the landscaped gardens, fountains, pathways, and scenic views around the iconic Victoria Memorial while experiencing Kolkata's colonial heritage.",https://res.cloudinary.com/ddjehdwgu/image/upload/v1784480194/travelbharat/emnvm2bzi55lmxag6so6.jpg,travelbharat/emnvm2bzi55lmxag6so6,2 Hours,2 km,Victoria Memorial Gardens,Heritage,October to March,Low,Easy,false,Historic Gardens,Colonial Architecture,Photography,Peaceful Walk,Visit early morning,Carry a camera,2026-07-19T16:56:33.691Z,,
6a5bae53fbc925e6fcc12dcc,6a4a603b732595d33bf3b059,Victoria Memorial Museum Tour,Discover India's history through rare collections and galleries.,"Explore the museum inside Victoria Memorial featuring historical paintings, artifacts, manuscripts, and exhibits showcasing India's colonial and cultural heritage.",https://res.cloudinary.com/ddjehdwgu/image/upload/v1784485257/travelbharat/ozp4yilcbcwugeafdma8.jpg,travelbharat/ozp4yilcbcwugeafdma8,2 Hours,500 m,Victoria Memorial Museum,Museum,October to March,Budget,Easy,false,Historical Exhibits,Art Collections,Colonial History,Cultural Learning,Check museum timings,Maintain silence inside galleries,2026-07-19T18:20:57.141Z,,
6a5bae53fbc925e6fcc12dcd,6a4a603b732595d33bf3b059,Victoria Memorial Evening View,Experience the beauty of Victoria Memorial illuminated at night.,Witness the magnificent marble structure glowing with lights during evening hours and enjoy one of Kolkata's most iconic heritage views.,https://res.cloudinary.com/ddjehdwgu/image/upload/v1784485286/travelbharat/swcb2hgzbmk2zotynix9.jpg,travelbharat/swcb2hgzbmk2zotynix9,1.5 Hours,1 km,Victoria Memorial,Photography,October to March,Low,Easy,false,Night Illumination,Iconic Landmark,Photography,City Experience,Visit after sunset,Avoid crowded hours,2026-07-19T18:21:26.561Z,,
6a5bae53fbc925e6fcc12dce,6a4a603b732595d33bf3b059,Kolkata Heritage Photography Trail,Capture the timeless beauty of Kolkata's colonial landmarks.,"Explore Victoria Memorial surroundings and nearby heritage streets to photograph historic architecture, monuments, and the cultural charm of Kolkata.",https://res.cloudinary.com/ddjehdwgu/image/upload/v1784485325/travelbharat/gatp4thhyg4bpikoodaf.jpg,travelbharat/gatp4thhyg4bpikoodaf,3 Hours,5 km,Maidan Area,Photography,November to February,Free,Easy,false,Colonial Buildings,Historic Streets,Architecture,Street Photography,Carry extra batteries,Visit during golden hour,2026-07-19T18:22:05.182Z,,
6a5bae65fbc925e6fcc12dd2,6a4a60be732595d33bf3b05b,Dinosaur Fossil Discovery Tour,Explore fascinating fossil collections and prehistoric exhibits.,"Visit the natural history galleries of Indian Museum to discover dinosaur fossils, animal specimens, and geological collections from across India.",https://res.cloudinary.com/ddjehdwgu/image/upload/v1784485447/travelbharat/bov9tpotsh8xnshhzvuw.jpg,travelbharat/bov9tpotsh8xnshhzvuw,1.5 Hours,500 m,Natural History Gallery,Education,Throughout the Year,Budget,Easy,false,Fossil Collection,Natural History,Science Experience,Family Friendly,Ideal for children,Visit during weekdays for fewer crowds,2026-07-19T18:24:07.442Z,,
6a5bae65fbc925e6fcc12dd3,6a4a60be732595d33bf3b05b,Kolkata Museum Photography Walk,Capture historic architecture and cultural treasures of the museum.,"Experience a creative photography walk around the Indian Museum, documenting its grand colonial architecture, galleries, and heritage atmosphere.",https://res.cloudinary.com/ddjehdwgu/image/upload/v1784485482/travelbharat/fsjysvi6zilbqwrcboo7.jpg,travelbharat/fsjysvi6zilbqwrcboo7,2 Hours,2 km,Indian Museum Area,Photography,November to February,Budget,Easy,false,Colonial Architecture,Museum Interiors,Heritage Photography,Cultural Scenes,Carry camera accessories,Confirm photography permission,2026-07-19T18:24:42.818Z,,
6a5bae65fbc925e6fcc12dd1,6a4a60be732595d33bf3b05b,Ancient India Gallery Exploration,Travel through India's ancient history with rare artifacts.,"Explore archaeological sections featuring sculptures, relics, coins, and artworks from different periods of Indian civilization.",https://res.cloudinary.com/ddjehdwgu/image/upload/v1784485409/travelbharat/lhpjkmotkkce7netsbtw.jpg,travelbharat/lhpjkmotkkce7netsbtw,2 Hours,500 m,Indian Museum Galleries,History,Throughout the Year,Budget,Easy,false,Ancient Sculptures,Historical Relics,Indian Civilization,Educational Experience,Follow museum guidelines,Carry water,2026-07-19T18:23:29.397Z,,
6a5bae65fbc925e6fcc12dd0,6a4a60be732595d33bf3b05b,Indian Museum Heritage Tour,Explore India's oldest and one of the largest museums in Kolkata.,"Discover ancient sculptures, fossils, coins, paintings, archaeological treasures, and historical collections that showcase India's rich cultural and scientific heritage.",https://res.cloudinary.com/ddjehdwgu/image/upload/v1784485364/travelbharat/q67nhexni0gatysou831.jpg,travelbharat/q67nhexni0gatysou831,3 Hours,1 km,Indian Museum,Heritage,October to March,Budget,Easy,false,Ancient Artifacts,Historical Collections,Archaeology Gallery,Cultural Learning,Plan enough time for galleries,Check photography rules,2026-07-19T18:22:44.260Z,,
6a5bae80fbc925e6fcc12dd7,6a4a6154732595d33bf3b05d,Howrah Flower Market Experience,Explore one of Asia's largest flower markets near the bridge.,"Visit the colorful flower market beneath Howrah Bridge and experience the vibrant trading culture, local traditions, and beautiful floral displays.",https://res.cloudinary.com/ddjehdwgu/image/upload/v1784485614/travelbharat/a1wytznhhuucqgaaixbk.jpg,travelbharat/a1wytznhhuucqgaaixbk,2 Hours,500 m,Mullick Ghat Flower Market,Culture,Early Morning,Free,Easy,false,Colorful Flowers,Local Market,Cultural Experience,Street Photography,Visit before sunrise,Respect local vendors,2026-07-19T18:26:54.074Z,,
6a5bae80fbc925e6fcc12dd5,6a4a6154732595d33bf3b05d,Howrah Bridge Sunset Walk,Enjoy a scenic evening walk across Kolkata's iconic bridge.,"Experience the beauty of Howrah Bridge during sunset while watching the Hooghly River, passing boats, and the vibrant life of Kolkata unfold around you.",https://res.cloudinary.com/ddjehdwgu/image/upload/v1784485520/travelbharat/yotdchrd2c7ojd1dvoil.jpg,travelbharat/yotdchrd2c7ojd1dvoil,1.5 Hours,1 km,Howrah Bridge,Heritage,October to March,Free,Easy,false,River Views,Iconic Landmark,Sunset Experience,City Life,Visit during evening hours,Be careful in crowded areas,2026-07-19T18:25:20.225Z,,
6a5bae80fbc925e6fcc12dd6,6a4a6154732595d33bf3b05d,Hooghly River Photography Tour,Capture the beauty of the river and historic bridge views.,"Photograph the magnificent Howrah Bridge, Hooghly River, ferries, and the lively riverside atmosphere that represents Kolkata's heritage.",https://res.cloudinary.com/ddjehdwgu/image/upload/v1784485569/travelbharat/rupeeagtwmi1eqn2stwp.jpg,travelbharat/rupeeagtwmi1eqn2stwp,2 Hours,2 km,Hooghly Riverbank,Photography,November to February,Free,Easy,false,River Photography,Bridge Views,Boat Scenes,Urban Landscape,Carry a wide-angle lens,Golden hour gives best views,2026-07-19T18:26:09.421Z,,
6a5bae80fbc925e6fcc12dd8,6a4a6154732595d33bf3b05d,Howrah Bridge Night Photography,Witness the illuminated beauty of Kolkata's famous bridge.,"Capture the stunning night views of Howrah Bridge with city lights reflecting on the Hooghly River, creating a memorable Kolkata experience.",https://res.cloudinary.com/ddjehdwgu/image/upload/v1784485648/travelbharat/uhew3r2jblvfe1gobr7d.jpg,travelbharat/uhew3r2jblvfe1gobr7d,1 Hour,1 km,Howrah Bridge Viewpoint,Photography,Throughout the Year,Free,Easy,false,Night Views,City Lights,River Reflection,Iconic Photography,Use tripod for night shots,Stay in safe areas,2026-07-19T18:27:28.580Z,,
6a5baeb6fbc925e6fcc12ddc,6a4a6172732595d33bf3b05f,North Kolkata Heritage Walk,Explore the historic streets around Marble Palace.,"Walk through the charming lanes of North Kolkata filled with old mansions, colonial buildings, traditional markets, and stories of the city's rich past.",https://res.cloudinary.com/ddjehdwgu/image/upload/v1784486439/travelbharat/bglf6fh8ek5jbdrt2dd3.jpg,travelbharat/bglf6fh8ek5jbdrt2dd3,3 Hours,3 km,North Kolkata,Culture,November to February,Budget,Easy,false,Old Kolkata Streets,Heritage Buildings,Local Culture,Historical Stories,Start early morning,Wear comfortable shoes,2026-07-19T18:40:39.557Z,,
6a5baeb6fbc925e6fcc12ddd,6a4a6172732595d33bf3b05f,Marble Palace Photography Session,Capture the elegance of Kolkata's royal-style architecture.,"Photograph the grand interiors, artistic details, marble structures, and heritage atmosphere of this iconic Kolkata mansion.",https://res.cloudinary.com/ddjehdwgu/image/upload/v1784485839/travelbharat/d7xso8exxhmz3jsjvry2.jpg,travelbharat/d7xso8exxhmz3jsjvry2,2 Hours,500 m,Marble Palace,Photography,October to March,Free,Easy,false,Architectural Details,Historic Interiors,Art Photography,Heritage Views,Carry permission details,Use natural lighting,2026-07-19T18:30:39.129Z,,
6a5baeb6fbc925e6fcc12dda,6a4a6172732595d33bf3b05f,Marble Palace Heritage Tour,Explore one of Kolkata's finest 19th-century heritage mansions.,"Visit the magnificent Marble Palace known for its European architecture, marble sculptures, antique furniture, paintings, and rare art collections.",,,2 Hours,1 km,Marble Palace,Heritage,October to March,Free,Easy,castle,Historic Mansion,Marble Architecture,Antique Collections,Art Gallery,Take prior permission before visiting,Follow photography rules,,,
6a5baeb6fbc925e6fcc12ddb,6a4a6172732595d33bf3b05f,Marble Palace Art Gallery Experience,Discover rare artworks and European masterpieces.,"Explore the palace interiors featuring paintings, sculptures, chandeliers, and valuable collections reflecting Kolkata's artistic heritage.",,,1.5 Hours,500 m,Marble Palace Gallery,Art,Throughout the Year,Free,Easy,palette,Rare Paintings,Sculptures,European Art,Cultural Heritage,Maintain silence inside,Respect private property,,,
6a5baf00fbc925e6fcc12de0,6a4a61a0732595d33bf3b061,Cathedral Photography Experience,Capture the architectural beauty of Kolkata's famous cathedral.,"Enjoy a photography session capturing the elegant towers, detailed interiors, gardens, and historic design elements of St. Paul's Cathedral.",https://res.cloudinary.com/ddjehdwgu/image/upload/v1784486029/travelbharat/bnltx99img7fws73gvjy.jpg,travelbharat/bnltx99img7fws73gvjy,1 Hour,500 m,St. Paul's Cathedral Garden,Photography,November to February,Free,Easy,false,Historic Architecture,Garden Views,Interior Details,Heritage Photography,Check photography rules,Visit during soft daylight,2026-07-19T18:33:49.322Z,,
6a5baf00fbc925e6fcc12ddf,6a4a61a0732595d33bf3b061,St. Paul's Cathedral Heritage Visit,Explore Kolkata's iconic Anglican cathedral with stunning Gothic architecture.,"Visit St. Paul's Cathedral, one of Kolkata's most important heritage landmarks, known for its magnificent Gothic architecture, peaceful interiors, stained glass windows, and historical significance.",https://res.cloudinary.com/ddjehdwgu/image/upload/v1784485885/travelbharat/hpiwqaza1fhzhyppqvvt.jpg,travelbharat/hpiwqaza1fhzhyppqvvt,1.5 Hours,1 km,St. Paul's Cathedral,Heritage,October to March,Free,Easy,false,Gothic Architecture,Stained Glass Windows,Historic Landmark,Peaceful Atmosphere,Dress respectfully,Maintain silence inside,2026-07-19T18:31:25.413Z,,
6a5baf00fbc925e6fcc12de2,6a4a61a0732595d33bf3b061,Kolkata Colonial Heritage Trail,Discover colonial landmarks near St. Paul's Cathedral.,"Explore nearby heritage attractions including Victoria Memorial, Maidan, and other colonial landmarks to understand Kolkata's historic character.",https://res.cloudinary.com/ddjehdwgu/image/upload/v1784486151/travelbharat/isaiyemduvbo6eq3bopo.jpg,travelbharat/isaiyemduvbo6eq3bopo,3 Hours,4 km,Central Kolkata Heritage Zone,Culture,November to February,Budget,Easy,false,Colonial History,Historic Buildings,City Walk,Cultural Discovery,Wear comfortable shoes,Start early for better experience,2026-07-19T18:35:51.560Z,,
6a5baf00fbc925e6fcc12de1,6a4a61a0732595d33bf3b061,Cathedral Garden Relaxation Walk,Enjoy a calm walk around the peaceful cathedral surroundings.,"Spend quiet time in the green surroundings of St. Paul's Cathedral, enjoying its serene gardens and historic atmosphere away from the city's busy streets.",https://res.cloudinary.com/ddjehdwgu/image/upload/v1784486113/travelbharat/bxpfxgzqandpkxqbfxhj.jpg,travelbharat/bxpfxgzqandpkxqbfxhj,1 Hour,500 m,Cathedral Grounds,Nature,October to March,Free,Easy,false,Green Space,Peaceful Environment,Historic Surroundings,Relaxing Walk,Visit in morning hours,Avoid disturbing visitors,2026-07-19T18:35:13.893Z,,
6a5baf14fbc925e6fcc12de6,6a4a61c7732595d33bf3b063,Prinsep Ghat Photography Session,Capture one of Kolkata's most photogenic heritage locations.,"Photograph the beautiful Palladian-style monument, riverside landscape, boats, bridges, and golden hour views at Prinsep Ghat.",https://res.cloudinary.com/ddjehdwgu/image/upload/v1784486272/travelbharat/kwfj9ibp1jq3v9louf08.jpg,travelbharat/kwfj9ibp1jq3v9louf08,2 Hours,1 km,Prinsep Ghat Riverside,Photography,November to February,Free,Easy,false,Heritage Architecture,River Photography,Sunset Shots,City Landscape,Golden hour gives best photos,Carry extra battery,2026-07-19T18:37:51.919Z,,
6a5baf14fbc925e6fcc12de7,6a4a61c7732595d33bf3b063,Prinsep Ghat Evening Relaxation,Spend a peaceful evening enjoying Kolkata's riverside atmosphere.,"Relax near the Hooghly River while enjoying fresh air, city lights, and the historic charm of one of Kolkata's most loved leisure spots.",https://res.cloudinary.com/ddjehdwgu/image/upload/v1784486310/travelbharat/wuphctluy36ty5fd9o3i.jpg,travelbharat/wuphctluy36ty5fd9o3i,1.5 Hours,500 m,Prinsep Ghat,Nature,Throughout the Year,Free,Easy,false,River Breeze,City Lights,Peaceful Environment,Leisure Walk,Avoid peak crowds,Keep surroundings clean,2026-07-19T18:38:30.081Z,,
6a5baf14fbc925e6fcc12de5,6a4a61c7732595d33bf3b063,Prinsep Ghat Boat Ride,Enjoy a relaxing boat ride across the Hooghly River.,"Take a scenic boat ride from Prinsep Ghat and admire Kolkata's skyline, Vidyasagar Setu, river life, and beautiful sunset views from the water.",,,1 Hour,500 m,Hooghly River,Adventure,October to March,Budget,Easy,ship,River Cruise,Bridge Views,Sunset Scenery,Relaxing Experience,Wear comfortable clothes,Check boat availability,,,
6a5baf14fbc925e6fcc12de4,6a4a61c7732595d33bf3b063,Prinsep Ghat Riverside Walk,Enjoy a peaceful walk beside the Hooghly River at a historic riverside landmark.,"Experience the beauty of Prinsep Ghat with its colonial monument, riverside pathways, refreshing breeze, and scenic views of the Hooghly River.",https://res.cloudinary.com/ddjehdwgu/image/upload/v1784486209/travelbharat/xl193upsp3ejw3p4nqcn.jpg,travelbharat/xl193upsp3ejw3p4nqcn,2 Hours,2 km,Prinsep Ghat,Heritage,October to March,Free,Easy,false,Hooghly River Views,Colonial Monument,Peaceful Walk,Sunset Experience,Visit during evening,Carry a camera,2026-07-19T18:36:49.253Z,,
6a5baf38fbc925e6fcc12dea,6a4a61fc732595d33bf3b065,Rabindranath Tagore Museum Experience,Discover the life and works of India's legendary poet.,"Explore museum galleries showcasing Rabindranath Tagore's manuscripts, paintings, photographs, family history, and contributions to literature and culture.",https://res.cloudinary.com/ddjehdwgu/image/upload/v1784486373/travelbharat/glbzuxmu4acsanzhlvkm.jpg,travelbharat/glbzuxmu4acsanzhlvkm,2 Hours,500 m,Rabindra Bharati Museum,Culture,Throughout the Year,Budget,Easy,false,Tagore Collections,Literary History,Art Gallery,Cultural Learning,Read information boards,Plan enough time,2026-07-19T18:39:32.886Z,,
6a5baf38fbc925e6fcc12dec,6a4a61fc732595d33bf3b065,Jorasanko Photography Experience,Capture the artistic beauty of Tagore's historic residence.,"Photograph the traditional architecture, courtyards, museum displays, and cultural atmosphere of one of Kolkata's most significant heritage sites.",https://res.cloudinary.com/ddjehdwgu/image/upload/v1784486547/travelbharat/yhgqx1qbwimmlsjjry7i.jpg,travelbharat/yhgqx1qbwimmlsjjry7i,1.5 Hours,500 m,Jorasanko Thakur Bari,Photography,October to March,Budget,Easy,false,Historic Architecture,Cultural Photography,Traditional Design,Heritage Atmosphere,Check photography permissions,Use natural light,2026-07-19T18:42:27.223Z,,
6a5baf38fbc925e6fcc12deb,6a4a61fc732595d33bf3b065,North Kolkata Heritage Walk,Walk through historic streets surrounding Tagore's ancestral home.,"Explore old Kolkata lanes filled with traditional houses, heritage buildings, cultural landmarks, and stories from Bengal's artistic past.",https://res.cloudinary.com/ddjehdwgu/image/upload/v1784485794/travelbharat/x2ezapvsnc0n1wjjww9h.jpg,travelbharat/x2ezapvsnc0n1wjjww9h,3 Hours,4 km,Jorasanko Area,Walking Tour,November to February,Budget,Easy,false,Old Kolkata Streets,Historic Buildings,Local Culture,Heritage Stories,Wear comfortable shoes,Start in morning,2026-07-19T18:29:55.072Z,,
6a5baf38fbc925e6fcc12de9,6a4a61fc732595d33bf3b065,Jorasanko Thakur Bari Heritage Tour,Explore the ancestral home of Nobel laureate Rabindranath Tagore.,"Visit Jorasanko Thakur Bari, the birthplace of Rabindranath Tagore, and discover Tagore family's history, artworks, personal belongings, and Bengal Renaissance heritage.",https://res.cloudinary.com/ddjehdwgu/image/upload/v1784486345/travelbharat/tww0ep11pds9bjvjjoag.jpg,travelbharat/tww0ep11pds9bjvjjoag,2 Hours,1 km,Jorasanko Thakur Bari,Heritage,October to March,Budget,Easy,false,Tagore Heritage,Historic Mansion,Bengal Renaissance,Cultural Museum,Maintain silence inside museum,Check visiting hours,2026-07-19T18:39:05.076Z,,
6a5baf54fbc925e6fcc12df0,6a4a6223732595d33bf3b067,Kolkata Colonial History Exploration,Learn about the British-era history of Kolkata.,"Discover stories of colonial officials, missionaries, and historical personalities through the old graves and monuments preserved inside the cemetery.",https://res.cloudinary.com/ddjehdwgu/image/upload/v1784486651/travelbharat/xdd57tsrhiwet7c3rvsy.jpg,travelbharat/xdd57tsrhiwet7c3rvsy,2 Hours,1 km,Park Street Area,History,October to March,Budget,Easy,false,Colonial Stories,Historical Figures,Old Kolkata,Cultural Learning,Read monument descriptions,Respect the heritage site,2026-07-19T18:44:11.287Z,,
6a5baf54fbc925e6fcc12def,6a4a6223732595d33bf3b067,Colonial Architecture Photography,Capture unique heritage structures and historic monuments.,"Photograph the beautifully designed tombs, stone structures, inscriptions, and architectural details that reflect Kolkata's colonial history.",https://res.cloudinary.com/ddjehdwgu/image/upload/v1784486619/travelbharat/uqn7scc1htwfz6zpsw7t.jpg,travelbharat/uqn7scc1htwfz6zpsw7t,1 Hour,500 m,South Park Street Cemetery,Photography,November to February,Budget,Easy,false,Historic Structures,Architecture Details,Heritage Photography,Ancient Monuments,Ask before professional photography,Carry a camera,2026-07-19T18:43:39.609Z,,
6a5baf54fbc925e6fcc12df1,6a4a6223732595d33bf3b067,Peaceful Heritage Garden Walk,Enjoy a calm walk among historic monuments and greenery.,"Experience a quiet atmosphere surrounded by old trees, heritage tombs, and natural beauty in the middle of busy Kolkata.",https://res.cloudinary.com/ddjehdwgu/image/upload/v1784486682/travelbharat/ylbbb2dcaj8xfmvxqne6.jpg,travelbharat/ylbbb2dcaj8xfmvxqne6,1 Hour,500 m,Cemetery Grounds,Nature,Morning Hours,Budget,Easy,false,Green Surroundings,Quiet Atmosphere,Historic Landscape,Relaxing Walk,Visit in morning,Avoid loud conversations,2026-07-19T18:44:42.309Z,,
6a5baf54fbc925e6fcc12dee,6a4a6223732595d33bf3b067,South Park Street Cemetery Heritage Walk,Explore one of Kolkata's oldest colonial-era cemeteries.,"Walk through the historic South Park Street Cemetery known for its grand tombs, Gothic monuments, ancient trees, and stories from Kolkata's colonial past.",https://res.cloudinary.com/ddjehdwgu/image/upload/v1784486587/travelbharat/owagkvs34yfwwhbmwpnd.jpg,travelbharat/owagkvs34yfwwhbmwpnd,1.5 Hours,1 km,South Park Street Cemetery,Heritage,October to March,Budget,Easy,false,Colonial Tombs,Historic Monuments,Gothic Architecture,Peaceful Environment,Maintain respectful behavior,Visit during daylight,2026-07-19T18:43:07.477Z,,
6a5baf6ffbc925e6fcc12df4,6a4a6242732595d33bf3b069,Town Hall Museum Experience,Discover Kolkata's history through rare collections and exhibits.,"Explore historical displays, old documents, photographs, and artifacts that showcase the evolution of Kolkata and Bengal's cultural journey.",https://res.cloudinary.com/ddjehdwgu/image/upload/v1784486747/travelbharat/f07x7cbbblxyu7x9gewc.jpg,travelbharat/f07x7cbbblxyu7x9gewc,2 Hours,500 m,Town Hall Museum,Museum,Throughout the Year,Budget,Easy,false,Historical Exhibits,Old Documents,Cultural Learning,Colonial History,Take time to read exhibits,Follow museum rules,2026-07-19T18:45:47.728Z,,
6a5baf6ffbc925e6fcc12df3,6a4a6242732595d33bf3b069,Kolkata Town Hall Heritage Tour,Explore one of Kolkata's finest colonial-era public buildings.,"Visit Town Hall Kolkata, a historic Greco-Roman style building showcasing the city's colonial history, cultural events, and architectural beauty.",https://res.cloudinary.com/ddjehdwgu/image/upload/v1784486713/travelbharat/cxxwwlx2vnpreatsyvxg.jpg,travelbharat/cxxwwlx2vnpreatsyvxg,1.5 Hours,1 km,Town Hall Kolkata,Heritage,October to March,Budget,Easy,false,Colonial Architecture,Historic Building,Cultural Heritage,City History,Check event timings,Carry identification if required,2026-07-19T18:45:13.673Z,,
6a5baf6ffbc925e6fcc12df6,6a4a6242732595d33bf3b069,Town Hall Architecture Photography,Capture the elegant colonial design of Town Hall.,"Enjoy photography of the grand pillars, historic interiors, and architectural details that make Town Hall one of Kolkata's memorable heritage landmarks.",https://res.cloudinary.com/ddjehdwgu/image/upload/v1784520984/travelbharat/pjy12mdtmi4bdsgssy88.jpg,travelbharat/pjy12mdtmi4bdsgssy88,1 Hour,500 m,Town Hall Kolkata,Photography,October to March,Free,Easy,false,Colonial Design,Historic Architecture,Photography,Heritage Views,Check photography permission,Visit in daylight,2026-07-20T04:16:23.846Z,,
6a5baf6ffbc925e6fcc12df5,6a4a6242732595d33bf3b069,B.B.D. Bagh Heritage Walk,Explore historic landmarks around central Kolkata.,"Walk around the B.B.D. Bagh area near Town Hall and discover colonial buildings, government offices, monuments, and stories of old Kolkata.",https://res.cloudinary.com/ddjehdwgu/image/upload/v1784486776/travelbharat/lgsudhwmjfqjle4winpy.jpg,travelbharat/lgsudhwmjfqjle4winpy,3 Hours,3 km,B.B.D. Bagh,Walking Tour,November to February,Free,Easy,false,Colonial Buildings,Historic Streets,Architecture,City Exploration,Start early morning,Wear comfortable footwear,2026-07-19T18:46:16.179Z,,
6a5bafa7fbc925e6fcc12dfb,6a4a62b0732595d33bf3b06b,Rabindra Sarobar Photography Walk,"Capture nature, water landscapes, and peaceful city scenes.","Enjoy a creative photography walk around the lake capturing trees, pathways, birds, water reflections, and Kolkata's natural side.",https://res.cloudinary.com/ddjehdwgu/image/upload/v1784521137/travelbharat/kp5nbyzmzaue4kcpcxqd.jpg,travelbharat/kp5nbyzmzaue4kcpcxqd,2 Hours,2 km,Rabindra Sarobar Area,Photography,November to February,Free,Easy,false,Nature Photography,Bird Photography,Landscape Views,Green Spaces,Use morning light,Carry extra batteries,2026-07-20T04:18:57.197Z,,
6a5bafa7fbc925e6fcc12df8,6a4a62b0732595d33bf3b06b,Rabindra Sarobar Lake Walk,Enjoy a refreshing nature walk around Kolkata's peaceful urban lake.,"Walk along the scenic pathways of Rabindra Sarobar surrounded by greenery, water views, birds, and a calm environment away from city noise.",https://res.cloudinary.com/ddjehdwgu/image/upload/v1784521026/travelbharat/h8ne38rz3b4zgoaj6q18.jpg,travelbharat/h8ne38rz3b4zgoaj6q18,2 Hours,2 km,Rabindra Sarobar Lake,Nature,October to March,Free,Easy,false,Lake Views,Green Environment,Morning Walk,Peaceful Atmosphere,Visit early morning,Keep the area clean,2026-07-20T04:17:06.348Z,,
6a5bafa7fbc925e6fcc12dfa,6a4a62b0732595d33bf3b06b,Rabindra Sarobar Sunset Experience,Relax and enjoy beautiful sunset views beside the lake.,Spend a peaceful evening watching the changing colors of the sky reflected on the lake while enjoying Kolkata's natural beauty.,https://res.cloudinary.com/ddjehdwgu/image/upload/v1784521106/travelbharat/yz08hbbuk1r41ybefoki.jpg,travelbharat/yz08hbbuk1r41ybefoki,1.5 Hours,500 m,Lake View Area,Nature,Throughout the Year,Free,Easy,false,Sunset Views,Lake Reflection,Relaxation,Photography,Reach before sunset,Carry a camera,2026-07-20T04:18:26.128Z,,
6a5bafa7fbc925e6fcc12df9,6a4a62b0732595d33bf3b06b,Bird Watching at Rabindra Sarobar,Observe beautiful birds in one of Kolkata's green spaces.,Explore the lake surroundings to spot different local and migratory birds while enjoying the natural beauty of this urban ecological zone.,https://res.cloudinary.com/ddjehdwgu/image/upload/v1784521063/travelbharat/qr521atrxs20jzaantw8.jpg,travelbharat/qr521atrxs20jzaantw8,2 Hours,1 km,Rabindra Sarobar,Wildlife,November to February,Free,Easy,false,Bird Watching,Natural Habitat,Photography,Lake Ecosystem,Carry binoculars,Avoid disturbing birds,2026-07-20T04:17:42.437Z,,
6a5bafbefbc925e6fcc12dfe,6a4a6305732595d33bf3b06d,Eco Park Boating Experience,Enjoy a relaxing boat ride surrounded by scenic views.,"Experience boating on the large lake inside Eco Park while enjoying peaceful water views, gardens, and modern city landscapes.",https://res.cloudinary.com/ddjehdwgu/image/upload/v1784521207/travelbharat/jvtajngmprtsjob0atr7.jpg,travelbharat/jvtajngmprtsjob0atr7,1 Hour,1 km,Eco Park Lake,Adventure,October to March,Budget,Easy,false,Lake Adventure,Water Views,Relaxing Ride,Scenic Surroundings,Check boating timings,Follow safety instructions,2026-07-20T04:20:06.773Z,,
6a5bafbefbc925e6fcc12dfd,6a4a6305732595d33bf3b06d,Eco Park Nature Walk,Explore Kolkata's largest urban eco park with beautiful landscapes.,"Enjoy walking through landscaped gardens, lakes, themed zones, and green spaces at Eco Park while experiencing nature within the city.",https://res.cloudinary.com/ddjehdwgu/image/upload/v1784521170/travelbharat/yoleuoxehrgavr8tfck7.jpg,travelbharat/yoleuoxehrgavr8tfck7,3 Hours,5 km,Eco Park New Town,Nature,October to March,Budget,Easy,false,Green Landscapes,Lake Views,Nature Trails,Family Friendly,Wear comfortable shoes,Visit during morning or evening,2026-07-20T04:19:30.075Z,,
6a5bafbefbc925e6fcc12e00,6a4a6305732595d33bf3b06d,Eco Park Sunset Photography,Capture beautiful sunset views across lakes and gardens.,"Enjoy photography around Eco Park during golden hour with reflections, landscapes, sculptures, and modern Kolkata skyline views.",https://res.cloudinary.com/ddjehdwgu/image/upload/v1784521282/travelbharat/srijlxcniszxxzv8i3yx.jpg,travelbharat/srijlxcniszxxzv8i3yx,2 Hours,2 km,Eco Park Lake Side,Photography,October to March,Budget,Easy,false,Sunset Views,Lake Reflection,Landscape Photography,Modern Cityscape,Carry camera accessories,Visit before sunset,2026-07-20T04:21:22.032Z,,
6a5bafbefbc925e6fcc12dff,6a4a6305732595d33bf3b06d,Eco Park Cycling Tour,Explore the huge park area on a bicycle ride.,"Cycle through dedicated pathways across Eco Park and discover gardens, water bodies, sculptures, and different themed attractions.",https://res.cloudinary.com/ddjehdwgu/image/upload/v1784521243/travelbharat/izcg4oatjtoy02fwizh9.jpg,travelbharat/izcg4oatjtoy02fwizh9,2 Hours,6 km,Eco Park Cycling Zone,Adventure,November to February,Budget,Easy,false,Cycling Trails,Green Environment,Outdoor Activity,Park Exploration,Carry water,Avoid afternoon heat,2026-07-20T04:20:43.227Z,,
6a5bafe2fbc925e6fcc12e02,6a4a6326732595d33bf3b06f,Millennium Park Riverside Walk,Enjoy a relaxing walk along Kolkata's Hooghly River waterfront.,"Explore Millennium Park with beautiful gardens, riverside pathways, seating areas, and peaceful views of the Hooghly River and city skyline.",https://res.cloudinary.com/ddjehdwgu/image/upload/v1784521314/travelbharat/qe6xbckjavrzryzyhujd.jpg,travelbharat/qe6xbckjavrzryzyhujd,2 Hours,2 km,Millennium Park,Nature,October to March,Budget,Easy,false,River Views,Garden Walk,City Skyline,Peaceful Environment,Visit during evening,Carry a camera,2026-07-20T04:21:54.074Z,,
6a5bafe2fbc925e6fcc12e05,6a4a6326732595d33bf3b06f,Family Leisure Experience,Spend quality time enjoying open spaces and riverside activities.,"Enjoy a peaceful outing with family and friends through gardens, walking paths, river views, and relaxing areas inside Millennium Park.",,,3 Hours,2 km,Millennium Park,Family,October to March,Budget,Easy,users,Family Outing,Open Space,Riverfront Relaxation,Leisure Activities,Carry snacks and water,Keep children supervised,,,
6a5bafe2fbc925e6fcc12e03,6a4a6326732595d33bf3b06f,Hooghly River Sunset Experience,Witness beautiful sunset views from Kolkata's riverside park.,"Relax beside the Hooghly River and enjoy stunning sunset colors, passing boats, river breeze, and illuminated city views.",https://res.cloudinary.com/ddjehdwgu/image/upload/v1784521349/travelbharat/b8dipn0w5m5z0tkigeex.jpg,travelbharat/b8dipn0w5m5z0tkigeex,1.5 Hours,500 m,Millennium Park Riverside,Nature,Throughout the Year,Budget,Easy,false,Sunset Views,River Breeze,Relaxation,Photography,Reach before sunset,Avoid crowded weekends,2026-07-20T04:22:28.341Z,,
6a5bafe2fbc925e6fcc12e04,6a4a6326732595d33bf3b06f,Millennium Park Photography Tour,Capture riverside landscapes and Kolkata city views.,"Take photographs of gardens, river scenes, boats, bridges, and the changing skyline from one of Kolkata's popular riverside locations.",https://res.cloudinary.com/ddjehdwgu/image/upload/v1784521389/travelbharat/ttr1uh5sfankacx3sfn0.jpg,travelbharat/ttr1uh5sfankacx3sfn0,2 Hours,1 km,Millennium Park,Photography,November to February,Budget,Easy,false,River Photography,Landscape Shots,Boat Views,Cityscape,Use golden hour lighting,Carry extra battery,2026-07-20T04:23:08.911Z,,
6a5bb003fbc925e6fcc12e08,6a4a6371732595d33bf3b071,Nalban Bird Watching Experience,Discover beautiful birds around Kolkata's wetland ecosystem.,Explore the natural habitat of Nalban wetlands where visitors can observe different species of birds and enjoy a quiet wildlife experience.,https://res.cloudinary.com/ddjehdwgu/image/upload/v1784521508/travelbharat/njfxpjasdtvzbkkhkqaz.jpg,travelbharat/njfxpjasdtvzbkkhkqaz,2 Hours,1 km,Nalban Wetlands,Wildlife,November to February,Free,Easy,false,Bird Watching,Wetland Ecology,Nature Photography,Wildlife Experience,Carry binoculars,Avoid loud sounds,2026-07-20T04:25:08.208Z,,
6a5bb003fbc925e6fcc12e07,6a4a6371732595d33bf3b071,Nalban Park Nature Walk,Explore a peaceful wetland park surrounded by greenery and water.,"Walk through Nalban Park and enjoy natural landscapes, wetlands, lakes, and peaceful surroundings that provide a refreshing escape from Kolkata's busy city life.",https://res.cloudinary.com/ddjehdwgu/image/upload/v1784521459/travelbharat/qiqdbi8x8r35zzkodnlx.jpg,travelbharat/qiqdbi8x8r35zzkodnlx,2 Hours,3 km,Nalban Park,Nature,October to March,Budget,Easy,false,Wetland Landscape,Green Environment,Lake Views,Peaceful Walk,Visit during morning,Carry drinking water,2026-07-20T04:24:18.750Z,,
6a5bb003fbc925e6fcc12e0a,6a4a6371732595d33bf3b071,Nalban Photography Trail,"Capture wetlands, birds, and natural landscapes.","Enjoy photography around Nalban Park featuring water reflections, greenery, birds, and peaceful wetland scenery perfect for nature lovers.",https://res.cloudinary.com/ddjehdwgu/image/upload/v1784521569/travelbharat/isrzwvpr9enct2l1umcq.jpg,travelbharat/isrzwvpr9enct2l1umcq,2 Hours,2 km,Nalban Park Area,Photography,November to February,Free,Easy,false,Nature Photography,Bird Photography,Water Landscape,Green Surroundings,Visit during golden hour,Carry extra batteries,2026-07-20T04:26:08.565Z,,
6a5bb003fbc925e6fcc12e09,6a4a6371732595d33bf3b071,Nalban Boating Experience,Enjoy a relaxing boat ride through scenic water surroundings.,"Experience boating in the calm waters of Nalban while enjoying views of wetlands, greenery, and the peaceful natural environment.",https://res.cloudinary.com/ddjehdwgu/image/upload/v1784521539/travelbharat/j5drhnzoijmdzzg6dgqu.jpg,travelbharat/j5drhnzoijmdzzg6dgqu,1 Hour,500 m,Nalban Lake,Adventure,October to March,Budget,Easy,false,Lake Ride,Water Views,Relaxing Activity,Nature Experience,Follow boating safety rules,Check availability,2026-07-20T04:25:39.153Z,,
6a5bb01dfbc925e6fcc12e0c,6a4a64aa732595d33bf3b075,Alipore Zoo Wildlife Exploration,Explore one of India's oldest zoological gardens in Kolkata.,"Visit Alipore Zoological Garden to observe diverse animal species, birds, reptiles, and learn about wildlife conservation in a historic zoo environment.",https://res.cloudinary.com/ddjehdwgu/image/upload/v1784521605/travelbharat/dsfcpctskhd2f8vmmvzj.jpg,travelbharat/dsfcpctskhd2f8vmmvzj,3 Hours,3 km,Alipore Zoological Garden,Wildlife,October to March,Budget,Easy,false,Wildlife Viewing,Animal Conservation,Family Experience,Historic Zoo,Visit early morning,Wear comfortable shoes,2026-07-20T04:26:45.262Z,,
6a5bb01dfbc925e6fcc12e0e,6a4a64aa732595d33bf3b075,Alipore Zoo Photography Walk,Capture wildlife moments and natural surroundings.,"Enjoy wildlife photography while exploring animal habitats, greenery, pathways, and unique moments inside Kolkata's famous zoological garden.",https://res.cloudinary.com/ddjehdwgu/image/upload/v1784521687/travelbharat/wbfacrcqbx6dkbpkln7p.jpg,travelbharat/wbfacrcqbx6dkbpkln7p,2 Hours,2 km,Alipore Zoo,Photography,Morning Hours,Budget,Easy,false,Wildlife Photography,Animal Encounters,Nature Scenes,Family Memories,Use zoom lens,Follow zoo photography rules,2026-07-20T04:28:06.593Z,,
6a5bb01dfbc925e6fcc12e0d,6a4a64aa732595d33bf3b075,Alipore Zoo Bird Watching,Discover colorful birds and exotic species inside the zoo.,Explore the bird sections of Alipore Zoo and observe different native and exotic birds while enjoying a relaxing wildlife experience.,https://res.cloudinary.com/ddjehdwgu/image/upload/v1784521655/travelbharat/ttndvifm8r82j2lcshyq.jpg,travelbharat/ttndvifm8r82j2lcshyq,2 Hours,1 km,Bird Enclosures,Wildlife,November to February,Budget,Easy,false,Bird Species,Nature Learning,Photography,Wildlife Discovery,Carry binoculars,Avoid disturbing animals,2026-07-20T04:27:35.144Z,,
6a5bb01dfbc925e6fcc12e0f,6a4a64aa732595d33bf3b075,Family Wildlife Day Experience,Enjoy an educational and fun wildlife outing with family.,"Spend a day exploring animal exhibits, learning about conservation, and enjoying outdoor activities in one of Kolkata's most popular family attractions.",https://res.cloudinary.com/ddjehdwgu/image/upload/v1784521727/travelbharat/yvzvzwlolcp4ntqmplvn.jpg,travelbharat/yvzvzwlolcp4ntqmplvn,4 Hours,4 km,Alipore Zoo,Family,October to March,Budget,Easy,false,Family Activity,Wildlife Education,Outdoor Experience,Children Friendly,Carry water,Avoid visiting during extreme heat,2026-07-20T04:28:46.456Z,,
6a5bb032fbc925e6fcc12e14,6a4a6579732595d33bf3b077,Nature Park Relaxation Experience,Spend peaceful time surrounded by greenery and calm atmosphere.,"Relax in the natural surroundings of Nature Park Kolkata with walking areas, open spaces, and a peaceful environment perfect for unwinding.",https://res.cloudinary.com/ddjehdwgu/image/upload/v1784521849/travelbharat/kybr133bmbr5getapyvx.jpg,travelbharat/kybr133bmbr5getapyvx,2 Hours,500 m,Nature Park,Leisure,Throughout the Year,Free,Easy,false,Peaceful Space,Greenery,Relaxation,Outdoor Experience,Maintain cleanliness,Respect nature,2026-07-20T04:30:48.562Z,,
6a5bb032fbc925e6fcc12e12,6a4a6579732595d33bf3b077,Nature Park Bird Watching,Observe birds and enjoy the natural ecosystem of the park.,"Discover different bird species around ponds, trees, and green areas while experiencing a quiet wildlife moment inside Kolkata.",https://res.cloudinary.com/ddjehdwgu/image/upload/v1784521786/travelbharat/kxex3zc5gr3kk2iwue6e.jpg,travelbharat/kxex3zc5gr3kk2iwue6e,1.5 Hours,1 km,Nature Park Area,Wildlife,November to February,Free,Easy,false,Bird Watching,Natural Habitat,Photography,Eco Experience,Carry binoculars,Avoid loud sounds,2026-07-20T04:29:45.900Z,,
6a5bb032fbc925e6fcc12e11,6a4a6579732595d33bf3b077,Nature Park Kolkata Green Walk,Enjoy a peaceful walk through one of Kolkata's green urban spaces.,"Explore Nature Park Kolkata with its greenery, walking paths, ponds, and calm surroundings offering a refreshing escape from city life.",https://res.cloudinary.com/ddjehdwgu/image/upload/v1784521757/travelbharat/jpesw9gjkmcuye8v3eay.jpg,travelbharat/jpesw9gjkmcuye8v3eay,2 Hours,2 km,Nature Park Kolkata,Nature,October to March,Free,Easy,false,Green Landscape,Nature Walk,Peaceful Environment,Fresh Air,Visit early morning,Carry drinking water,2026-07-20T04:29:17.271Z,,
6a5bb032fbc925e6fcc12e13,6a4a6579732595d33bf3b077,Nature Park Photography Trail,"Capture greenery, water bodies, and peaceful landscapes.","Walk through the park and photograph trees, ponds, birds, flowers, and natural surroundings that showcase Kolkata's hidden green side.",https://res.cloudinary.com/ddjehdwgu/image/upload/v1784521819/travelbharat/ngznwaxurtu3mfqhf1ke.jpg,travelbharat/ngznwaxurtu3mfqhf1ke,2 Hours,2 km,Nature Park Kolkata,Photography,October to March,Free,Easy,false,Nature Photography,Landscape Shots,Bird Photography,Green Spaces,Visit during morning light,Carry extra battery,2026-07-20T04:30:18.468Z,,
6a5bb08bfbc925e6fcc12e17,6a4a669a732595d33bf3b07b,Tiger Hill Photography Tour,Capture spectacular Himalayan landscapes from a famous viewpoint.,"Enjoy landscape photography of snow-covered peaks, changing sky colors, and panoramic views of the Eastern Himalayas from Tiger Hill.",https://res.cloudinary.com/ddjehdwgu/image/upload/v1784521928/travelbharat/unkag7jxibcjdkcp9xce.jpg,travelbharat/unkag7jxibcjdkcp9xce,2 Hours,1 km,Tiger Hill Summit,Photography,October to March,Budget,Easy,false,Mountain Photography,Sunrise Shots,Himalayan Views,Scenic Landscape,Carry tripod,Check weather forecast,2026-07-20T04:32:07.904Z,,
6a5bb08bfbc925e6fcc12e16,6a4a669a732595d33bf3b07b,Tiger Hill Sunrise Experience,Witness the breathtaking sunrise over the Himalayan peaks from Tiger Hill.,Experience one of Darjeeling's most famous attractions as the first rays of sunlight illuminate Kanchenjunga and the surrounding Himalayan mountains.,https://res.cloudinary.com/ddjehdwgu/image/upload/v1784521888/travelbharat/lhjtbn0hv3jtkzsbwday.jpg,travelbharat/lhjtbn0hv3jtkzsbwday,3 Hours,13 km,Tiger Hill Viewpoint,Nature,October to December,Budget,Easy,false,Kanchenjunga Views,Golden Sunrise,Mountain Panorama,Photography,Reach before sunrise,Carry warm clothes,2026-07-20T04:31:27.718Z,,
6a5bb08bfbc925e6fcc12e19,6a4a669a732595d33bf3b07b,Tiger Hill Early Morning Adventure,Start the day with an unforgettable Himalayan viewpoint experience.,"Take an early morning journey to Tiger Hill and enjoy the peaceful atmosphere, mountain views, and magical transformation of the Himalayan skyline.",https://res.cloudinary.com/ddjehdwgu/image/upload/v1784522003/travelbharat/kopgzuqqqn6nekacd7ir.jpg,travelbharat/kopgzuqqqn6nekacd7ir,4 Hours,13 km,Tiger Hill Road,Adventure,October to March,Budget,Easy,false,Early Morning Drive,Mountain Views,Adventure Journey,Memorable Experience,Book transport early,Carry snacks,2026-07-20T04:33:22.683Z,,
6a5bb08bfbc925e6fcc12e18,6a4a669a732595d33bf3b07b,Tiger Hill Nature Exploration,Explore the natural beauty and peaceful surroundings of Tiger Hill.,"Walk around the forested areas near Tiger Hill and enjoy fresh mountain air, pine forests, and peaceful Himalayan landscapes.",https://res.cloudinary.com/ddjehdwgu/image/upload/v1784521955/travelbharat/oequmwe38sivqusn8okf.jpg,travelbharat/oequmwe38sivqusn8okf,2 Hours,3 km,Tiger Hill Forest Area,Nature,March to May,Free,Easy,false,Pine Forests,Mountain Environment,Fresh Air,Scenic Trails,Wear comfortable shoes,Avoid littering,2026-07-20T04:32:35.165Z,,
6a5bb0affbc925e6fcc12e1c,6a4a66fb732595d33bf3b07d,Ghoom Toy Train Experience,Experience the historic Darjeeling Himalayan Railway journey.,Enjoy a memorable ride on the UNESCO-listed Darjeeling Himalayan Railway from Ghoom station while passing through scenic mountain landscapes.,https://res.cloudinary.com/ddjehdwgu/image/upload/v1784522069/travelbharat/anazjahn51nzyewwi5dw.jpg,travelbharat/anazjahn51nzyewwi5dw,2 Hours,500 m,Ghoom Railway Station,Heritage,October to March,Moderate,Easy,false,Toy Train Ride,UNESCO Heritage,Mountain Views,Historic Railway,Book tickets early,Check train schedule,2026-07-20T04:34:28.512Z,,
6a5bb0affbc925e6fcc12e1d,6a4a66fb732595d33bf3b07d,Ghoom Himalayan Photography Walk,Capture beautiful mountain landscapes and heritage views.,"Explore Ghoom's scenic surroundings to photograph monasteries, hills, railway tracks, traditional houses, and breathtaking Himalayan scenery.",https://res.cloudinary.com/ddjehdwgu/image/upload/v1784522103/travelbharat/yjmwcicq7yjwiuojyeie.jpg,travelbharat/yjmwcicq7yjwiuojyeie,2 Hours,3 km,Ghoom Village,Photography,October to March,Free,Easy,false,Mountain Photography,Village Views,Railway Scenes,Cultural Landscapes,Visit during golden hour,Carry camera accessories,2026-07-20T04:35:02.620Z,,
6a5bb0affbc925e6fcc12e1b,6a4a66fb732595d33bf3b07d,Ghoom Monastery Visit,Explore one of Darjeeling's oldest Buddhist monasteries.,"Visit Ghoom Monastery, also known as Yiga Choeling Monastery, to experience ancient Buddhist traditions, prayer halls, Tibetan architecture, and peaceful mountain surroundings.",https://res.cloudinary.com/ddjehdwgu/image/upload/v1784522037/travelbharat/tltxjyxbtemsrlp528wo.jpg,travelbharat/tltxjyxbtemsrlp528wo,1.5 Hours,8 km,Ghoom Monastery,Spiritual,October to March,Free,Easy,false,Ancient Monastery,Buddhist Culture,Peaceful Atmosphere,Mountain Views,Maintain silence,Respect monastery rules,2026-07-20T04:33:57.094Z,,
6a5bb0affbc925e6fcc12e1e,6a4a66fb732595d33bf3b07d,Ghoom Village Heritage Walk,Discover the traditional lifestyle of a Himalayan hill village.,"Walk through Ghoom village lanes, interact with locals, explore traditional homes, and experience the peaceful culture of Darjeeling hills.",https://res.cloudinary.com/ddjehdwgu/image/upload/v1784522132/travelbharat/e2clz0greyqi3jkcbj5v.jpg,travelbharat/e2clz0greyqi3jkcbj5v,2 Hours,2 km,Ghoom Village,Culture,March to May,Free,Easy,false,Local Culture,Mountain Village,Traditional Lifestyle,Scenic Walk,Respect local customs,Support local shops,2026-07-20T04:35:32.137Z,,
6a5bb10bfbc925e6fcc12e23,6a4a67ff732595d33bf3b07f,Lepchajagat Photography Trail,Capture misty forests and Himalayan landscapes.,"Explore hidden trails around Lepchajagat and photograph pine forests, mountain views, traditional villages, and peaceful natural surroundings.",https://res.cloudinary.com/ddjehdwgu/image/upload/v1784523837/travelbharat/adpcszswp96yznyp4jwb.jpg,travelbharat/adpcszswp96yznyp4jwb,3 Hours,4 km,Lepchajagat Village,Photography,October to March,Free,Easy,false,Forest Photography,Mountain Landscapes,Village Views,Nature Scenes,Carry extra batteries,Visit during golden hour,2026-07-20T05:03:58.474Z,,
6a5bb10bfbc925e6fcc12e20,6a4a67ff732595d33bf3b07f,Lepchajagat Pine Forest Walk,Explore the peaceful pine forests and natural beauty of a hidden Himalayan village.,"Walk through the dense pine forests of Lepchajagat surrounded by misty mountains, fresh air, birds, and peaceful Himalayan landscapes away from crowded tourist areas.",https://res.cloudinary.com/ddjehdwgu/image/upload/v1784523778/travelbharat/qywt6dlzg8qiwh4rqkjf.jpg,travelbharat/qywt6dlzg8qiwh4rqkjf,2 Hours,3 km,Lepchajagat Forest Area,Nature,October to May,Free,Easy,false,Pine Forests,Mountain Views,Peaceful Trails,Fresh Air,Wear comfortable shoes,Carry a light jacket,2026-07-20T05:02:59.239Z,,
6a5bb10bfbc925e6fcc12e21,6a4a67ff732595d33bf3b07f,Lepchajagat Sunrise View,Witness spectacular sunrise views over the Himalayan peaks.,Enjoy breathtaking morning views of Kanchenjunga and surrounding mountains from scenic viewpoints near Lepchajagat.,,,1.5 Hours,2 km,Lepchajagat Viewpoint,Nature,October to March,Free,Easy,sunrise,Kanchenjunga Views,Golden Sunrise,Mountain Panorama,Photography,Reach before sunrise,Check weather conditions,,,
6a5bb12dfbc925e6fcc12e25,6a4a685c732595d33bf3b081,Sandakphu Trekking Adventure,Experience West Bengal's highest trekking destination with stunning Himalayan views.,"Trek through the Singalila Ridge to reach Sandakphu, enjoying breathtaking views of Kanchenjunga, Everest, Makalu, and the surrounding Himalayan peaks.",https://res.cloudinary.com/ddjehdwgu/image/upload/v1784523862/travelbharat/ibfaro7hb9w31owohlzs.webp,travelbharat/ibfaro7hb9w31owohlzs,5 Days,32 km,Sandakphu Trek Route,Adventure,October to May,Moderate,Hard,false,Highest Point in West Bengal,Himalayan Peaks,Trekking Trail,Mountain Adventure,Carry trekking gear,Acclimatize properly,2026-07-20T05:04:23.739Z,,
6a5bb12dfbc925e6fcc12e28,6a4a685c732595d33bf3b081,Sandakphu Camping Experience,Spend nights under the stars in the Himalayan wilderness.,"Experience camping in the high mountains surrounded by peaceful landscapes, clear skies, and unforgettable views of the Eastern Himalayas.",https://res.cloudinary.com/ddjehdwgu/image/upload/v1784523932/travelbharat/iql4rr9k6xqbvzw5jlgv.jpg,travelbharat/iql4rr9k6xqbvzw5jlgv,12 Hours,1 km,Sandakphu Campsite,Camping,October to May,Moderate,Hard,false,Mountain Camping,Starry Sky,Himalayan Wilderness,Adventure Experience,Carry warm sleeping gear,Travel with guides,2026-07-20T05:05:32.974Z,,
6a5bb12dfbc925e6fcc12e26,6a4a685c732595d33bf3b081,Sandakphu Sunrise Experience,Witness unforgettable sunrise views over the world's highest mountains.,Enjoy magical sunrise moments from Sandakphu as golden light falls on the Himalayan range including Kanchenjunga and Mount Everest.,https://res.cloudinary.com/ddjehdwgu/image/upload/v1784523888/travelbharat/nivoazl5vsp1vozwat8h.jpg,travelbharat/nivoazl5vsp1vozwat8h,2 Hours,1 km,Sandakphu Summit,Nature,October to March,Free,Easy,false,Everest Views,Kanchenjunga Panorama,Golden Sunrise,Mountain Scenery,Wake up early,Carry warm clothes,2026-07-20T05:04:49.598Z,,
6a5bb12dfbc925e6fcc12e27,6a4a685c732595d33bf3b081,Singalila Ridge Photography Tour,Capture dramatic Himalayan landscapes from the ridge.,"Photograph snow-covered peaks, alpine forests, mountain villages, and panoramic Himalayan views while exploring the Sandakphu region.",https://res.cloudinary.com/ddjehdwgu/image/upload/v1784523911/travelbharat/dxnrr09y65wxzh0ywrtj.jpg,travelbharat/dxnrr09y65wxzh0ywrtj,3 Hours,5 km,Singalila Ridge,Photography,October to April,Free,Moderate,false,Mountain Panorama,Forest Landscapes,Adventure Photography,Himalayan Views,Carry extra batteries,Protect camera from cold,2026-07-20T05:05:12.371Z,,
6a5bb142fbc925e6fcc12e2c,6a4a68dc732595d33bf3b083,Rhododendron Forest Walk,Walk through beautiful flowering forests of the Himalayas.,Experience the colorful rhododendron forests of Singalila during spring when the mountains come alive with vibrant flowers and fresh greenery.,https://res.cloudinary.com/ddjehdwgu/image/upload/v1784524004/travelbharat/jrxgkevlsrkgvki1bkse.jpg,travelbharat/jrxgkevlsrkgvki1bkse,3 Hours,5 km,Singalila Forest Trails,Nature,March to April,Free,Easy,false,Rhododendron Flowers,Forest Trails,Fresh Mountain Air,Nature Experience,Avoid damaging plants,Wear proper shoes,2026-07-20T05:06:44.931Z,,
6a5bb142fbc925e6fcc12e2a,6a4a68dc732595d33bf3b083,Singalila National Park Trek,Explore one of the highest national parks in West Bengal through scenic mountain trails.,"Trek through Singalila National Park surrounded by rhododendron forests, Himalayan landscapes, rare wildlife, and panoramic views of the Eastern Himalayas.",https://res.cloudinary.com/ddjehdwgu/image/upload/v1784523955/travelbharat/qcxmr04ivfjpasnf2sge.jpg,travelbharat/qcxmr04ivfjpasnf2sge,4 Hours,8 km,Singalila National Park,Adventure,October to May,Budget,Moderate,false,Himalayan Trails,Forest Landscape,Mountain Views,Adventure Trek,Carry trekking essentials,Check forest permits,2026-07-20T05:05:56.572Z,,
6a5bb142fbc925e6fcc12e2d,6a4a68dc732595d33bf3b083,Singalila Himalayan Photography Tour,Capture breathtaking mountain and forest landscapes.,"Photograph Himalayan peaks, dense forests, wildlife, villages, and scenic viewpoints while exploring Singalila National Park.",https://res.cloudinary.com/ddjehdwgu/image/upload/v1784524029/travelbharat/trzb4tzrny5ygxjm7uqd.jpg,travelbharat/trzb4tzrny5ygxjm7uqd,3 Hours,6 km,Singalila Viewpoints,Photography,October to May,Free,Moderate,false,Mountain Photography,Wildlife Photography,Forest Views,Landscape Shots,Carry extra batteries,Visit during clear weather,2026-07-20T05:07:11.032Z,,
6a5bb142fbc925e6fcc12e2b,6a4a68dc732595d33bf3b083,Red Panda Wildlife Experience,Search for rare Himalayan wildlife in its natural habitat.,"Explore the biodiversity of Singalila National Park, home to red pandas, Himalayan birds, and several rare species living in the mountain forests.",https://res.cloudinary.com/ddjehdwgu/image/upload/v1784523979/travelbharat/uiuccjs1aphqseanql4r.jpg,travelbharat/uiuccjs1aphqseanql4r,5 Hours,10 km,Singalila Forest Zone,Wildlife,March to May,Moderate,Moderate,false,Red Panda Habitat,Himalayan Wildlife,Bird Watching,Forest Exploration,Hire local guides,Carry binoculars,2026-07-20T05:06:19.879Z,,
6a5bc05dfbc925e6fcc12e31,6a4a694d732595d33bf3b085,Kalimpong Heritage Town Walk,Explore the charming colonial heritage and culture of Kalimpong town.,"Walk through Kalimpong's historic streets, old churches, monasteries, markets, and colonial-era buildings while experiencing the unique Himalayan town culture.",https://res.cloudinary.com/ddjehdwgu/image/upload/v1784524054/travelbharat/nkvcpmqxmdacwddoejqa.jpg,travelbharat/nkvcpmqxmdacwddoejqa,3 Hours,4 km,Kalimpong Town,Heritage,October to May,Free,Easy,false,Colonial Buildings,Local Culture,Historic Streets,Town Exploration,Wear comfortable shoes,Start in morning,2026-07-20T05:07:34.902Z,,
6a5bc05dfbc925e6fcc12e34,6a4a694d732595d33bf3b085,Kalimpong Viewpoint Photography,Capture stunning Himalayan landscapes from scenic viewpoints.,"Explore viewpoints around Kalimpong to photograph Kanchenjunga views, valleys, rivers, and the beautiful Himalayan surroundings.",https://res.cloudinary.com/ddjehdwgu/image/upload/v1784524123/travelbharat/fep3cckkf3xipnxtze7u.jpg,travelbharat/fep3cckkf3xipnxtze7u,2 Hours,5 km,Kalimpong Viewpoints,Photography,October to March,Free,Easy,false,Mountain Panorama,Valley Views,Sunset Photography,Landscape Shots,Check weather conditions,Carry camera accessories,2026-07-20T05:08:44.481Z,,
6a5bc05dfbc925e6fcc12e32,6a4a694d732595d33bf3b085,Durpin Monastery Visit,Experience spiritual peace with panoramic Himalayan views.,"Visit Durpin Monastery, one of Kalimpong's most important Buddhist monasteries, offering peaceful surroundings and stunning views of the mountains.",https://res.cloudinary.com/ddjehdwgu/image/upload/v1784524077/travelbharat/py51a34orvfbckzofwb6.jpg,travelbharat/py51a34orvfbckzofwb6,2 Hours,3 km,Durpin Monastery,Spiritual,October to March,Free,Easy,false,Buddhist Culture,Mountain Views,Peaceful Environment,Monastery Architecture,Maintain silence,Respect traditions,2026-07-20T05:07:57.823Z,,
6a5bc05dfbc925e6fcc12e33,6a4a694d732595d33bf3b085,Kalimpong Flower Nursery Tour,Discover beautiful Himalayan flowers and plant collections.,"Explore famous nurseries of Kalimpong known for orchids, exotic flowers, and unique Himalayan plants that reflect the town's rich horticultural heritage.",https://res.cloudinary.com/ddjehdwgu/image/upload/v1784524100/travelbharat/qbrxonbiiifkxgg8wikj.jpg,travelbharat/qbrxonbiiifkxgg8wikj,2 Hours,2 km,Kalimpong Nurseries,Nature,March to May,Budget,Easy,false,Orchid Collection,Rare Plants,Garden Experience,Nature Photography,Buy local plants,Visit during flowering season,2026-07-20T05:08:21.316Z,,
6a5bc082fbc925e6fcc12e36,6a4a699b732595d33bf3b087,Deolo Hill Sunrise Experience,Witness breathtaking sunrise views over the Himalayan landscape.,"Visit Deolo Hill, the highest point of Kalimpong, to enjoy spectacular sunrise views, mountain panoramas, and peaceful natural surroundings.",https://res.cloudinary.com/ddjehdwgu/image/upload/v1784524146/travelbharat/mbd940szmdcr5vzlkiax.jpg,travelbharat/mbd940szmdcr5vzlkiax,2 Hours,6 km,Deolo Hill,Nature,October to March,Budget,Easy,false,Himalayan Views,Sunrise Panorama,Mountain Landscape,Photography,Reach early morning,Carry warm clothes,2026-07-20T05:09:07.584Z,,
6a5bc082fbc925e6fcc12e37,6a4a699b732595d33bf3b087,Deolo Hill Adventure Activities,Enjoy exciting outdoor activities at Kalimpong's famous hilltop.,Experience adventure activities like paragliding and outdoor recreation while enjoying panoramic views of mountains and valleys from Deolo Hill.,https://res.cloudinary.com/ddjehdwgu/image/upload/v1784524172/travelbharat/rbbkfdht6criulhvwh3h.jpg,travelbharat/rbbkfdht6criulhvwh3h,3 Hours,2 km,Deolo Hill Adventure Zone,Adventure,March to May,Moderate,Moderate,false,Paragliding,Mountain Views,Outdoor Activities,Adventure Experience,Follow safety instructions,Check weather conditions,2026-07-20T05:09:33.305Z,,
6a5bc082fbc925e6fcc12e38,6a4a699b732595d33bf3b087,Deolo Hill Nature Walk,Explore peaceful trails surrounded by Himalayan greenery.,"Walk through the natural surroundings of Deolo Hill, enjoying fresh mountain air, grasslands, forests, and beautiful valley views.",https://res.cloudinary.com/ddjehdwgu/image/upload/v1784524194/travelbharat/m1ygunl5oudvq9hfgmkc.jpg,travelbharat/m1ygunl5oudvq9hfgmkc,2 Hours,3 km,Deolo Hill Trails,Nature,October to May,Free,Easy,false,Green Landscapes,Mountain Trails,Fresh Air,Peaceful Environment,Wear comfortable shoes,Avoid littering,2026-07-20T05:09:55.606Z,,
6a5bc082fbc925e6fcc12e39,6a4a699b732595d33bf3b087,Deolo Hill Photography Tour,Capture stunning views of Kalimpong and Himalayan valleys.,"Photograph panoramic landscapes, clouds, valleys, and mountain scenery from one of Kalimpong's most beautiful viewpoints.",https://res.cloudinary.com/ddjehdwgu/image/upload/v1784524224/travelbharat/ea4evtr3bfpesbgtafo0.jpg,travelbharat/ea4evtr3bfpesbgtafo0,2 Hours,1 km,Deolo Hill Summit,Photography,October to March,Free,Easy,false,Valley Views,Mountain Photography,Cloud Landscapes,Sunset Scenes,Carry tripod,Visit during golden hour,2026-07-20T05:10:24.821Z,,
6a5bc098fbc925e6fcc12e3c,6a4a69e4732595d33bf3b089,Neora Valley Wildlife Experience,Discover rare Himalayan wildlife near Lava.,"Explore the biodiversity around Lava and Neora Valley National Park, home to red pandas, Himalayan birds, and rich forest ecosystems.",https://res.cloudinary.com/ddjehdwgu/image/upload/v1784524270/travelbharat/twcoj5rdcffhrlxiaifq.jpg,travelbharat/twcoj5rdcffhrlxiaifq,5 Hours,8 km,Neora Valley Region,Wildlife,March to May,Moderate,Moderate,false,Red Panda Habitat,Bird Watching,Forest Exploration,Rare Wildlife,Hire local guide,Carry binoculars,2026-07-20T05:11:11.252Z,,
6a5bc098fbc925e6fcc12e3b,6a4a69e4732595d33bf3b089,Lava Forest Nature Walk,Explore the dense forests and peaceful landscapes of Lava.,"Walk through the beautiful Neora Valley forest surroundings near Lava, filled with pine trees, misty trails, birds, and untouched Himalayan nature.",https://res.cloudinary.com/ddjehdwgu/image/upload/v1784524246/travelbharat/lyiuswzsulu0h75nrg4v.jpg,travelbharat/lyiuswzsulu0h75nrg4v,3 Hours,4 km,Lava Forest Trail,Nature,October to May,Free,Easy,false,Dense Forest,Misty Trails,Mountain Nature,Fresh Air,Carry rain protection,Wear trekking shoes,2026-07-20T05:10:47.074Z,,
6a5bc098fbc925e6fcc12e3d,6a4a69e4732595d33bf3b089,Lava Monastery Visit,Experience peace at a beautiful Himalayan monastery.,"Visit Lava Monastery surrounded by mountains and forests to experience Buddhist culture, peaceful prayers, and scenic surroundings.",https://res.cloudinary.com/ddjehdwgu/image/upload/v1784524307/travelbharat/pywinwn1h6xksgvefrda.jpg,travelbharat/pywinwn1h6xksgvefrda,1.5 Hours,1 km,Lava Village Monastery,Spiritual,Throughout the Year,Free,Easy,false,Buddhist Culture,Mountain Setting,Peaceful Atmosphere,Local Heritage,Maintain silence,Respect monastery customs,2026-07-20T05:11:48.248Z,,
6a5bc098fbc925e6fcc12e3e,6a4a69e4732595d33bf3b089,Lava Photography Expedition,"Capture forests, mountains, and misty Himalayan views.","Explore Lava's scenic locations to photograph dense forests, mountain landscapes, monasteries, villages, and unique Himalayan weather.",,,3 Hours,5 km,Lava Village,Photography,October to March,Free,Easy,camera,Forest Photography,Mountain Views,Misty Landscapes,Nature Shots,Carry waterproof camera cover,Visit during morning light,,,
6a5bc0b4fbc925e6fcc12e41,6a4a6a3f732595d33bf3b08b,Lolegaon Forest Trail,Explore quiet forest paths surrounded by Himalayan greenery.,"Discover the peaceful forests of Lolegaon with pine trees, birds, fresh mountain air, and scenic trails away from crowded tourist spots.",https://res.cloudinary.com/ddjehdwgu/image/upload/v1784524356/travelbharat/jzz3lxtxyibed87mcrwy.jpg,travelbharat/jzz3lxtxyibed87mcrwy,3 Hours,5 km,Lolegaon Forest,Nature,October to May,Free,Easy,false,Pine Forest,Nature Trails,Peaceful Environment,Mountain Air,Carry water,Wear comfortable footwear,2026-07-20T05:12:37.093Z,,
6a5bc0b4fbc925e6fcc12e40,6a4a6a3f732595d33bf3b08b,Lolegaon Canopy Walk,Experience a unique walk through the peaceful Himalayan forest canopy.,Walk across the famous wooden canopy bridge of Lolegaon surrounded by tall pine and fir trees while enjoying the beauty of the Himalayan forest.,https://res.cloudinary.com/ddjehdwgu/image/upload/v1784524331/travelbharat/r3znwzac5ypfxdjontgb.jpg,travelbharat/r3znwzac5ypfxdjontgb,1.5 Hours,1 km,Lolegaon Canopy Walk,Adventure,October to May,Budget,Easy,false,Forest Canopy,Suspension Bridge,Adventure Walk,Nature Experience,Walk carefully,Avoid visiting during heavy rain,2026-07-20T05:12:11.937Z,,
6a5bc0b4fbc925e6fcc12e42,6a4a6a3f732595d33bf3b08b,Jhandi Dara Viewpoint Visit,Enjoy panoramic Himalayan views from a beautiful viewpoint.,"Visit Jhandi Dara viewpoint near Lolegaon to witness breathtaking views of Kanchenjunga, valleys, clouds, and surrounding mountain landscapes.",https://res.cloudinary.com/ddjehdwgu/image/upload/v1784524379/travelbharat/h7bmp1oxyytgd6b5dzqz.jpg,travelbharat/h7bmp1oxyytgd6b5dzqz,2 Hours,3 km,Jhandi Dara Viewpoint,Nature,October to March,Free,Easy,false,Kanchenjunga View,Mountain Panorama,Sunrise Views,Scenic Landscape,Visit on clear days,Carry warm clothes,2026-07-20T05:12:59.935Z,,
6a5bc0b4fbc925e6fcc12e43,6a4a6a3f732595d33bf3b08b,Lolegaon Photography Experience,"Capture forests, mountains, and peaceful village landscapes.","Explore Lolegaon village and surrounding areas to photograph forest trails, Himalayan views, traditional houses, and natural beauty.",https://res.cloudinary.com/ddjehdwgu/image/upload/v1784524400/travelbharat/wvodvwqwmyue1ok5zznm.jpg,travelbharat/wvodvwqwmyue1ok5zznm,2 Hours,3 km,Lolegaon Village,Photography,October to March,Free,Easy,false,Forest Photography,Mountain Views,Village Scenes,Nature Shots,Use morning light,Carry extra batteries,2026-07-20T05:13:21.860Z,,
6a5bc0cffbc925e6fcc12e46,6a4a6af1732595d33bf3b08d,Rishyap Forest Trek,Explore scenic forest trails around the Himalayan village.,"Walk through the forests surrounding Rishyap with pine trees, rocky paths, birds, and peaceful landscapes of the Eastern Himalayas.",https://res.cloudinary.com/ddjehdwgu/image/upload/v1784524447/travelbharat/yiu8stz9zsm6g4umo8b8.jpg,travelbharat/yiu8stz9zsm6g4umo8b8,3 Hours,5 km,Rishyap Forest Trail,Adventure,October to May,Free,Moderate,false,Forest Trek,Mountain Trails,Bird Watching,Adventure Walk,Wear trekking shoes,Carry water,2026-07-20T05:14:07.974Z,,
6a5bc0cffbc925e6fcc12e47,6a4a6af1732595d33bf3b08d,Rishyap Sunrise Photography,Capture magical sunrise views over Himalayan peaks.,Photograph the golden morning light falling on Kanchenjunga and surrounding mountains from scenic viewpoints near Rishyap.,https://res.cloudinary.com/ddjehdwgu/image/upload/v1784524469/travelbharat/mhefxqvn5sqzrco8t54l.jpg,travelbharat/mhefxqvn5sqzrco8t54l,2 Hours,2 km,Rishyap Sunrise Point,Photography,October to March,Free,Easy,false,Sunrise Views,Mountain Photography,Golden Light,Landscape Shots,Reach before sunrise,Carry tripod,2026-07-20T05:14:29.813Z,,
6a5bc0cffbc925e6fcc12e48,6a4a6af1732595d33bf3b08d,Rishyap Village Walk,Discover the peaceful lifestyle of a Himalayan village.,"Walk through Rishyap village, interact with locals, explore traditional homes, and experience the calm mountain lifestyle.",https://res.cloudinary.com/ddjehdwgu/image/upload/v1784524490/travelbharat/ik8ngrnzyosqct1ddlac.jpg,travelbharat/ik8ngrnzyosqct1ddlac,2 Hours,2 km,Rishyap Village,Culture,March to May,Free,Easy,false,Village Life,Local Culture,Mountain Homes,Scenic Paths,Respect local traditions,Support local businesses,2026-07-20T05:14:51.292Z,,
6a5bc0cffbc925e6fcc12e45,6a4a6af1732595d33bf3b08d,Rishyap Mountain View Experience,Enjoy breathtaking Himalayan views from a peaceful hill village.,"Experience the natural beauty of Rishyap with panoramic views of Kanchenjunga, misty mountains, forests, and quiet Himalayan surroundings.",https://res.cloudinary.com/ddjehdwgu/image/upload/v1784524422/travelbharat/lzequjimyevtk5klcten.jpg,travelbharat/lzequjimyevtk5klcten,2 Hours,3 km,Rishyap Viewpoint,Nature,October to May,Free,Easy,false,Kanchenjunga Views,Mountain Panorama,Peaceful Village,Fresh Air,Visit during clear weather,Carry warm clothes,2026-07-20T05:13:44.225Z,,
6a5bc0e8fbc925e6fcc12e4d,6a4a6bc1732595d33bf3b08f,Mahananda Wildlife Photography,Capture forest landscapes and wildlife moments.,"Photograph birds, forests, rivers, and wildlife landscapes while exploring one of North Bengal's important natural reserves.",https://res.cloudinary.com/ddjehdwgu/image/upload/v1784524563/travelbharat/zf8gvgg6fdbxpa8redjb.jpg,travelbharat/zf8gvgg6fdbxpa8redjb,3 Hours,6 km,Mahananda Sanctuary,Photography,November to March,Moderate,Easy,false,Wildlife Photography,Bird Photography,Forest Scenes,Nature Shots,Carry zoom lens,Respect wildlife,2026-07-20T05:16:04.034Z,,
6a5bc0e8fbc925e6fcc12e4c,6a4a6bc1732595d33bf3b08f,Mahananda Forest Nature Trail,Walk through peaceful forest trails surrounded by greenery.,"Enjoy guided nature walks through Mahananda forest with streams, trees, birds, and beautiful landscapes of the Himalayan foothills.",https://res.cloudinary.com/ddjehdwgu/image/upload/v1784524536/travelbharat/qfqcyuhauztf8ylqsxea.jpg,travelbharat/qfqcyuhauztf8ylqsxea,3 Hours,5 km,Mahananda Forest Trails,Nature,October to April,Budget,Moderate,false,Forest Walk,Green Landscape,Bird Sounds,Natural Beauty,Hire a local guide,Wear proper footwear,2026-07-20T05:15:36.909Z,,
6a5bc0e8fbc925e6fcc12e4a,6a4a6bc1732595d33bf3b08f,Mahananda Wildlife Sanctuary Safari,Explore rich forests and wildlife near the Himalayan foothills.,"Experience a jungle safari through Mahananda Wildlife Sanctuary, home to elephants, deer, leopards, birds, and diverse Himalayan foothill ecosystems.",https://res.cloudinary.com/ddjehdwgu/image/upload/v1784524513/travelbharat/eb4zffk30osfkbga7rej.jpg,travelbharat/eb4zffk30osfkbga7rej,3 Hours,10 km,Mahananda Wildlife Sanctuary,Wildlife,October to May,Moderate,Easy,false,Jungle Safari,Wildlife Spotting,Forest Landscape,Bird Watching,Follow forest rules,Carry binoculars,2026-07-20T05:15:14.005Z,,
6a5bc103fbc925e6fcc12e4f,6a4a6c0f732595d33bf3b091,Sevoke Coronation Bridge Visit,Explore one of North Bengal's most iconic heritage bridges.,"Visit the historic Coronation Bridge built over the Teesta River, known for its beautiful architecture, scenic surroundings, and importance in connecting the Himalayan regions.",https://res.cloudinary.com/ddjehdwgu/image/upload/v1784524584/travelbharat/em1xmsokzojsstt7bltl.jpg,travelbharat/em1xmsokzojsstt7bltl,1.5 Hours,2 km,Sevoke Coronation Bridge,Heritage,October to March,Free,Easy,false,Historic Bridge,Teesta River Views,Mountain Landscape,Engineering Marvel,Visit during daylight,Be careful near traffic areas,2026-07-20T05:16:25.260Z,,
6a5bc103fbc925e6fcc12e50,6a4a6c0f732595d33bf3b091,Teesta River Scenic Experience,Enjoy beautiful river views surrounded by Himalayan landscapes.,"The Teesta River Scenic Experience is one of the most breathtaking nature adventures in North Bengal, offering travelers a perfect blend of majestic mountain landscapes, crystal-clear river views, thrilling activities, and peaceful moments amidst untouched Himalayan beauty. Originating from the glaciers of Sikkim and flowing gracefully through deep valleys before entering the plains of West Bengal, the Teesta River has shaped the region's geography, culture, and tourism for centuries. Whether you are a nature lover, adventure enthusiast, photographer, road-trip explorer, or someone seeking tranquility away from city life, the Teesta River promises an unforgettable experience throughout the year.",https://res.cloudinary.com/ddjehdwgu/image/upload/v1784524680/travelbharat/k2evjbh8roh4ypehfpel.jpg,travelbharat/k2evjbh8roh4ypehfpel,2 Hours,1 km,Teesta River Viewpoint,Nature,October to May,Free,Easy,false,River Views,Mountain Scenery,Peaceful Environment,Photography,Avoid entering deep water,Carry camera,2026-07-20T05:18:01.385Z,,
6a5bc103fbc925e6fcc12e52,6a4a6c0f732595d33bf3b091,Sevoke Photography Tour,"Capture bridges, rivers, and Himalayan landscapes.","Explore Sevoke's scenic locations to photograph the historic bridge, Teesta River, forests, hills, and beautiful North Bengal landscapes.",https://res.cloudinary.com/ddjehdwgu/image/upload/v1784524732/travelbharat/c9csklrhuoqsx89ape3j.jpg,travelbharat/c9csklrhuoqsx89ape3j,2 Hours,3 km,Sevoke Area,Photography,October to March,Free,Easy,false,Bridge Photography,River Views,Mountain Landscapes,Nature Shots,Visit during golden hour,Carry extra batteries,2026-07-20T05:18:52.975Z,,
6a5bc103fbc925e6fcc12e51,6a4a6c0f732595d33bf3b091,Sevoke Kali Mandir Visit,Experience spiritual peace at a famous riverside temple.,Visit Sevoke Kali Temple located near the Coronation Bridge and enjoy the spiritual atmosphere surrounded by forests and the Teesta River.,https://res.cloudinary.com/ddjehdwgu/image/upload/v1784524709/travelbharat/iudnhwbnqwxt82d6vlzg.jpg,travelbharat/iudnhwbnqwxt82d6vlzg,1 Hour,1 km,Sevoke Kali Temple,Spiritual,Throughout the Year,Free,Easy,false,Temple Visit,River Landscape,Religious Experience,Peaceful Surroundings,Respect temple customs,Maintain cleanliness,2026-07-20T05:18:30.017Z,,
6a5bc125fbc925e6fcc12e56,6a4a6ca8732595d33bf3b093,Lataguri Nature Trail,Walk through peaceful forest landscapes of Dooars.,"Enjoy guided nature walks around Lataguri through green forests, streams, and scenic areas while learning about local flora and fauna.",https://res.cloudinary.com/ddjehdwgu/image/upload/v1784524805/travelbharat/g0hqopqkhacqhny16dkq.jpg,travelbharat/g0hqopqkhacqhny16dkq,2 Hours,4 km,Lataguri Nature Area,Nature,October to April,Budget,Easy,false,Forest Walk,Green Landscape,River Streams,Fresh Air,Hire local guide,Wear comfortable shoes,2026-07-20T05:20:06.064Z,,
6a5bc125fbc925e6fcc12e54,6a4a6ca8732595d33bf3b093,Lataguri Jungle Safari,Explore the forests of Dooars and discover rich wildlife.,"Experience an exciting jungle safari around Lataguri near Gorumara National Park, exploring forests, grasslands, rivers, and diverse wildlife habitats.",https://res.cloudinary.com/ddjehdwgu/image/upload/v1784524757/travelbharat/pvxxppalr1nqgu0zioyd.jpg,travelbharat/pvxxppalr1nqgu0zioyd,3 Hours,5 km,Lataguri Forest Zone,Wildlife,October to May,Moderate,Easy,false,Jungle Safari,Wildlife Spotting,Dooars Forest,Nature Adventure,Book safari in advance,Follow forest guidelines,2026-07-20T05:19:17.637Z,,
6a5bc125fbc925e6fcc12e57,6a4a6ca8732595d33bf3b093,Lataguri Wildlife Photography,Capture wildlife and forest beauty of the Dooars region.,"Photograph elephants, deer, birds, forests, rivers, and scenic landscapes while exploring the natural surroundings of Lataguri.",https://res.cloudinary.com/ddjehdwgu/image/upload/v1784524829/travelbharat/qyhplpeilrfnrhjy4zp4.jpg,travelbharat/qyhplpeilrfnrhjy4zp4,3 Hours,5 km,Lataguri Safari Zone,Photography,November to March,Moderate,Easy,false,Wildlife Photography,Forest Scenes,Bird Photography,Nature Shots,Carry zoom lens,Avoid disturbing animals,2026-07-20T05:20:30.354Z,,
6a5bc125fbc925e6fcc12e55,6a4a6ca8732595d33bf3b093,Lataguri Bird Watching,Discover colorful birds of the Himalayan foothill forests.,Explore the natural surroundings of Lataguri to observe various bird species including forest birds living in the rich Dooars ecosystem.,https://res.cloudinary.com/ddjehdwgu/image/upload/v1784524783/travelbharat/gtvxpxk7mwt7az8alizu.jpg,travelbharat/gtvxpxk7mwt7az8alizu,2 Hours,3 km,Lataguri Forest Area,Wildlife,November to March,Free,Easy,false,Bird Watching,Forest Habitat,Nature Photography,Wildlife Experience,Carry binoculars,Visit early morning,2026-07-20T05:19:43.950Z,,
6a5bc141fbc925e6fcc12e59,6a4a7098732595d33bf3b097,Gorumara National Park Safari,Experience thrilling wildlife safari in the famous Dooars forest.,"Explore Gorumara National Park through jeep safari and discover elephants, Indian rhinoceros, deer, bison, birds, and rich forest biodiversity.",https://res.cloudinary.com/ddjehdwgu/image/upload/v1784524852/travelbharat/qokae5qpyu6wjypnpvln.jpg,travelbharat/qokae5qpyu6wjypnpvln,3 Hours,10 km,Gorumara National Park,Wildlife,October to May,Moderate,Easy,false,Rhino Spotting,Elephant Habitat,Jungle Safari,Dooars Wildlife,Book safari permits early,Follow forest rules,2026-07-20T05:20:53.486Z,,
6a5bc141fbc925e6fcc12e5a,6a4a7098732595d33bf3b097,Gorumara Watchtower Experience,Enjoy panoramic forest views from famous watchtowers.,"Visit popular watchtowers around Gorumara to observe wildlife, grasslands, rivers, and the beautiful forest landscape of the Dooars region.",,,2 Hours,5 km,Gorumara Watchtower,Wildlife,November to March,Budget,Easy,binoculars,Wildlife Viewing,Forest Panorama,Bird Watching,Nature Observation,Carry binoculars,Maintain silence,,,
6a5bc141fbc925e6fcc12e5b,6a4a7098732595d33bf3b097,Gorumara Bird Watching Tour,Discover diverse bird species in the Dooars ecosystem.,Explore the forests and wetlands around Gorumara to observe colorful birds and experience the rich biodiversity of North Bengal.,https://res.cloudinary.com/ddjehdwgu/image/upload/v1784524899/travelbharat/f9ovz5nuuftm0i1m1zja.jpg,travelbharat/f9ovz5nuuftm0i1m1zja,3 Hours,4 km,Gorumara Forest,Wildlife,November to March,Free,Easy,false,Bird Watching,Forest Ecology,Nature Photography,Wildlife Discovery,Carry binoculars,Visit early morning,2026-07-20T05:21:40.690Z,,
6a5bc141fbc925e6fcc12e5c,6a4a7098732595d33bf3b097,Gorumara Nature Photography,"Capture forests, wildlife, and scenic Dooars landscapes.","Enjoy photography of green forests, rivers, animals, birds, and beautiful natural surroundings while exploring Gorumara National Park.",https://res.cloudinary.com/ddjehdwgu/image/upload/v1784524921/travelbharat/eobjditycl8z3ybvh9kq.jpg,travelbharat/eobjditycl8z3ybvh9kq,3 Hours,6 km,Gorumara Forest Area,Photography,October to April,Moderate,Easy,false,Wildlife Photography,Forest Landscape,Bird Photography,Nature Scenes,Carry camera gear,Use silent mode near wildlife,2026-07-20T05:22:01.921Z,,
6a5bc164fbc925e6fcc12e5e,6a4a7101732595d33bf3b099,Jaldapara Wildlife Safari,Explore the famous grasslands and forests of Jaldapara National Park.,"Enjoy an exciting jeep safari through Jaldapara National Park, home to one-horned rhinoceros, elephants, deer, bison, and diverse wildlife of the Dooars.",https://res.cloudinary.com/ddjehdwgu/image/upload/v1784524947/travelbharat/hxmjjo32jgivwsy5h6pb.jpg,travelbharat/hxmjjo32jgivwsy5h6pb,3 Hours,10 km,Jaldapara National Park,Wildlife,October to May,Moderate,Easy,false,One Horned Rhino,Jungle Safari,Elephant Habitat,Grassland Views,Book safari permits early,Follow forest instructions,2026-07-20T05:22:28.260Z,,
6a5bc164fbc925e6fcc12e5f,6a4a7101732595d33bf3b099,Jaldapara Elephant Ride Experience,Enjoy a unique wildlife viewing experience on elephant back.,"Experience the traditional elephant safari of Jaldapara and explore grasslands where visitors can observe rhinos, deer, birds, and forest landscapes.",https://res.cloudinary.com/ddjehdwgu/image/upload/v1784524972/travelbharat/u7jpdkjzxy9paxmodjfq.jpg,travelbharat/u7jpdkjzxy9paxmodjfq,2 Hours,5 km,Jaldapara Safari Zone,Wildlife,November to March,Premium,Easy,false,Elephant Safari,Wildlife Observation,Grassland Exploration,Unique Experience,Follow safety rules,Avoid sudden movements,2026-07-20T05:22:52.961Z,,
6a5bc164fbc925e6fcc12e60,6a4a7101732595d33bf3b099,Jaldapara Bird Watching,Discover beautiful birds in the forest ecosystem.,"Jaldapara Bird Watching is one of the most rewarding wildlife experiences in West Bengal, attracting bird enthusiasts, photographers, researchers, and nature lovers from across India and around the world. Located within the lush grasslands and riverine forests of the famous Jaldapara National Park in the foothills of the Eastern Himalayas, this birding destination is home to more than 250 species of resident and migratory birds. The park's unique ecosystem, consisting of tall elephant grass, wetlands, woodlands, rivers, and open meadows, provides ideal habitats for a remarkable diversity of avian life. Whether you are an experienced birder carrying professional binoculars or a casual traveler who enjoys observing wildlife, Jaldapara offers unforgettable birdwatching opportunities throughout the year.",https://res.cloudinary.com/ddjehdwgu/image/upload/v1784525026/travelbharat/qkry1fola6af6hfp0xt8.jpg,travelbharat/qkry1fola6af6hfp0xt8,3 Hours,4 km,Jaldapara Forest Area,Wildlife,November to March,Free,Easy,false,Bird Watching,Forest Biodiversity,Nature Exploration,Photography,Carry binoculars,Maintain silence,2026-07-20T05:23:46.926Z,,
6a5bc164fbc925e6fcc12e61,6a4a7101732595d33bf3b099,Jaldapara Forest Photography Tour,Capture wildlife and natural beauty of the Dooars forest.,"Photograph forests, grasslands, rivers, animals, and birds while exploring the rich natural environment of Jaldapara National Park.",https://res.cloudinary.com/ddjehdwgu/image/upload/v1784525047/travelbharat/j8vx9iioq1zoa6mhvs7p.jpg,travelbharat/j8vx9iioq1zoa6mhvs7p,3 Hours,6 km,Jaldapara Forest,Photography,October to March,Moderate,Easy,false,Wildlife Photography,Forest Landscapes,Animal Sightings,Nature Shots,Carry zoom lens,Avoid flash photography,2026-07-20T05:24:08.210Z,,
6a5bc17bfbc925e6fcc12e66,6a4a713d732595d33bf3b09b,Chilapata Forest Nature Walk,Walk through peaceful forest trails surrounded by greenery.,"Experience the calm beauty of Chilapata through guided forest walks featuring tall trees, birds, streams, and the peaceful atmosphere of Dooars.",https://res.cloudinary.com/ddjehdwgu/image/upload/v1784525141/travelbharat/n6lyc8idpms0udq27kum.jpg,travelbharat/n6lyc8idpms0udq27kum,2 Hours,3 km,Chilapata Forest Trails,Adventure,October to April,Budget,Moderate,false,Forest Trek,Nature Exploration,Bird Sounds,Adventure Walk,Wear proper shoes,Follow guide instructions,2026-07-20T05:25:42.650Z,,
6a5bc17bfbc925e6fcc12e63,6a4a713d732595d33bf3b09b,Chilapata Forest Safari,Explore the dense forests and wildlife of the Dooars region.,"Experience a thrilling jeep safari through Chilapata Forest, known for elephants, deer, bison, birds, and its rich natural biodiversity near Jaldapara.",https://res.cloudinary.com/ddjehdwgu/image/upload/v1784525072/travelbharat/nqspshoqksucril7p8iy.jpg,travelbharat/nqspshoqksucril7p8iy,3 Hours,8 km,Chilapata Forest,Wildlife,October to May,Moderate,Easy,false,Jungle Safari,Elephant Corridor,Dense Forest,Wildlife Spotting,Book safari with authorized guides,Follow forest rules,2026-07-20T05:24:33.167Z,,
6a5bc17bfbc925e6fcc12e64,6a4a713d732595d33bf3b09b,Buxa Border Forest Experience,Discover the natural beauty of the Chilapata forest landscape.,"Explore the forest surroundings connecting the Dooars ecosystem with rich greenery, rivers, wildlife habitats, and peaceful natural environments.",https://res.cloudinary.com/ddjehdwgu/image/upload/v1784525094/travelbharat/vtic2vmekgdyad2fuzde.jpg,travelbharat/vtic2vmekgdyad2fuzde,4 Hours,10 km,Chilapata Forest Region,Nature,November to March,Budget,Moderate,false,Dense Forest,Natural Trails,River Landscape,Green Environment,Carry insect protection,Travel with local guides,2026-07-20T05:24:55.049Z,,
6a5bc17bfbc925e6fcc12e65,6a4a713d732595d33bf3b09b,Chilapata Wildlife Photography,Capture forest landscapes and wildlife moments.,"Enjoy photography of elephants, deer, birds, ancient trees, and untouched forest scenery while exploring Chilapata's wilderness.",https://res.cloudinary.com/ddjehdwgu/image/upload/v1784525118/travelbharat/i02jijaq0grpmtiodznt.jpg,travelbharat/i02jijaq0grpmtiodznt,3 Hours,5 km,Chilapata Forest Zone,Photography,November to March,Moderate,Easy,false,Wildlife Photography,Forest Scenes,Bird Photography,Nature Shots,Carry telephoto lens,Avoid disturbing wildlife,2026-07-20T05:25:20.081Z,,
6a5bc1a7fbc925e6fcc12e68,6a4a7205732595d33bf3b09d,Sundarbans Mangrove Safari,Explore the world's largest mangrove forest through a thrilling boat safari.,"Experience the unique ecosystem of Sundarbans with boat rides through mangrove waterways, spotting wildlife, birds, rivers, and the famous Royal Bengal Tiger habitat.",https://res.cloudinary.com/ddjehdwgu/image/upload/v1784525167/travelbharat/lg5pdno0qet7yovtjgiv.jpg,travelbharat/lg5pdno0qet7yovtjgiv,6 Hours,20 km,Sundarbans National Park,Wildlife,November to February,Moderate,Easy,false,Mangrove Forest,Royal Bengal Tiger Habitat,Boat Safari,River Adventure,Carry binoculars,Follow forest guidelines,2026-07-20T05:26:07.787Z,,
6a5bc1a7fbc925e6fcc12e6a,6a4a7205732595d33bf3b09d,Sundarbans Village Life Experience,Explore traditional island communities and local culture.,"Visit villages around Sundarbans to experience local lifestyle, fishing traditions, food culture, and the unique challenges of living beside mangrove forests.",https://res.cloudinary.com/ddjehdwgu/image/upload/v1784525218/travelbharat/uwcgu6pfoyl35dybf5ve.jpg,travelbharat/uwcgu6pfoyl35dybf5ve,3 Hours,5 km,Sundarbans Villages,Culture,October to March,Budget,Easy,false,Local Culture,Island Lifestyle,Traditional Fishing,Village Experience,Respect local customs,Support local communities,2026-07-20T05:26:59.324Z,,
6a5bc1a7fbc925e6fcc12e69,6a4a7205732595d33bf3b09d,Royal Bengal Tiger Experience,Discover the natural habitat of the majestic Royal Bengal Tiger.,"Explore tiger reserve zones of Sundarbans where visitors can learn about tiger conservation, mangrove ecology, and wildlife protection efforts.",https://res.cloudinary.com/ddjehdwgu/image/upload/v1784525197/travelbharat/fnolu88i2i0utwbxdnbx.jpg,travelbharat/fnolu88i2i0utwbxdnbx,5 Hours,15 km,Sundarbans Tiger Reserve,Wildlife,December to March,Premium,Moderate,false,Tiger Reserve,Wildlife Conservation,Mangrove Ecosystem,Nature Adventure,Maintain silence during safari,Travel with authorized guides,2026-07-20T05:26:37.862Z,,
6a5bc1a7fbc925e6fcc12e6b,6a4a7205732595d33bf3b09d,Sundarbans Bird Watching Tour,Discover diverse birds in the mangrove ecosystem.,"Explore waterways and forests of Sundarbans to observe kingfishers, herons, eagles, and many migratory birds in their natural habitat.",https://res.cloudinary.com/ddjehdwgu/image/upload/v1784525242/travelbharat/ct3lfyjhiz9r4sq5azst.jpg,travelbharat/ct3lfyjhiz9r4sq5azst,4 Hours,10 km,Sundarbans Wetlands,Wildlife,November to February,Moderate,Easy,false,Bird Watching,Mangrove Wildlife,Photography,Wetland Ecology,Carry binoculars,Visit early morning,2026-07-20T05:27:23.635Z,,
6a5bc1bffbc925e6fcc12e6f,6a4a72a6732595d33bf3b0a1,Sajnekhali Bird Watching,Discover colorful birds of the Sundarbans ecosystem.,"Explore the wetlands and forests around Sajnekhali to observe kingfishers, egrets, herons, and migratory birds living in the mangrove environment.",https://res.cloudinary.com/ddjehdwgu/image/upload/v1784525307/travelbharat/acpxbxpuzibic1pjvn6n.jpg,travelbharat/acpxbxpuzibic1pjvn6n,3 Hours,3 km,Sajnekhali Bird Zone,Wildlife,November to February,Free,Easy,false,Migratory Birds,Wetland Habitat,Nature Photography,Bird Watching,Carry binoculars,Avoid loud sounds,2026-07-20T05:28:28.213Z,,
6a5bc1bffbc925e6fcc12e6e,6a4a72a6732595d33bf3b0a1,Sajnekhali Mangrove Boat Ride,Explore beautiful mangrove waterways by boat.,Take a peaceful boat ride through narrow creeks and rivers around Sajnekhali while experiencing the beauty of Sundarbans mangrove forests and wildlife habitats.,https://res.cloudinary.com/ddjehdwgu/image/upload/v1784525284/travelbharat/fpcxcxpf0if01bhaoy75.jpg,travelbharat/fpcxcxpf0if01bhaoy75,4 Hours,10 km,Sajnekhali Waterways,Adventure,October to March,Moderate,Easy,false,Boat Safari,Mangrove Forest,River Adventure,Nature Experience,Carry sun protection,Follow boat safety rules,2026-07-20T05:28:05.068Z,,
6a5bc1bffbc925e6fcc12e70,6a4a72a6732595d33bf3b0a1,Sajnekhali Nature Photography,"Capture mangrove forests, rivers, and wildlife landscapes.","Photograph unique Sundarbans scenery including mangrove trees, waterways, birds, boats, and the natural beauty of the delta region.",https://res.cloudinary.com/ddjehdwgu/image/upload/v1784525332/travelbharat/y8gw9f3lwxvmwolthlpv.jpg,travelbharat/y8gw9f3lwxvmwolthlpv,3 Hours,5 km,Sajnekhali Forest Area,Photography,November to March,Free,Easy,false,Mangrove Photography,River Landscapes,Bird Photography,Wildlife Scenes,Carry waterproof camera cover,Use morning light,2026-07-20T05:28:53.046Z,,
6a5bc1bffbc925e6fcc12e6d,6a4a72a6732595d33bf3b0a1,Sajnekhali Watchtower Visit,Enjoy panoramic views of the Sundarbans wilderness from a famous watchtower.,"Visit Sajnekhali Watchtower to observe mangrove forests, waterways, birds, and wildlife while learning about the unique ecosystem of Sundarbans.",https://res.cloudinary.com/ddjehdwgu/image/upload/v1784525263/travelbharat/cpaydklnablc11ibztsk.jpg,travelbharat/cpaydklnablc11ibztsk,2 Hours,2 km,Sajnekhali Watchtower,Wildlife,November to February,Budget,Easy,false,Wildlife Viewing,Mangrove Landscape,River Channels,Bird Watching,Carry binoculars,Maintain silence,2026-07-20T05:27:44.510Z,,
6a5bc248fbc925e6fcc12e74,6a58b1169cb1d3777c9a69c0,Vijayawada Heritage Walk,Discover the cultural and historical surroundings of Vijayawada.,"Explore the heritage areas around Kanaka Durga Temple including old streets, traditional markets, temples, and cultural landmarks of Vijayawada.",https://res.cloudinary.com/ddjehdwgu/image/upload/v1784525411/travelbharat/w7lz8m783kcercrdjql8.jpg,travelbharat/w7lz8m783kcercrdjql8,3 Hours,4 km,Vijayawada Heritage Area,Heritage,October to March,Free,Easy,false,Local Culture,Historic Sites,Traditional Markets,City Exploration,Start early morning,Try local food nearby,2026-07-20T05:30:11.992Z,,
6a5bc248fbc925e6fcc12e72,6a58b1169cb1d3777c9a69c0,Kanaka Durga Temple Darshan,Experience a spiritual visit to one of Andhra Pradesh's most revered temples.,"Visit the famous Kanaka Durga Temple located on Indrakeeladri Hill in Vijayawada and experience its divine atmosphere, ancient traditions, and beautiful architecture.",https://res.cloudinary.com/ddjehdwgu/image/upload/v1784525355/travelbharat/k1ul9oj6kyqh4yy0hh3k.jpg,travelbharat/k1ul9oj6kyqh4yy0hh3k,2 Hours,1 km,Kanaka Durga Temple,Spiritual,October to March,Free,Easy,false,Ancient Temple,Religious Experience,Hilltop Location,Traditional Rituals,Wear respectful clothing,Visit early morning to avoid crowds,2026-07-20T05:29:16.209Z,,
6a5bc248fbc925e6fcc12e75,6a58b1169cb1d3777c9a69c0,Temple Photography Experience,Capture the beauty of temple architecture and surroundings.,"Photograph the magnificent temple structure, hill landscapes, religious ceremonies, and scenic views around Kanaka Durga Temple.",https://res.cloudinary.com/ddjehdwgu/image/upload/v1784525433/travelbharat/sjdvkahj2d0u49igttnf.jpg,travelbharat/sjdvkahj2d0u49igttnf,2 Hours,1 km,Kanaka Durga Temple Area,Photography,October to March,Free,Easy,false,Temple Architecture,Hill Views,Cultural Photography,Spiritual Atmosphere,Follow photography rules,Avoid disturbing devotees,2026-07-20T05:30:33.749Z,,
6a5bc248fbc925e6fcc12e73,6a58b1169cb1d3777c9a69c0,Indrakeeladri Hill View Experience,Enjoy scenic views of Vijayawada from the temple hill.,"Explore Indrakeeladri Hill surrounding the temple and enjoy panoramic views of the Krishna River, Vijayawada city, and natural landscapes.",https://res.cloudinary.com/ddjehdwgu/image/upload/v1784525381/travelbharat/ytyz1o3ur9oetvyzilxx.jpg,travelbharat/ytyz1o3ur9oetvyzilxx,1.5 Hours,2 km,Indrakeeladri Hill,Nature,October to February,Free,Easy,false,Hilltop Views,Krishna River View,City Panorama,Photography,Carry water,Visit during sunrise or sunset,2026-07-20T05:29:42.137Z,,
6a5bc272fbc925e6fcc12e7a,6a58b1169cb1d3777c9a69c6,Chirala Beach Walk,Take a refreshing walk along the peaceful shoreline.,"Enjoy a relaxing beach walk along Chirala's coastline while experiencing ocean waves, fresh air, and beautiful natural surroundings.",https://res.cloudinary.com/ddjehdwgu/image/upload/v1784525553/travelbharat/mrup1klstkyarjlpyuuy.jpg,travelbharat/mrup1klstkyarjlpyuuy,1.5 Hours,2 km,Chirala Beach Shore,Nature,October to March,Free,Easy,false,Beach Walk,Ocean Breeze,Natural Beauty,Peaceful Environment,Carry drinking water,Avoid littering,2026-07-20T05:32:34.489Z,,
6a5bc272fbc925e6fcc12e79,6a58b1169cb1d3777c9a69c6,Chirala Coastal Village Experience,Explore traditional coastal life near Chirala.,"Discover local fishing communities, traditional lifestyles, seafood culture, and the peaceful coastal environment around Chirala.",https://res.cloudinary.com/ddjehdwgu/image/upload/v1784525519/travelbharat/s1ggxfomygtsyxvtqljx.jpg,travelbharat/s1ggxfomygtsyxvtqljx,3 Hours,5 km,Chirala Coastal Villages,Culture,November to March,Budget,Easy,false,Fishing Culture,Local Lifestyle,Coastal Traditions,Village Experience,Respect local communities,Try local seafood,2026-07-20T05:32:00.540Z,,
6a5bc272fbc925e6fcc12e78,6a58b1169cb1d3777c9a69c6,Chirala Sunset Photography,Capture beautiful coastal sunsets along the Bay of Bengal.,"Enjoy photography sessions at Chirala Beach featuring sunset colors, waves, fishermen boats, and peaceful coastal landscapes.",https://res.cloudinary.com/ddjehdwgu/image/upload/v1784525490/travelbharat/zbbghptw1pq5kyvrshqs.jpg,travelbharat/zbbghptw1pq5kyvrshqs,2 Hours,1 km,Chirala Shoreline,Photography,October to February,Free,Easy,false,Sunset Views,Ocean Photography,Beach Landscapes,Golden Hour,Carry camera accessories,Reach before sunset,2026-07-20T05:31:30.948Z,,
6a5bc272fbc925e6fcc12e77,6a58b1169cb1d3777c9a69c6,Chirala Beach Relaxation,Enjoy a peaceful seaside escape at one of Andhra Pradesh's beautiful beaches.,"Spend relaxing moments at Chirala Beach with golden sands, ocean views, fresh sea breeze, and a calm coastal atmosphere away from crowded tourist spots.",https://res.cloudinary.com/ddjehdwgu/image/upload/v1784525469/travelbharat/y24poxbzqqretqbbleok.jpg,travelbharat/y24poxbzqqretqbbleok,3 Hours,2 km,Chirala Beach,Beach,October to March,Free,Easy,false,Golden Beach,Sea Views,Sunset Experience,Relaxation,Avoid swimming during rough seas,Visit during evening hours,2026-07-20T05:31:10.059Z,,
6a5bc29afbc925e6fcc12e7c,6a58b1169cb1d3777c9a69c7,Pulicat Lake Bird Watching,Discover one of India's important coastal bird habitats.,"Explore Pulicat Lake, a beautiful brackish water lagoon known for migratory birds, flamingos, fishing communities, and rich coastal biodiversity.",,,3 Hours,5 km,Pulicat Lake,Wildlife,October to March,Free,Easy,bird,Migratory Birds,Flamingo Watching,Wetland Ecosystem,Nature Photography,Carry binoculars,Visit early morning,,,
6a5bc29afbc925e6fcc12e7d,6a58b1169cb1d3777c9a69c7,Pulicat Lake Boat Ride,Enjoy a peaceful boat ride across the scenic lagoon.,"Experience the beauty of Pulicat Lake through a relaxing boat journey surrounded by calm waters, islands, birds, and coastal landscapes.",https://res.cloudinary.com/ddjehdwgu/image/upload/v1784525721/travelbharat/ryx26oukmcnfbvyfhfge.jpg,travelbharat/ryx26oukmcnfbvyfhfge,2 Hours,3 km,Pulicat Lake Boating Area,Adventure,November to February,Budget,Easy,false,Lagoon Ride,Water Landscape,Bird Views,Peaceful Experience,Follow boat safety rules,Carry sun protection,2026-07-20T05:35:22.623Z,,
6a5bc29afbc925e6fcc12e7e,6a58b1169cb1d3777c9a69c7,Pulicat Village Cultural Walk,Experience traditional coastal village life near the lake.,"Walk through Pulicat village to explore local fishing traditions, historical streets, coastal culture, and traditional lifestyles.",https://res.cloudinary.com/ddjehdwgu/image/upload/v1784525757/travelbharat/w8bfh4gdsk6gnwr8czw4.jpg,travelbharat/w8bfh4gdsk6gnwr8czw4,2 Hours,2 km,Pulicat Village,Culture,October to March,Free,Easy,false,Fishing Community,Local Culture,Traditional Life,Village Exploration,Respect local customs,Interact politely with locals,2026-07-20T05:35:58.869Z,,
6a5bc29afbc925e6fcc12e7f,6a58b1169cb1d3777c9a69c7,Pulicat Lake Photography Tour,Capture stunning wetland landscapes and birdlife.,"The Pulicat Lake Photography Tour is a dream experience for nature lovers, wildlife photographers, birdwatchers, and travel enthusiasts seeking to capture the breathtaking beauty of one of India's largest coastal lagoons. Stretching across the states of Andhra Pradesh and Tamil Nadu, Pulicat Lake is the country's second-largest brackish water lagoon after Chilika Lake. Surrounded by tranquil waters, wetlands, mangrove forests, sandy islands, and picturesque fishing villages, the lake offers an extraordinary blend of landscapes, vibrant birdlife, and cultural heritage. Every season transforms the scenery, making Pulicat Lake a paradise for photographers looking to capture stunning natural moments.",https://res.cloudinary.com/ddjehdwgu/image/upload/v1784525821/travelbharat/rl6iflvbmfoo0hwqz3as.jpg,travelbharat/rl6iflvbmfoo0hwqz3as,3 Hours,4 km,Pulicat Lake Shore,Photography,October to February,Free,Easy,false,Bird Photography,Lake Views,Sunset Scenes,Nature Shots,Carry zoom lens,Visit during golden hour,2026-07-20T05:37:01.629Z,,
6a5bc2b5fbc925e6fcc12e83,6a58b1169cb1d3777c9a69bf,Krishna River Scenic Experience,Enjoy beautiful views of the Krishna River.,"Relax near the Krishna River and experience scenic landscapes, peaceful surroundings, river views, and beautiful evening moments.",https://res.cloudinary.com/ddjehdwgu/image/upload/v1784525917/travelbharat/gnfroume421cosphzoge.jpg,travelbharat/gnfroume421cosphzoge,2 Hours,3 km,Krishna River Banks,Nature,October to March,Free,Easy,false,River Views,Peaceful Environment,Sunset Experience,Photography,Visit during evening,Avoid unsafe water areas,2026-07-20T05:38:38.518Z,,
6a5bc2b5fbc925e6fcc12e82,6a58b1169cb1d3777c9a69bf,Undavalli Caves Exploration,Explore ancient rock-cut architecture near Vijayawada.,"Visit the historic Undavalli Caves featuring impressive rock-cut structures, ancient sculptures, and remarkable architectural craftsmanship.",https://res.cloudinary.com/ddjehdwgu/image/upload/v1784526849/travelbharat/ki2uobblpj2tu44tji3z.jpg,travelbharat/ki2uobblpj2tu44tji3z,2 Hours,8 km,Undavalli Caves,Heritage,October to February,Budget,Easy,false,Ancient Caves,Rock Cut Architecture,Historical Sculptures,Cultural Experience,Carry water,Follow monument rules,2026-07-20T05:54:09.593Z,,
6a5bc2b5fbc925e6fcc12e84,6a58b1169cb1d3777c9a69bf,Vijayawada Local Food Tour,Taste authentic Andhra cuisine and local specialties.,"Explore Vijayawada's famous food culture by trying traditional Andhra dishes, snacks, sweets, and local flavors from popular food streets.",https://res.cloudinary.com/ddjehdwgu/image/upload/v1784525953/travelbharat/zemvcf12bnclzykgxpsw.jpg,travelbharat/zemvcf12bnclzykgxpsw,2 Hours,3 km,Vijayawada City,Food,Throughout the Year,Budget,Easy,false,Andhra Cuisine,Local Snacks,Traditional Food,Cultural Experience,Try local specialties,Choose hygienic places,2026-07-20T05:39:14.555Z,,
6a5bc2b5fbc925e6fcc12e81,6a58b1169cb1d3777c9a69bf,Vijayawada Heritage City Walk,Explore the historical and cultural landmarks of Vijayawada.,"Discover Vijayawada's rich heritage through ancient temples, historic locations, traditional markets, and cultural sites that reflect the city's long history.",https://res.cloudinary.com/ddjehdwgu/image/upload/v1784525842/travelbharat/rbfan0naruvjjjbhesjs.jpg,travelbharat/rbfan0naruvjjjbhesjs,3 Hours,5 km,Vijayawada Heritage Area,Heritage,October to March,Free,Easy,false,Historic Sites,Cultural Heritage,Old Markets,Local Traditions,Start early morning,Wear comfortable shoes,2026-07-20T05:37:23.406Z,,
6a5bc2ccfbc925e6fcc12e89,6a58b1169cb1d3777c9a69d6,Srisailam Ropeway Experience,Enjoy a scenic ropeway ride over the Krishna River.,"Experience the Srisailam ropeway offering beautiful aerial views of the Krishna River, hills, forests, and surrounding landscapes.",https://res.cloudinary.com/ddjehdwgu/image/upload/v1784526103/travelbharat/lfs54crfvbnjpmqsfwok.jpg,travelbharat/lfs54crfvbnjpmqsfwok,1 Hour,3 km,Srisailam Ropeway,Adventure,October to March,Budget,Easy,false,Aerial Views,River Landscape,Hill Scenery,Unique Experience,Check weather conditions,Avoid peak crowd hours,2026-07-20T05:41:43.851Z,,
6a5bc2ccfbc925e6fcc12e87,6a58b1169cb1d3777c9a69d6,Srisailam Dam View Experience,Enjoy stunning views of the Krishna River and surrounding hills.,"Visit Srisailam Dam to admire the massive structure, flowing Krishna River, forest-covered hills, and beautiful natural surroundings.",https://res.cloudinary.com/ddjehdwgu/image/upload/v1784526045/travelbharat/afnyjojn7oaqba77wsig.jpg,travelbharat/afnyjojn7oaqba77wsig,2 Hours,5 km,Srisailam Dam,Nature,October to February,Free,Easy,false,Dam View,Krishna River,Hill Landscape,Photography,Check visiting timings,Carry camera,2026-07-20T05:40:45.892Z,,
6a5bc2ccfbc925e6fcc12e86,6a58b1169cb1d3777c9a69d6,Srisailam Mallikarjuna Temple Darshan,Experience a spiritual journey at one of India's sacred Jyotirlinga temples.,"Visit the famous Mallikarjuna Temple in Srisailam, a revered pilgrimage site known for ancient architecture, religious traditions, and peaceful spiritual surroundings.",https://res.cloudinary.com/ddjehdwgu/image/upload/v1784525976/travelbharat/qcjqjdg5dsnzldynzqzi.jpg,travelbharat/qcjqjdg5dsnzldynzqzi,3 Hours,2 km,Mallikarjuna Temple,Spiritual,October to March,Free,Easy,false,Jyotirlinga Temple,Ancient Architecture,Religious Experience,Sacred Atmosphere,Wear traditional clothing,Visit early morning,2026-07-20T05:39:36.641Z,,
6a5bc2ccfbc925e6fcc12e88,6a58b1169cb1d3777c9a69d6,Srisailam Wildlife Sanctuary Safari,Explore forests and wildlife around the Nallamala Hills.,"Discover the natural beauty of Srisailam Tiger Reserve with forests, wildlife habitats, birds, and scenic landscapes of the Nallamala mountain region.",https://res.cloudinary.com/ddjehdwgu/image/upload/v1784526077/travelbharat/xfodkdovekfdkvfmt2kz.jpg,travelbharat/xfodkdovekfdkvfmt2kz,4 Hours,15 km,Srisailam Tiger Reserve,Wildlife,November to March,Moderate,Moderate,false,Forest Safari,Tiger Reserve,Wildlife Spotting,Nallamala Hills,Travel with guides,Carry binoculars,2026-07-20T05:41:17.615Z,,
6a5bc2e9fbc925e6fcc12e8d,6a58b1169cb1d3777c9a69d8,Yaganti Hill Nature Walk,Enjoy peaceful walks through scenic rocky hills.,"Walk around the hills of Yaganti to experience unique rock formations, greenery, peaceful surroundings, and beautiful natural landscapes.",https://res.cloudinary.com/ddjehdwgu/image/upload/v1784526213/travelbharat/reehmw8oov8ljs1936df.jpg,travelbharat/reehmw8oov8ljs1936df,2 Hours,3 km,Yaganti Hills,Nature,October to March,Free,Moderate,false,Rocky Hills,Natural Beauty,Scenic Views,Peaceful Trails,Wear comfortable shoes,Avoid slippery areas,2026-07-20T05:43:33.639Z,,
6a5bc2e9fbc925e6fcc12e8e,6a58b1169cb1d3777c9a69d8,Yaganti Photography Experience,Capture ancient architecture and unique landscapes.,"Photograph the temple architecture, caves, hills, and natural surroundings that make Yaganti a unique heritage destination.",https://res.cloudinary.com/ddjehdwgu/image/upload/v1784526237/travelbharat/pvkqpeisj55hvwasemm4.jpg,travelbharat/pvkqpeisj55hvwasemm4,2 Hours,2 km,Yaganti Temple Area,Photography,October to March,Free,Easy,false,Temple Photography,Cave Views,Rock Landscapes,Heritage Scenes,Respect temple rules,Use natural light,2026-07-20T05:43:58.469Z,,
6a5bc2e9fbc925e6fcc12e8b,6a58b1169cb1d3777c9a69d8,Yaganti Uma Maheswara Temple Visit,Explore an ancient temple known for unique spiritual traditions.,"Visit Yaganti Uma Maheswara Temple, a historic Shiva temple surrounded by hills, caves, and natural beauty with unique religious significance.",https://res.cloudinary.com/ddjehdwgu/image/upload/v1784526126/travelbharat/rgkxbkidz1b67lwx2ot3.jpg,travelbharat/rgkxbkidz1b67lwx2ot3,2 Hours,1 km,Yaganti Temple,Spiritual,October to March,Free,Easy,false,Ancient Temple,Religious Heritage,Natural Surroundings,Sacred Experience,Dress respectfully,Visit early morning,2026-07-20T05:42:06.687Z,,
6a5bc2e9fbc925e6fcc12e8c,6a58b1169cb1d3777c9a69d8,Yaganti Caves Exploration,Discover mysterious natural caves around the temple.,"Explore the natural caves near Yaganti Temple, including rock formations and ancient meditation spaces surrounded by beautiful hill landscapes.",https://res.cloudinary.com/ddjehdwgu/image/upload/v1784526171/travelbharat/rxvbhaheawvhudbrotha.jpg,travelbharat/rxvbhaheawvhudbrotha,2 Hours,500 m,Yaganti Caves,Caves,October to February,Free,Easy,false,Natural Caves,Rock Formations,Hill Landscape,Historic Significance,Be careful on rocky paths,Carry water,2026-07-20T05:42:53.056Z,,
6a5bc306fbc925e6fcc12e91,6a58b1169cb1d3777c9a69c8,Mypadu Beach Sunset Photography,Capture beautiful sunset moments beside the Bay of Bengal.,"Mypadu Beach Sunset Photography is one of the most captivating coastal experiences in Andhra Pradesh, offering photographers, nature lovers, and travelers the perfect opportunity to witness and capture the mesmerizing beauty of the Bay of Bengal at dusk. Located about 25 kilometers from Nellore city, Mypadu Beach is known for its long stretch of golden sand, clear blue waters, gentle sea breeze, and peaceful atmosphere. Unlike many crowded beaches, Mypadu retains a calm and natural charm, making it an ideal destination for sunset photography, landscape photography, travel videography, and relaxing evening walks along the shoreline.",https://res.cloudinary.com/ddjehdwgu/image/upload/v1784526342/travelbharat/hyto0wftf4dyu9tjzzu5.jpg,travelbharat/hyto0wftf4dyu9tjzzu5,2 Hours,1 km,Mypadu Beach Shore,Photography,October to February,Free,Easy,false,Sunset Views,Ocean Photography,Coastal Landscapes,Golden Hour,Reach before sunset,Carry camera accessories,2026-07-20T05:45:43.126Z,,
6a5bc306fbc925e6fcc12e90,6a58b1169cb1d3777c9a69c8,Mypadu Beach Relaxation,Enjoy a peaceful coastal escape along Andhra Pradesh's shoreline.,"Relax at Mypadu Beach with golden sands, gentle waves, fresh sea breeze, and beautiful coastal scenery away from busy city life.",https://res.cloudinary.com/ddjehdwgu/image/upload/v1784526307/travelbharat/zttp4yctabr8kzanildr.jpg,travelbharat/zttp4yctabr8kzanildr,3 Hours,2 km,Mypadu Beach,Beach,October to March,Free,Easy,false,Golden Sand,Sea Views,Peaceful Atmosphere,Beach Relaxation,Avoid swimming during rough tides,Visit during evening,2026-07-20T05:45:07.588Z,,
6a5bc306fbc925e6fcc12e92,6a58b1169cb1d3777c9a69c8,Mypadu Coastal Walk,Take a refreshing walk along the scenic shoreline.,"The Mypadu Coastal Walk offers a refreshing and peaceful seaside experience along one of Andhra Pradesh's most beautiful and well-maintained beaches. Located approximately 25 kilometers from Nellore, Mypadu Beach stretches along the scenic coastline of the Bay of Bengal, providing visitors with wide sandy shores, gentle sea waves, cool ocean breezes, and breathtaking coastal views. Whether you are looking for a relaxing morning stroll, an evening walk during sunset, a fitness activity, or simply a chance to reconnect with nature, the Mypadu Coastal Walk provides an unforgettable escape from the hustle and bustle of city life.",https://res.cloudinary.com/ddjehdwgu/image/upload/v1784526400/travelbharat/ts1vdolh1zzjvihglkrk.jpg,travelbharat/ts1vdolh1zzjvihglkrk,1.5 Hours,2 km,Mypadu Coastline,Nature,October to March,Free,Easy,false,Beach Walk,Ocean Breeze,Natural Beauty,Relaxing Experience,Carry drinking water,Avoid littering,2026-07-20T05:46:41.085Z,,
6a5bc306fbc925e6fcc12e93,6a58b1169cb1d3777c9a69c8,Mypadu Local Seafood Experience,Taste fresh coastal cuisine and local seafood flavors.,Explore nearby coastal food culture and enjoy traditional seafood dishes prepared with local ingredients and regional flavors.,https://res.cloudinary.com/ddjehdwgu/image/upload/v1784526439/travelbharat/j647poihrqwkrfhayte8.jpg,travelbharat/j647poihrqwkrfhayte8,2 Hours,3 km,Mypadu Coastal Area,Food,Throughout the Year,Budget,Easy,false,Local Seafood,Coastal Cuisine,Traditional Flavors,Food Experience,Choose hygienic restaurants,Try local specialties,2026-07-20T05:47:20.436Z,,
6a5bc331fbc925e6fcc12e95,6a58b1169cb1d3777c9a69b4,Rushikonda Beach Relaxation,Enjoy the golden sands and scenic beauty of one of Visakhapatnam's famous beaches.,"Spend relaxing moments at Rushikonda Beach with clean golden sands, blue waters, peaceful surroundings, and beautiful coastal views of the Bay of Bengal.",https://res.cloudinary.com/ddjehdwgu/image/upload/v1784526481/travelbharat/nt2woam0hqqdy3qlfw9n.jpg,travelbharat/nt2woam0hqqdy3qlfw9n,3 Hours,1 km,Rushikonda Beach,Beach,October to March,Free,Easy,false,Golden Beach,Sea Views,Water Activities,Sunset Experience,Avoid swimming during rough waves,Visit during evening hours,2026-07-20T05:48:02.092Z,,
6a5bc331fbc925e6fcc12e97,6a58b1169cb1d3777c9a69b4,Rushikonda Beach Photography,Capture stunning coastal landscapes and ocean views.,"Rushikonda Beach Photography is one of the most rewarding coastal photography experiences in Andhra Pradesh, offering breathtaking views of the Bay of Bengal, golden sandy beaches, lush green hills, and spectacular sunrises. Located about 8 kilometers from the heart of Visakhapatnam, Rushikonda Beach is celebrated for its pristine shoreline, crystal-clear waters, and scenic surroundings, making it a favorite destination for landscape photographers, travel bloggers, content creators, wildlife enthusiasts, and casual visitors alike. Every season presents a unique perspective of the beach, ensuring countless opportunities to capture stunning photographs throughout the day.",https://res.cloudinary.com/ddjehdwgu/image/upload/v1784526646/travelbharat/zhkxjiizcxpclfvcaquu.jpg,travelbharat/zhkxjiizcxpclfvcaquu,2 Hours,1 km,Rushikonda Shoreline,Photography,October to March,Free,Easy,false,Ocean Photography,Sunset Views,Beach Landscapes,Nature Shots,Visit during golden hour,Carry camera protection,2026-07-20T05:50:47.373Z,,
6a5bc331fbc925e6fcc12e96,6a58b1169cb1d3777c9a69b4,Rushikonda Water Sports,Enjoy exciting adventure activities along the coastline.,"Rushikonda Water Sports offers one of the most exciting coastal adventure experiences in Andhra Pradesh, attracting thrill-seekers, beach lovers, families, and travelers from across India. Located along the scenic coastline of the Bay of Bengal, approximately 8 kilometers from Visakhapatnam city, Rushikonda Beach is renowned for its golden sands, crystal-clear waters, gentle waves, and well-developed tourism facilities.",https://res.cloudinary.com/ddjehdwgu/image/upload/v1784526581/travelbharat/vres1iebo54pwatop4w7.jpg,travelbharat/vres1iebo54pwatop4w7,2 Hours,500 m,Rushikonda Beach Water Sports Area,Adventure,October to February,Moderate,Easy,false,Water Sports,Beach Adventure,Ocean Activities,Fun Experience,Follow safety instructions,Check weather conditions,2026-07-20T05:49:42.501Z,,
6a5bc331fbc925e6fcc12e98,6a58b1169cb1d3777c9a69b4,Rushikonda Coastal Walk,Take a peaceful walk along the beautiful coastline.,"Enjoy a refreshing walk beside the Bay of Bengal while experiencing sea breeze, waves, natural beauty, and peaceful coastal surroundings.",https://res.cloudinary.com/ddjehdwgu/image/upload/v1784526684/travelbharat/lpjxlhorzwrzzc5nquyr.jpg,travelbharat/lpjxlhorzwrzzc5nquyr,1.5 Hours,2 km,Rushikonda Coast,Nature,October to March,Free,Easy,false,Beach Walk,Ocean Breeze,Natural Beauty,Relaxing Environment,Carry water,Avoid littering,2026-07-20T05:51:25.064Z,,
6a5bc353fbc925e6fcc12e9a,6a58b1169cb1d3777c9a69bd,Antarvedi Lakshmi Narasimha Temple Visit,Experience spiritual peace at the sacred coastal temple of Antarvedi.,"Visit the famous Lakshmi Narasimha Temple at Antarvedi, located near the meeting point of the Godavari River and the Bay of Bengal, known for its religious importance and peaceful surroundings.",https://res.cloudinary.com/ddjehdwgu/image/upload/v1784526734/travelbharat/umjdw0fvbkhkbk6mdotb.jpg,travelbharat/umjdw0fvbkhkbk6mdotb,2 Hours,1 km,Antarvedi Temple,Spiritual,October to March,Free,Easy,false,Ancient Temple,Sacred Pilgrimage,River And Sea Confluence,Religious Experience,Dress respectfully,Visit during morning hours,2026-07-20T05:52:14.583Z,,
6a5bc353fbc925e6fcc12e9d,6a58b1169cb1d3777c9a69bd,Antarvedi Nature Photography,"Capture unique river, sea, and coastal landscapes.","Photograph the beautiful combination of Godavari River, Bay of Bengal, temples, boats, and traditional coastal life around Antarvedi.",https://res.cloudinary.com/ddjehdwgu/image/upload/v1784526821/travelbharat/soisclptvw9gbopbgao8.jpg,travelbharat/soisclptvw9gbopbgao8,2 Hours,3 km,Antarvedi Coastal Area,Photography,October to March,Free,Easy,false,River Photography,Coastal Views,Temple Architecture,Village Scenes,Visit during sunrise or sunset,Carry camera accessories,2026-07-20T05:53:42.451Z,,
6a5bc353fbc925e6fcc12e9b,6a58b1169cb1d3777c9a69bd,Godavari River Boat Ride,Enjoy a peaceful boat journey through scenic backwaters.,"Experience the beauty of Godavari backwaters with a relaxing boat ride surrounded by rivers, greenery, fishing villages, and coastal landscapes.",,,2 Hours,3 km,Antarvedi Backwaters,Adventure,October to March,Budget,Easy,boat,River Cruise,Backwater Views,Village Landscapes,Nature Experience,Follow boat safety rules,Carry sun protection,,,
6a5bc353fbc925e6fcc12e9c,6a58b1169cb1d3777c9a69bd,Antarvedi Beach Experience,Explore the peaceful coastal beauty near the Godavari delta.,"Visit Antarvedi Beach to enjoy sea views, peaceful surroundings, fresh coastal air, and the unique landscape where river meets the ocean.",https://res.cloudinary.com/ddjehdwgu/image/upload/v1784526796/travelbharat/ca94dfqpji7zi2jqbfso.jpg,travelbharat/ca94dfqpji7zi2jqbfso,3 Hours,2 km,Antarvedi Beach,Beach,November to March,Free,Easy,false,Sea View,River Mouth,Coastal Landscape,Sunset Experience,Avoid swimming in deep water,Visit during evening,2026-07-20T05:53:16.916Z,,
6a5bc36dfbc925e6fcc12ea1,6a58b1169cb1d3777c9a69c2,Undavalli Heritage Photography,Capture ancient cave architecture and historic details.,"Explore photography opportunities around the caves featuring stone carvings, sculptures, rock formations, and historical structures.",https://res.cloudinary.com/ddjehdwgu/image/upload/v1784526900/travelbharat/yv72ort6ns5t5e6ui6yb.jpg,travelbharat/yv72ort6ns5t5e6ui6yb,2 Hours,500 m,Undavalli Cave Complex,Photography,October to March,Budget,Easy,false,Ancient Carvings,Stone Architecture,Heritage Photography,Historic Views,Avoid flash photography where restricted,Carry extra battery,2026-07-20T05:55:01.024Z,,
6a5bc36dfbc925e6fcc12e9f,6a58b1169cb1d3777c9a69c2,Undavalli Caves Exploration,Explore ancient rock-cut caves showcasing remarkable architecture.,"Visit the historic Undavalli Caves, famous for their massive rock-cut structures, ancient sculptures, and impressive architectural details dating back centuries.",https://res.cloudinary.com/ddjehdwgu/image/upload/v1784525893/travelbharat/sukenjznl9ulo7tolig6.jpg,travelbharat/sukenjznl9ulo7tolig6,2 Hours,1 km,Undavalli Caves,Heritage,October to March,Budget,Easy,false,Rock Cut Architecture,Ancient Sculptures,Historical Heritage,Cave Exploration,Carry water,Follow monument rules,2026-07-20T05:38:14.392Z,,
6a5bc36dfbc925e6fcc12ea2,6a58b1169cb1d3777c9a69c2,Undavalli Village Walk,Experience local village life around the heritage site.,"Walk through nearby villages to explore traditional lifestyles, local culture, greenery, and the peaceful rural atmosphere surrounding Undavalli.",https://res.cloudinary.com/ddjehdwgu/image/upload/v1784526927/travelbharat/cbeuevf8xpgvchi56ngn.jpg,travelbharat/cbeuevf8xpgvchi56ngn,2 Hours,3 km,Undavalli Village,Culture,October to March,Free,Easy,false,Village Culture,Local Lifestyle,Rural Landscape,Traditional Experience,Respect local people,Explore with a local guide,2026-07-20T05:55:28.186Z,,
6a5bc36dfbc925e6fcc12ea0,6a58b1169cb1d3777c9a69c2,Krishna River View Experience,Enjoy peaceful views of the Krishna River near the caves.,"Relax near the Krishna River and enjoy scenic landscapes, greenery, peaceful surroundings, and beautiful views around Undavalli.",https://res.cloudinary.com/ddjehdwgu/image/upload/v1784526874/travelbharat/t1gwbnkbfwdw1arqdzz6.jpg,travelbharat/t1gwbnkbfwdw1arqdzz6,1.5 Hours,2 km,Krishna River Banks,Nature,October to February,Free,Easy,false,River Views,Natural Beauty,Peaceful Environment,Photography,Visit during sunset,Avoid unsafe river areas,2026-07-20T05:54:35.339Z,,
6a5bc38dfbc925e6fcc12ea5,6a58b1169cb1d3777c9a69ca,Tirumala Hills Scenic Drive,Enjoy beautiful mountain views on the way to Tirumala.,"Travel through the scenic Eastern Ghats while exploring winding hill roads, forests, viewpoints, and peaceful landscapes around Tirupati.",https://res.cloudinary.com/ddjehdwgu/image/upload/v1784526979/travelbharat/rxpvjhwvodqspzqns2wn.jpg,travelbharat/rxpvjhwvodqspzqns2wn,2 Hours,20 km,Tirumala Hills,Nature,October to February,Free,Easy,false,Hill Views,Forest Landscape,Scenic Roads,Nature Experience,Drive carefully on hill roads,Carry water,2026-07-20T05:56:20.543Z,,
6a5bc38dfbc925e6fcc12ea7,6a58b1169cb1d3777c9a69ca,Tirupati Local Food Experience,Taste authentic South Indian cuisine and temple specialties.,"Explore Tirupati's famous food culture including traditional South Indian meals, sweets, and local dishes influenced by temple traditions.",https://res.cloudinary.com/ddjehdwgu/image/upload/v1784527028/travelbharat/ickrh0uh56o73f3en8xb.jpg,travelbharat/ickrh0uh56o73f3en8xb,2 Hours,3 km,Tirupati City,Food,Throughout the Year,Budget,Easy,false,South Indian Cuisine,Local Sweets,Traditional Food,Cultural Experience,Try local specialties,Choose hygienic places,2026-07-20T05:57:08.610Z,,
6a5bc38dfbc925e6fcc12ea4,6a58b1169cb1d3777c9a69ca,Tirupati Balaji Temple Darshan,Experience a spiritual journey at the world-famous Venkateswara Temple.,"Visit Tirupati's sacred Sri Venkateswara Temple at Tirumala, one of India's most important pilgrimage destinations known for devotion, traditions, and grand architecture.",https://res.cloudinary.com/ddjehdwgu/image/upload/v1784526955/travelbharat/xru2judsuwk5iqzcof5x.jpg,travelbharat/xru2judsuwk5iqzcof5x,4 Hours,5 km,Tirumala Venkateswara Temple,Spiritual,September to March,Free,Easy,false,Famous Pilgrimage Site,Temple Architecture,Religious Experience,Sacred Traditions,Book darshan tickets in advance,Follow temple guidelines,2026-07-20T05:55:55.940Z,,
6a5bc38dfbc925e6fcc12ea6,6a58b1169cb1d3777c9a69ca,Kapila Theertham Visit,Explore a sacred waterfall and ancient temple near Tirupati.,"Visit Kapila Theertham, a beautiful spiritual spot featuring a Shiva temple, natural waterfall, and peaceful surroundings at the foothills of Tirumala.",https://res.cloudinary.com/ddjehdwgu/image/upload/v1784527005/travelbharat/an7fgjxfcwdbjduj8vge.jpg,travelbharat/an7fgjxfcwdbjduj8vge,2 Hours,3 km,Kapila Theertham,Spiritual,November to February,Free,Easy,false,Sacred Temple,Natural Waterfall,Peaceful Environment,Religious Heritage,Visit after rainfall for better views,Maintain cleanliness,2026-07-20T05:56:45.580Z,,
6a5bc3b2fbc925e6fcc12eab,6a58b1169cb1d3777c9a69b3,Borra Caves Photography,Capture unique underground formations and natural beauty.,"Photograph the dramatic cave interiors, rock formations, lighting effects, and surrounding hill landscapes near Borra Caves.",https://res.cloudinary.com/ddjehdwgu/image/upload/v1784527104/travelbharat/cdtsrnohvprcji7gndhm.jpg,travelbharat/cdtsrnohvprcji7gndhm,2 Hours,500 m,Borra Cave Complex,Photography,October to March,Budget,Easy,false,Cave Photography,Rock Formations,Natural Landscapes,Unique Views,Use low-light camera settings,Follow cave rules,2026-07-20T05:58:25.524Z,,
6a5bc3b2fbc925e6fcc12eaa,6a58b1169cb1d3777c9a69b3,Araku Valley Scenic Drive,Enjoy a beautiful journey through Eastern Ghats landscapes.,"Travel through winding mountain roads connecting Borra Caves with Araku Valley while enjoying waterfalls, forests, valleys, and breathtaking hill views.",https://res.cloudinary.com/ddjehdwgu/image/upload/v1784527082/travelbharat/df6ep0kuyrncrtl1mpex.jpg,travelbharat/df6ep0kuyrncrtl1mpex,4 Hours,35 km,Araku-Borra Route,Nature,October to February,Moderate,Easy,false,Mountain Views,Forest Roads,Eastern Ghats,Scenic Journey,Travel during daylight,Carry camera,2026-07-20T05:58:03.076Z,,
6a5bc3b2fbc925e6fcc12eac,6a58b1169cb1d3777c9a69b3,Tribal Village Experience,Explore the culture and traditions of local hill communities.,"Discover the lifestyle, handicrafts, traditions, and local culture of tribal communities living around the Araku and Borra region.",https://res.cloudinary.com/ddjehdwgu/image/upload/v1784527132/travelbharat/wpvj60osyj4ovcsjivbc.jpg,travelbharat/wpvj60osyj4ovcsjivbc,3 Hours,8 km,Borra Caves Tribal Region,Culture,October to March,Budget,Easy,false,Tribal Culture,Local Handicrafts,Traditional Lifestyle,Village Experience,Respect local customs,Support local artisans,2026-07-20T05:58:52.835Z,,
6a5bc3b2fbc925e6fcc12ea9,6a58b1169cb1d3777c9a69b3,Borra Caves Exploration,Discover one of India's largest and most fascinating limestone caves.,"Explore the magnificent Borra Caves with natural limestone formations, stalactites, stalagmites, and unique underground landscapes created over millions of years.",https://res.cloudinary.com/ddjehdwgu/image/upload/v1784527053/travelbharat/v2oii1phw5wuetrqkhgk.jpg,travelbharat/v2oii1phw5wuetrqkhgk,2 Hours,1 km,Borra Caves,Caves,October to March,Budget,Easy,false,Limestone Formations,Underground Caves,Natural Wonder,Geological Experience,Wear comfortable shoes,Carry a light jacket,2026-07-20T05:57:33.777Z,,
6a5bc4c5fbc925e6fcc12eb0,6a58b1169cb1d3777c9a69ba,Papikondalu Forest Photography,Capture stunning river and mountain landscapes.,"Photograph the breathtaking combination of Godavari River, green hills, forests, boats, and natural beauty of Papikondalu.",https://res.cloudinary.com/ddjehdwgu/image/upload/v1784527209/travelbharat/mvcqzfuwhm9zzxpfp84e.jpg,travelbharat/mvcqzfuwhm9zzxpfp84e,3 Hours,5 km,Papikondalu Hills,Photography,October to February,Free,Easy,false,River Photography,Mountain Views,Forest Landscapes,Nature Shots,Visit during morning light,Carry extra batteries,2026-07-20T06:00:10.312Z,,
6a5bc4c5fbc925e6fcc12eb4,6a58b1169cb1d3777c9a69d0,Gandikota Camping Experience,Enjoy a memorable night under the stars near the canyon.,"Experience camping near Gandikota with beautiful views of rocky landscapes, starry skies, and peaceful natural surroundings.",https://res.cloudinary.com/ddjehdwgu/image/upload/v1784527340/travelbharat/meawvvl2h5axab5hcpev.jpg,travelbharat/meawvvl2h5axab5hcpev,12 Hours,3 km,Gandikota Camping Area,Adventure,October to March,Moderate,Easy,false,Night Camping,Stargazing,Canyon Views,Outdoor Adventure,Carry warm clothes,Book camps before arrival,2026-07-20T06:02:21.138Z,,
6a5bc4c5fbc925e6fcc12eb3,6a58b1169cb1d3777c9a69d0,Gandikota Canyon View,Enjoy breathtaking views of India's hidden canyon landscape.,"Visit the famous Gandikota viewpoint to admire dramatic cliffs, rocky landscapes, and the beautiful Penna River flowing through the gorge.",https://res.cloudinary.com/ddjehdwgu/image/upload/v1784527315/travelbharat/dudqo6ah1svbij7x3lzn.jpg,travelbharat/dudqo6ah1svbij7x3lzn,2 Hours,2 km,Gandikota Canyon,Nature,October to February,Free,Easy,false,Canyon Views,River Landscape,Sunset Point,Photography,Avoid cliff edges,Carry camera,2026-07-20T06:01:55.575Z,,
6a5bc4c5fbc925e6fcc12eb5,6a58b1169cb1d3777c9a69d0,Gandikota Photography Tour,Capture historic structures and dramatic landscapes.,"The Gandikota Photography Tour is an extraordinary visual journey through one of India's most breathtaking landscapes, combining dramatic canyon vistas, ancient architecture, rugged rock formations, and centuries of history. Often called the ""Grand Canyon of India,"" Gandikota is located in the YSR Kadapa district of Andhra Pradesh, where the Penna River has carved a magnificent gorge through towering granite cliffs over millions of years. Alongside the spectacular natural scenery stands the historic Gandikota Fort, creating a unique destination where photographers can capture both stunning landscapes and remarkable heritage monuments in a single trip.",https://res.cloudinary.com/ddjehdwgu/image/upload/v1784527389/travelbharat/xjfdiz6wm8rmpixqbpq4.jpg,travelbharat/xjfdiz6wm8rmpixqbpq4,3 Hours,4 km,Gandikota Heritage Zone,Photography,October to March,Free,Easy,false,Fort Photography,Landscape Views,Ancient Structures,Sunset Photography,Visit golden hour,Carry wide-angle lens,2026-07-20T06:03:09.677Z,,
6a5bc4c5fbc925e6fcc12eaf,6a58b1169cb1d3777c9a69ba,Papikondalu Tribal Village Visit,Discover the traditional lifestyle of local tribal communities.,"Explore tribal villages around Papikondalu and experience local culture, traditional homes, handicrafts, and unique lifestyles near the Godavari forests.",https://res.cloudinary.com/ddjehdwgu/image/upload/v1784527179/travelbharat/q6orsbq10vtq3n43vcga.jpg,travelbharat/q6orsbq10vtq3n43vcga,3 Hours,10 km,Papikondalu Tribal Villages,Culture,October to March,Budget,Easy,false,Tribal Culture,Local Lifestyle,Traditional Crafts,Village Experience,Respect local traditions,Support local communities,2026-07-20T05:59:40.058Z,,
6a5bc4c5fbc925e6fcc12eae,6a58b1169cb1d3777c9a69ba,Papikondalu Boat Cruise,Experience a scenic river journey through the beautiful Papikondalu hills.,"Enjoy a memorable boat cruise through the Godavari River surrounded by lush green hills, forests, waterfalls, and peaceful tribal landscapes of Papikondalu.",https://res.cloudinary.com/ddjehdwgu/image/upload/v1784527157/travelbharat/h5vokovjd9blojb48mto.jpg,travelbharat/h5vokovjd9blojb48mto,5 Hours,20 km,Papikondalu River Route,Nature,October to March,Moderate,Easy,false,Godavari River Cruise,Hill Landscapes,Forest Views,Nature Experience,Carry sun protection,Book boat tickets in advance,2026-07-20T05:59:18.362Z,,
6a5bc4c5fbc925e6fcc12eb1,6a58b1169cb1d3777c9a69ba,Papikondalu Nature Trek,Explore peaceful trails surrounded by hills and forests.,"Enjoy guided nature walks through the scenic surroundings of Papikondalu featuring forests, streams, hills, and rich biodiversity.",https://res.cloudinary.com/ddjehdwgu/image/upload/v1784527231/travelbharat/gxqrgpevr4lr4romfy5i.jpg,travelbharat/gxqrgpevr4lr4romfy5i,3 Hours,4 km,Papikondalu Forest Trails,Adventure,November to March,Budget,Moderate,false,Forest Trails,Hill Exploration,Natural Beauty,Adventure Walk,Wear trekking shoes,Travel with local guides,2026-07-20T06:00:32.264Z,,
6a5bc4c5fbc925e6fcc12eb2,6a58b1169cb1d3777c9a69d0,Gandikota Fort Exploration,Discover the historic fort known as the Grand Canyon of India.,"Gandikota Fort Exploration is an unforgettable journey into one of India's most spectacular historical and natural landmarks, where centuries-old architecture stands majestically beside the breathtaking Gandikota Gorge, often referred to as the ""Grand Canyon of India."" Located in the YSR Kadapa district of Andhra Pradesh on the banks of the Penna River, Gandikota Fort is a remarkable blend of history, culture, engineering, and dramatic landscapes. Built during the 13th century by the Kakatiya dynasty and later expanded by the Vijayanagara Empire, the fort has witnessed the rise and fall of several kingdoms, making it one of South India's most fascinating heritage destinations. Today, it attracts history enthusiasts, architecture lovers, photographers, trekkers, and adventure seekers looking to experience both ancient grandeur and stunning natural beauty.",https://res.cloudinary.com/ddjehdwgu/image/upload/v1784527288/travelbharat/sixadckx0utxs4nu9hkt.jpg,travelbharat/sixadckx0utxs4nu9hkt,3 Hours,5 km,Gandikota Fort,Heritage,October to March,Budget,Easy,false,Historic Fort,Penna River Gorge,Ancient Architecture,Heritage Walk,Carry water,Visit during sunset,2026-07-20T06:01:28.994Z,,
6a5bc4eafbc925e6fcc12ebe,6a58b1169cb1d3777c9a69d5,Oravakallu Nature Walk,Enjoy a peaceful walk through rocky natural surroundings.,"Walk around the rock garden trails while enjoying fresh air, open landscapes, natural formations, and the peaceful environment of Kurnool.",https://res.cloudinary.com/ddjehdwgu/image/upload/v1784527645/travelbharat/dl5ovzzs3veu0sfdxcga.jpg,travelbharat/dl5ovzzs3veu0sfdxcga,2 Hours,2 km,Oravakallu Trails,Nature,November to February,Free,Easy,false,Nature Trail,Rock Scenery,Outdoor Activity,Relaxing Walk,Wear comfortable shoes,Avoid afternoon heat,2026-07-20T06:07:26.772Z,,
6a5bc4eafbc925e6fcc12eb7,6a58b1169cb1d3777c9a69c4,Kondaveedu Fort Exploration,Discover the historic hilltop fort of the Reddy dynasty.,"Explore Kondaveedu Fort, an ancient hill fortress known for its historical importance, ruined gateways, temples, walls, and scenic views of the surrounding countryside.",https://res.cloudinary.com/ddjehdwgu/image/upload/v1784527415/travelbharat/ekijbudp6d3wjkzcraba.jpg,travelbharat/ekijbudp6d3wjkzcraba,3 Hours,5 km,Kondaveedu Fort,Heritage,October to March,Budget,Moderate,false,Ancient Fort,Historical Ruins,Hilltop Views,Heritage Walk,Wear comfortable shoes,Carry drinking water,2026-07-20T06:03:36.573Z,,
6a5bc4eafbc925e6fcc12eb8,6a58b1169cb1d3777c9a69c4,Kondaveedu Hill Trek,Enjoy a scenic trek through historic hill landscapes.,"Take a trekking route towards Kondaveedu Fort while enjoying rocky trails, greenery, panoramic views, and peaceful natural surroundings.",https://res.cloudinary.com/ddjehdwgu/image/upload/v1784527467/travelbharat/ydlnclvxixo2cxv136ix.jpg,travelbharat/ydlnclvxixo2cxv136ix,3 Hours,4 km,Kondaveedu Hills,Adventure,November to February,Free,Moderate,false,Hill Trek,Nature Views,Adventure Trail,Scenic Landscape,Start early morning,Carry proper footwear,2026-07-20T06:04:28.412Z,,
6a5bc4eafbc925e6fcc12ebb,6a58b1169cb1d3777c9a69d5,Oravakallu Rock Garden Exploration,Discover unique rock formations and natural landscapes.,"Explore Oravakallu Rock Garden, famous for unusual rock formations, natural stone structures, scenic views, and peaceful surroundings near Kurnool.",https://res.cloudinary.com/ddjehdwgu/image/upload/v1784527563/travelbharat/hnooxktu0zncop1ddbr6.jpg,travelbharat/hnooxktu0zncop1ddbr6,2 Hours,1 km,Oravakallu Rock Garden,Adventure,October to March,Budget,Easy,false,Rock Formations,Natural Landscape,Photography Spot,Outdoor Exploration,Wear comfortable shoes,Avoid climbing unsafe rocks,2026-07-20T06:06:03.887Z,,
6a5bc4eafbc925e6fcc12ebc,6a58b1169cb1d3777c9a69d5,Oravakallu Sunset View,Enjoy beautiful sunset views among rocky landscapes.,"Experience peaceful sunset moments surrounded by unique rocks, open landscapes, and scenic natural beauty at Oravakallu.",https://res.cloudinary.com/ddjehdwgu/image/upload/v1784527605/travelbharat/esm13dmpwudxaak8naoj.jpg,travelbharat/esm13dmpwudxaak8naoj,1.5 Hours,500 m,Oravakallu Viewpoint,Nature,October to February,Free,Easy,false,Sunset Views,Rocky Landscape,Peaceful Environment,Photography,Visit before sunset,Carry water,2026-07-20T06:06:45.715Z,,
6a5bc4eafbc925e6fcc12ebd,6a58b1169cb1d3777c9a69d5,Oravakallu Photography Experience,Capture artistic rock landscapes and natural beauty.,"Take photographs of unique stone formations, landscapes, pathways, and scenic surroundings that make Oravakallu special.",https://res.cloudinary.com/ddjehdwgu/image/upload/v1784527624/travelbharat/rwvdylumomu1naijckdf.jpg,travelbharat/rwvdylumomu1naijckdf,2 Hours,1 km,Rock Garden Area,Photography,October to March,Budget,Easy,false,Rock Photography,Natural Art,Landscape Views,Creative Shots,Use wide-angle lens,Visit in good lighting,2026-07-20T06:07:05.647Z,,
6a5bc4eafbc925e6fcc12eb9,6a58b1169cb1d3777c9a69c4,Kondaveedu Photography Tour,Capture historic ruins and beautiful hill views.,"The Kondaveedu Photography Tour is an unforgettable experience for photographers, history enthusiasts, adventure seekers, and nature lovers who wish to capture the timeless beauty of one of Andhra Pradesh's most remarkable hill forts. Nestled amidst the scenic Kondaveedu Hills near Guntur, Kondaveedu Fort is a magnificent medieval fortress renowned for its impressive stone architecture, panoramic hilltop views, lush green landscapes, and rich historical legacy.",https://res.cloudinary.com/ddjehdwgu/image/upload/v1784527508/travelbharat/utwpezj4hjt6wakpll2c.jpg,travelbharat/utwpezj4hjt6wakpll2c,2 Hours,3 km,Kondaveedu Fort Area,Photography,October to March,Free,Easy,false,Fort Photography,Hill Views,Historical Structures,Landscape Shots,Visit during sunrise or sunset,Carry extra batteries,2026-07-20T06:05:09.154Z,,
6a5bc4eafbc925e6fcc12eba,6a58b1169cb1d3777c9a69c4,Kondaveedu Cultural Experience,Learn about the history and traditions around the fort region.,"Explore local villages near Kondaveedu to experience regional culture, traditions, food, and historical stories connected with the fort.",https://res.cloudinary.com/ddjehdwgu/image/upload/v1784527537/travelbharat/zd47us3zxxnm64pywufi.jpg,travelbharat/zd47us3zxxnm64pywufi,2 Hours,6 km,Kondaveedu Village,Culture,October to March,Budget,Easy,false,Local Culture,Village Life,Historical Stories,Traditional Experience,Respect local customs,Interact politely,2026-07-20T06:05:37.887Z,,
6a5bc50efbc925e6fcc12ec1,6a58b1169cb1d3777c9a69da,Srikurmam Heritage Photography,Capture ancient temple architecture and artistic details.,"Explore photography opportunities around Srikurmam Temple featuring traditional carvings, sculptures, architecture, and cultural elements.",https://res.cloudinary.com/ddjehdwgu/image/upload/v1784527719/travelbharat/t2c0rfq8x7bxauefmqlp.jpg,travelbharat/t2c0rfq8x7bxauefmqlp,2 Hours,500 m,Srikurmam Temple Complex,Photography,October to March,Free,Easy,false,Temple Architecture,Ancient Sculptures,Cultural Photography,Heritage Views,Follow temple photography rules,Avoid disturbing devotees,2026-07-20T06:08:40.295Z,,
6a5bc50efbc925e6fcc12ec2,6a58b1169cb1d3777c9a69da,Srikurmam Cultural Walk,Experience local traditions around the historic temple village.,"Walk around Srikurmam village to understand local culture, traditions, religious practices, and the peaceful lifestyle of the coastal region.",https://res.cloudinary.com/ddjehdwgu/image/upload/v1784527740/travelbharat/tlm2oauwanrbqlqeaex9.jpg,travelbharat/tlm2oauwanrbqlqeaex9,2 Hours,2 km,Srikurmam Village,Culture,October to March,Free,Easy,false,Village Culture,Local Traditions,Temple History,Rural Experience,Respect local customs,Interact politely with locals,2026-07-20T06:09:01.425Z,,
6a5bc50efbc925e6fcc12ec0,6a58b1169cb1d3777c9a69da,Srikurmam Temple Darshan,"Visit the ancient temple dedicated to Lord Kurma, an incarnation of Vishnu.","Explore Srikurmam Temple, one of India's rare temples dedicated to Lord Kurma (tortoise incarnation of Lord Vishnu), known for its unique architecture and spiritual significance.",https://res.cloudinary.com/ddjehdwgu/image/upload/v1784527685/travelbharat/cj5l0stb7ldvdoj6hv7v.jpg,travelbharat/cj5l0stb7ldvdoj6hv7v,2 Hours,1 km,Srikurmam Temple,Spiritual,October to March,Free,Easy,false,Ancient Temple,Unique Architecture,Religious Heritage,Spiritual Experience,Dress respectfully,Visit during morning hours,2026-07-20T06:08:06.529Z,,
6a5bc50efbc925e6fcc12ec7,6a58b1169cb1d3777c9a69b7,Lambasingi Camping Experience,Enjoy a peaceful camping experience in the hills.,"Stay close to nature with camping experiences in Lambasingi featuring cool weather, starry nights, forests, and mountain surroundings.",https://res.cloudinary.com/ddjehdwgu/image/upload/v1784527857/travelbharat/qjx1twxmryf4zs23ty3e.jpg,travelbharat/qjx1twxmryf4zs23ty3e,12 Hours,3 km,Lambasingi Camping Area,Adventure,November to February,Moderate,Easy,false,Hill Camping,Stargazing,Mountain Views,Outdoor Experience,Carry warm clothes,Book camps early,2026-07-20T06:10:58.457Z,,
6a5bc50efbc925e6fcc12ec4,6a58b1169cb1d3777c9a69b7,Lambasingi Hill Station Visit,Explore the misty hills known as the Kashmir of Andhra Pradesh.,"Experience Lambasingi's cool climate, mist-covered hills, coffee plantations, valleys, and peaceful natural surroundings.",https://res.cloudinary.com/ddjehdwgu/image/upload/v1784527786/travelbharat/cmj8tvoyime1htuuqngc.jpg,travelbharat/cmj8tvoyime1htuuqngc,4 Hours,5 km,Lambasingi Hills,Hill Station,November to February,Free,Easy,false,Misty Mountains,Cool Climate,Valley Views,Nature Experience,Carry warm clothes,Visit early morning for mist,2026-07-20T06:09:48.159Z,,
6a5bc50efbc925e6fcc12ec5,6a58b1169cb1d3777c9a69b7,Lambasingi Sunrise Point,Watch beautiful sunrise views from the Eastern Ghats.,"Visit scenic viewpoints in Lambasingi to enjoy sunrise over misty valleys, mountains, forests, and beautiful landscapes.",https://res.cloudinary.com/ddjehdwgu/image/upload/v1784527809/travelbharat/srxtqunxep0krsex2wqj.jpg,travelbharat/srxtqunxep0krsex2wqj,2 Hours,3 km,Lambasingi Viewpoint,Nature,November to February,Free,Easy,false,Sunrise Views,Mountain Landscape,Misty Valleys,Photography,Reach before sunrise,Carry warm clothing,2026-07-20T06:10:09.807Z,,
6a5bc50efbc925e6fcc12ec3,6a58b1169cb1d3777c9a69da,Srikurmam Spiritual Experience,Enjoy a peaceful devotional experience at the sacred temple.,"Spend peaceful time at Srikurmam Temple experiencing prayers, rituals, spiritual atmosphere, and traditional religious practices.",https://res.cloudinary.com/ddjehdwgu/image/upload/v1784527763/travelbharat/zajutlzfao91yy2jj9gh.jpg,travelbharat/zajutlzfao91yy2jj9gh,1.5 Hours,500 m,Temple Premises,Spiritual,Throughout the Year,Free,Easy,false,Temple Rituals,Peaceful Atmosphere,Devotional Experience,Sacred Place,Maintain silence,Follow temple guidelines,2026-07-20T06:09:23.904Z,,
6a5bc50efbc925e6fcc12ec6,6a58b1169cb1d3777c9a69b7,Lambasingi Coffee Plantation Walk,Explore peaceful coffee plantations and village landscapes.,"Walk through coffee plantations and green landscapes while experiencing the natural beauty, local farming, and peaceful hill environment of Lambasingi.",https://res.cloudinary.com/ddjehdwgu/image/upload/v1784527836/travelbharat/eq2pbw9cz3ct55vae0eo.jpg,travelbharat/eq2pbw9cz3ct55vae0eo,2 Hours,4 km,Lambasingi Coffee Farms,Nature,October to March,Budget,Easy,false,Coffee Plantations,Green Hills,Village Life,Nature Walk,Respect private farms,Hire local guides,2026-07-20T06:10:37.162Z,,
6a5bc530fbc925e6fcc12eca,6a58b1169cb1d3777c9a69db,Kalingapatnam Sunset Photography,Capture beautiful sunset scenes along the coastline.,"Photograph colorful sunsets, ocean waves, fishermen boats, coastal landscapes, and the natural beauty of Kalingapatnam Beach.",https://res.cloudinary.com/ddjehdwgu/image/upload/v1784527917/travelbharat/z26ruj28zecd3xmaqbkw.jpg,travelbharat/z26ruj28zecd3xmaqbkw,2 Hours,500 m,Kalingapatnam Shoreline,Photography,October to March,Free,Easy,false,Sunset Views,Ocean Photography,Coastal Landscape,Golden Hour,Reach before sunset,Carry camera accessories,2026-07-20T06:11:57.606Z,,
6a5bc530fbc925e6fcc12ecb,6a58b1169cb1d3777c9a69db,Kalingapatnam Coastal Walk,Enjoy a refreshing walk beside the Bay of Bengal.,"Take a peaceful coastal walk along Kalingapatnam Beach while enjoying sea breeze, waves, natural scenery, and a relaxing beach atmosphere.",,,2 Hours,2 km,Kalingapatnam Coast,Nature,October to March,Free,Easy,footprints,Beach Walk,Ocean Breeze,Natural Beauty,Relaxing Experience,Carry drinking water,Avoid littering,,,
6a5bc530fbc925e6fcc12ec9,6a58b1169cb1d3777c9a69db,Kalingapatnam Beach Relaxation,Enjoy the peaceful coastal beauty of Kalingapatnam Beach.,"Relax at Kalingapatnam Beach, a beautiful coastal destination known for golden sands, sea breeze, peaceful surroundings, and the meeting point of the Vamsadhara River with the Bay of Bengal.",https://res.cloudinary.com/ddjehdwgu/image/upload/v1784527896/travelbharat/xilyc39l7te7mrrmrggd.jpg,travelbharat/xilyc39l7te7mrrmrggd,3 Hours,1 km,Kalingapatnam Beach,Beach,October to March,Free,Easy,false,Golden Sand Beach,Sea Views,River And Ocean Confluence,Peaceful Environment,Avoid swimming during rough tides,Visit during evening,2026-07-20T06:11:36.764Z,,
6a5bc530fbc925e6fcc12ecc,6a58b1169cb1d3777c9a69db,Kalingapatnam Lighthouse Visit,Explore the historic coastal lighthouse near the beach.,"Visit the old lighthouse area of Kalingapatnam and enjoy views of the coastline, sea, and surrounding landscapes while learning about its maritime importance.",,,1.5 Hours,1 km,Kalingapatnam Lighthouse,Heritage,October to March,Budget,Easy,landmark,Historic Lighthouse,Coastal Views,Maritime Heritage,Photography Spot,Check visiting access,Follow local guidelines,,,
6a5bc5a9fbc925e6fcc12ecf,6a58b1169cb1d3777c9a69bb,Maredumilli Waterfall Visit,Enjoy beautiful waterfalls surrounded by forest landscapes.,"Visit scenic waterfalls around Maredumilli and experience refreshing water streams, greenery, and peaceful forest environments.",,,3 Hours,8 km,Maredumilli Waterfalls,Nature,October to February,Budget,Easy,waterfall,Forest Waterfalls,Fresh Streams,Green Landscapes,Photography,Wear comfortable shoes,Avoid slippery rocks,,,
6a5bc5a9fbc925e6fcc12ece,6a58b1169cb1d3777c9a69bb,Maredumilli Forest Exploration,Explore the lush green forests and natural beauty of Maredumilli.,"Discover Maredumilli's dense forests, waterfalls, streams, tribal villages, and peaceful natural surroundings in the Eastern Ghats of Andhra Pradesh.",,,4 Hours,10 km,Maredumilli Forest Area,Nature,October to March,Budget,Easy,trees,Dense Forests,Waterfalls,Tribal Culture,Nature Trails,Carry insect repellent,Travel with local guides,,,
6a5bc5a9fbc925e6fcc12ed0,6a58b1169cb1d3777c9a69bb,Maredumilli Tribal Village Experience,Experience the traditional lifestyle of tribal communities.,"Explore tribal villages near Maredumilli to understand local traditions, handicrafts, food culture, and forest-based lifestyles.",,,2 Hours,5 km,Maredumilli Tribal Villages,Culture,October to March,Budget,Easy,users,Tribal Culture,Local Lifestyle,Traditional Crafts,Village Experience,Respect local traditions,Support local communities,,,
6a5bc5a9fbc925e6fcc12ed1,6a58b1169cb1d3777c9a69c5,Suryalanka Beach Relaxation,Enjoy a peaceful beach escape along the Bay of Bengal.,"Relax at Suryalanka Beach with golden sands, sea breeze, beautiful sunsets, and calm coastal surroundings near Bapatla.",,,3 Hours,1 km,Suryalanka Beach,Beach,October to March,Free,Easy,waves,Golden Sand,Sea Views,Sunset Experience,Beach Relaxation,Avoid swimming during rough tides,Visit during evening,,,
6a5bc5a9fbc925e6fcc12ed5,6a58c2879cb1d3777c9a69e3,Sela Pass Himalayan Drive,Experience one of India's most beautiful mountain passes.,"Travel through Sela Pass featuring snow-covered mountains, frozen lakes, dramatic landscapes, and breathtaking views of the Eastern Himalayas.",,,4 Hours,25 km,Sela Pass,Mountain,April to October,Free,Moderate,mountain,High Altitude Pass,Snow Mountains,Scenic Drive,Photography,Carry warm clothing,Check weather conditions,,,
6a5bc5a9fbc925e6fcc12ed3,6a58bfde9cb1d3777c9a69dd,Tawang Monastery Visit,Explore one of India's largest Buddhist monasteries.,"Visit the historic Tawang Monastery surrounded by Himalayan mountains, known for Buddhist culture, ancient scriptures, and peaceful spiritual atmosphere.",,,3 Hours,2 km,Tawang Monastery,Spiritual,March to October,Free,Easy,temple,Buddhist Heritage,Mountain Views,Ancient Monastery,Spiritual Experience,Maintain silence,Respect monastery rules,,,
6a5bc5a9fbc925e6fcc12ed4,6a58bfde9cb1d3777c9a69dd,Tawang Mountain View Experience,Enjoy breathtaking Himalayan landscapes around Tawang.,"Explore the scenic beauty of Tawang with snow-covered peaks, valleys, rivers, and dramatic Himalayan landscapes.",,,4 Hours,15 km,Tawang Valley,Mountain,April to October,Free,Easy,mountain,Himalayan Views,Mountain Landscapes,Valley Scenery,Photography,Carry warm clothes,Acclimatize properly,,,
6a5bc5a9fbc925e6fcc12ed2,6a58b1169cb1d3777c9a69c5,Suryalanka Beach Photography,Capture beautiful coastal landscapes and sunsets.,"Photograph ocean waves, sandy shores, sunsets, fishermen boats, and scenic coastal views at Suryalanka Beach.",,,2 Hours,500 m,Suryalanka Shoreline,Photography,October to March,Free,Easy,camera,Sunset Views,Ocean Photography,Coastal Landscape,Golden Hour,Carry camera accessories,Visit before sunset,,,
6a5bc5cbfbc925e6fcc12edc,6a58c3dd9cb1d3777c9a69eb,Nuranang Waterfall Visit,Explore one of Arunachal Pradesh's most beautiful waterfalls.,"Visit Nuranang Waterfall, also known as Jang Falls, surrounded by mountains and forests with a spectacular natural setting near Tawang.",,,2 Hours,2 km,Nuranang Waterfall,Nature,March to October,Budget,Easy,waterfall,Mountain Waterfall,Natural Beauty,Photography,Peaceful Surroundings,Wear proper shoes,Avoid slippery areas,,,
6a5bc5cbfbc925e6fcc12ed7,6a58c32d9cb1d3777c9a69e7,Madhuri Lake Scenic Visit,Explore the stunning high-altitude lake surrounded by Himalayan mountains.,"Visit Madhuri Lake, also known as Sangetsar Lake, a beautiful Himalayan lake formed after an earthquake, surrounded by snow-covered peaks and peaceful landscapes.",,,3 Hours,45 km,Madhuri Lake,Mountain,April to October,Budget,Easy,waves,High Altitude Lake,Mountain Views,Peaceful Environment,Photography,Carry warm clothes,Carry valid permits,,,
6a5bc5cbfbc925e6fcc12ed8,6a58c32d9cb1d3777c9a69e7,Madhuri Lake Photography,Capture breathtaking Himalayan lake landscapes.,"Enjoy photography of crystal-clear waters, snow-covered mountains, unique tree trunks, and dramatic Himalayan scenery around Madhuri Lake.",,,2 Hours,1 km,Sangetsar Lake Area,Photography,April to October,Free,Easy,camera,Lake Photography,Snow Mountains,Natural Beauty,Scenic Views,Protect camera from cold,Visit during clear weather,,,
6a5bc5cbfbc925e6fcc12edf,6a58c41d9cb1d3777c9a69ed,Bomdila Himalayan Viewpoint,Enjoy panoramic views of the Eastern Himalayas.,"Explore scenic viewpoints around Bomdila offering beautiful views of mountains, valleys, forests, and Himalayan landscapes.",,,2 Hours,5 km,Bomdila Viewpoint,Hill Station,March to June,Free,Easy,mountain,Himalayan Views,Valley Scenery,Mountain Landscape,Photography,Visit during clear weather,Carry warm clothes,,,
6a5bc5cbfbc925e6fcc12eda,6a58c36d9cb1d3777c9a69e9,Bum La Pass Adventure Drive,Experience a thrilling journey to a historic Himalayan border pass.,"Travel to Bum La Pass through challenging mountain roads while enjoying snow-covered landscapes, high-altitude scenery, and historic importance.",,,5 Hours,37 km,Bum La Pass,Adventure,May to October,Moderate,Hard,mountain,High Altitude Pass,Snow Landscapes,Mountain Adventure,Border History,Carry permits,Avoid sudden movements at high altitude,,,
6a5bc5cbfbc925e6fcc12ed9,6a58c32d9cb1d3777c9a69e7,Madhuri Lake Nature Walk,Enjoy a peaceful walk around the Himalayan lake.,"Walk around the beautiful surroundings of Madhuri Lake while enjoying fresh mountain air, peaceful landscapes, and untouched Himalayan nature.",,,1.5 Hours,2 km,Madhuri Lake Trail,Nature,April to October,Free,Easy,footprints,Mountain Trail,Fresh Air,Lake Views,Peaceful Walk,Walk slowly due to altitude,Carry water,,,
6a5bc5cbfbc925e6fcc12edb,6a58c36d9cb1d3777c9a69e9,Bum La Pass Photography,Capture dramatic Himalayan landscapes and snow views.,"Photograph rugged mountains, snow-covered roads, high-altitude terrain, and breathtaking views from Bum La Pass.",,,2 Hours,1 km,Bum La Pass Viewpoint,Photography,May to October,Free,Moderate,camera,Snow Mountains,Himalayan Views,Unique Landscape,Adventure Photography,Protect camera batteries,Follow local restrictions,,,
6a5bc5cbfbc925e6fcc12ede,6a58c41d9cb1d3777c9a69ed,Bomdila Monastery Visit,Explore the peaceful Buddhist monastery of Bomdila.,"Visit Bomdila Monastery, a spiritual center offering Himalayan views, Buddhist culture, prayer halls, and peaceful surroundings.",,,2 Hours,2 km,Bomdila Monastery,Spiritual,March to October,Free,Easy,temple,Buddhist Culture,Mountain Views,Prayer Hall,Peaceful Atmosphere,Maintain silence,Respect monastery customs,,,
6a5bc5cbfbc925e6fcc12edd,6a58c3dd9cb1d3777c9a69eb,Nuranang Waterfall Photography,Capture the beauty of cascading Himalayan waters.,"Enjoy photography of the powerful waterfall, green valleys, mountain backgrounds, and scenic landscapes around Nuranang.",,,1.5 Hours,500 m,Jang Falls Area,Photography,March to October,Free,Easy,camera,Waterfall Views,Mountain Background,Nature Photography,Scenic Landscape,Visit during daylight,Carry rain protection,,,
6a5bc658fbc925e6fcc12ee3,6a58c4419cb1d3777c9a69ef,Dirang Valley Exploration,Discover the beautiful Himalayan valley landscapes of Dirang.,"Explore Dirang Valley with scenic mountains, rivers, apple orchards, villages, and peaceful natural surroundings of Arunachal Pradesh.",,,4 Hours,10 km,Dirang Valley,Hill Station,March to June,Free,Easy,mountain,Mountain Views,River Landscapes,Green Valleys,Village Life,Carry warm clothes,Start early for viewpoints,,,
6a5bc658fbc925e6fcc12ee7,6a58c46b9cb1d3777c9a69f1,Sangti Valley Photography,Capture stunning Himalayan valley landscapes.,"Photograph rivers, mountains, villages, forests, and beautiful natural scenery that make Sangti Valley a peaceful destination.",,,2 Hours,3 km,Sangti Valley Viewpoint,Photography,October to April,Free,Easy,camera,Valley Views,Mountain Photography,River Landscape,Sunrise Views,Visit during golden hour,Carry camera protection,,,
6a5bc658fbc925e6fcc12ee9,6a58c4af9cb1d3777c9a69f3,Mandala Top Sunrise Experience,Watch beautiful sunrise views over the Eastern Himalayas.,"Visit Mandala Top early morning to enjoy golden sunrise, mountain silhouettes, clouds, and peaceful Himalayan surroundings.",,,2 Hours,1 km,Mandala Top Viewpoint,Nature,October to March,Free,Easy,sunrise,Sunrise Views,Mountain Panorama,Cloud Landscapes,Photography,Reach before sunrise,Carry warm clothes,,,
6a5bc658fbc925e6fcc12ee6,6a58c46b9cb1d3777c9a69f1,Sangti Valley Bird Watching,Observe beautiful Himalayan birds in a natural setting.,"Experience bird watching in Sangti Valley, home to migratory birds, forests, rivers, and diverse Himalayan ecosystems.",,,3 Hours,4 km,Sangti Valley Forest Area,Wildlife,October to April,Free,Easy,bird,Migratory Birds,Natural Habitat,Photography,Forest Landscape,Carry binoculars,Avoid disturbing birds,,,
6a5bc658fbc925e6fcc12ee2,6a58c4419cb1d3777c9a69ef,Dirang Monastery Visit,Explore the peaceful Buddhist heritage of Dirang.,"Visit Dirang Monastery, a beautiful Buddhist spiritual center surrounded by Himalayan mountains, known for its peaceful atmosphere and traditional architecture.",,,2 Hours,2 km,Dirang Monastery,Spiritual,March to October,Free,Easy,temple,Buddhist Heritage,Mountain Views,Prayer Hall,Cultural Experience,Maintain silence,Respect monastery rules,,,
6a5bc658fbc925e6fcc12ee5,6a58c46b9cb1d3777c9a69f1,Sangti Valley Nature Walk,Enjoy peaceful walks through one of Arunachal's scenic valleys.,"Explore Sangti Valley with beautiful rivers, green fields, mountains, villages, and peaceful landscapes away from crowded tourist areas.",,,3 Hours,5 km,Sangti Valley,Valley,October to April,Free,Easy,trees,Mountain Valley,River Views,Bird Watching,Peaceful Nature,Carry binoculars,Respect village areas,,,
6a5bc658fbc925e6fcc12ee4,6a58c4419cb1d3777c9a69ef,Dirang Hot Spring Experience,Relax in natural hot springs surrounded by mountains.,Visit Dirang's natural hot springs known for warm mineral-rich waters and peaceful Himalayan surroundings.,,,2 Hours,5 km,Dirang Hot Spring,Nature,October to March,Budget,Easy,waves,Natural Hot Spring,Mountain Environment,Relaxation,Unique Experience,Carry extra clothes,Follow local guidelines,,,
6a5bc658fbc925e6fcc12ee8,6a58c4af9cb1d3777c9a69f3,Mandala Top Mountain Drive,Experience breathtaking Himalayan roads and landscapes.,"Drive to Mandala Top through scenic mountain routes featuring forests, snow-covered peaks, and panoramic views of Arunachal Pradesh.",,,4 Hours,25 km,Mandala Top,Hill Station,October to March,Free,Moderate,mountain,Mountain Drive,Himalayan Views,Forest Roads,Photography,Check weather conditions,Carry warm clothing,,,
6a5bc68efbc925e6fcc12ef1,6a58c5e99cb1d3777c9a69f9,Pakke River Nature Trail,Explore beautiful river and forest landscapes.,"Enjoy nature trails around Pakke featuring rivers, forests, wildlife habitats, and peaceful surroundings.",,,3 Hours,5 km,Pakke River Area,Adventure,October to April,Budget,Moderate,hiking,River Trails,Forest Adventure,Bird Watching,Nature Exploration,Wear suitable shoes,Use local guides,,,
6a5bc68efbc925e6fcc12eee,6a58c5519cb1d3777c9a69f7,Seppa River Side Experience,Enjoy the natural beauty of the Kameng River surroundings.,"Explore Seppa, a peaceful destination known for rivers, forests, hills, and traditional tribal culture of East Kameng district.",,,3 Hours,5 km,Seppa,Nature,October to March,Free,Easy,waves,River Views,Mountain Landscape,Tribal Culture,Peaceful Environment,Respect local communities,Carry basic supplies,,,
6a5bc68efbc925e6fcc12ef0,6a58c5e99cb1d3777c9a69f9,Pakke Tiger Reserve Safari,Experience wildlife adventure in a protected Himalayan forest.,"Explore Pakke Tiger Reserve through jungle safaris featuring rich biodiversity, elephants, hornbills, tigers, and beautiful forest ecosystems.",,,4 Hours,20 km,Pakke Tiger Reserve,Wildlife,November to April,Moderate,Moderate,paw,Jungle Safari,Wildlife Spotting,Hornbill Habitat,Dense Forest,Follow safari rules,Carry binoculars,,,
6a5bc68efbc925e6fcc12ef2,6a58c6549cb1d3777c9a69fb,Ziro Valley Scenic Exploration,Discover the beautiful valley landscapes of Arunachal Pradesh.,"Explore Ziro Valley, famous for green rice fields, pine forests, Apatani culture, mountains, and peaceful natural surroundings.",,,5 Hours,15 km,Ziro Valley,Valley,March to October,Free,Easy,mountain,Green Valleys,Rice Fields,Apatani Culture,Mountain Views,Respect tribal traditions,Carry rain protection,,,
6a5bc68efbc925e6fcc12eef,6a58c5519cb1d3777c9a69f7,Seppa Nature Walk,Explore forests and scenic landscapes around Seppa.,"Walk through natural surroundings of Seppa featuring greenery, hills, rivers, and peaceful village landscapes.",,,2 Hours,3 km,Seppa Village Area,Nature,October to April,Free,Easy,trees,Forest Views,Village Scenery,Fresh Air,Nature Walk,Avoid littering,Travel with locals when possible,,,
6a5bc68efbc925e6fcc12eed,6a58c4fd9cb1d3777c9a69f5,Eaglenest Forest Trek,Explore peaceful forest trails surrounded by Himalayan nature.,"Trek through Eaglenest's forests to experience mountain trails, streams, wildlife habitats, and untouched natural beauty.",,,4 Hours,6 km,Eaglenest Forest,Adventure,October to March,Moderate,Moderate,hiking,Forest Trek,Mountain Trails,Wildlife Spotting,Nature Adventure,Wear trekking shoes,Carry water,,,
6a5bc68efbc925e6fcc12eec,6a58c4fd9cb1d3777c9a69f5,Eaglenest Bird Watching,Experience birding in a paradise of Himalayan birds.,"Enjoy bird watching at Eaglenest, home to rare species including the Bugun Liocichla and many Himalayan birds living in forest habitats.",,,4 Hours,5 km,Eaglenest Forest Trails,Wildlife,October to April,Moderate,Easy,bird,Rare Birds,Forest Habitat,Wildlife Photography,Nature Experience,Carry binoculars,Maintain silence,,,
6a5bc68efbc925e6fcc12eeb,6a58c4fd9cb1d3777c9a69f5,Eaglenest Wildlife Sanctuary Exploration,Discover the rich biodiversity of one of Arunachal Pradesh's famous wildlife areas.,"Explore Eaglenest Wildlife Sanctuary, known for dense forests, Himalayan biodiversity, rare birds, butterflies, and beautiful mountain landscapes.",,,5 Hours,15 km,Eaglenest Wildlife Sanctuary,Wildlife,October to April,Moderate,Moderate,trees,Rich Biodiversity,Bird Watching,Forest Trails,Mountain Ecosystem,Carry binoculars,Hire local guides,,,
6a5bc6bdfbc925e6fcc12ef6,6a58c8779cb1d3777c9a69ff,Talley Valley Nature Photography,Capture the untouched beauty of Himalayan forests.,"Photograph lush green forests, mountain landscapes, streams, and unique biodiversity found inside Talley Valley.",,,3 Hours,4 km,Talley Valley Trails,Photography,October to March,Free,Easy,camera,Forest Photography,Mountain Views,Nature Shots,Wildlife Scenes,Carry extra batteries,Visit during morning hours,,,
6a5bc6bdfbc925e6fcc12efa,6a58c9789cb1d3777c9a6a05,Bhismaknagar Heritage Walk,Walk through ancient history and archaeological landscapes.,"Take a heritage walk around Bhismaknagar to understand ancient civilization, architecture, ruins, and historical importance of the region.",,,2 Hours,1 km,Bhismaknagar Archaeological Area,Heritage,October to March,Budget,Easy,landmark,Ancient Architecture,Historical Stories,Archaeology,Cultural Experience,Follow site rules,Respect heritage structures,,,
6a5bc6bdfbc925e6fcc12ef4,6a58c8779cb1d3777c9a69ff,Talley Valley Wildlife Sanctuary Trek,Explore one of Arunachal Pradesh's most beautiful forest sanctuaries.,"Experience Talley Valley Wildlife Sanctuary with dense forests, alpine landscapes, rare flora and fauna, bamboo forests, and peaceful trekking routes.",,,5 Hours,12 km,Talley Valley Wildlife Sanctuary,Wildlife,October to April,Moderate,Moderate,trees,Dense Forests,Wildlife Habitat,Nature Trails,Rare Plants,Hire local guides,Carry trekking essentials,,,
6a5bc6bdfbc925e6fcc12ef8,6a58c9319cb1d3777c9a6a03,Menga Cave Photography,Capture unique underground landscapes and rock structures.,"Experience photography inside and around Menga Cave featuring natural textures, rocks, forests, and unexplored landscapes.",,,1.5 Hours,1 km,Menga Cave Area,Photography,October to March,Free,Moderate,camera,Cave Photography,Natural Structures,Adventure Views,Unique Landscape,Carry proper lighting,Wear trekking shoes,,,
6a5bc6bdfbc925e6fcc12efb,6a58cad79cb1d3777c9a6a07,Panaji Heritage Walk,Explore the historic capital city of Goa.,"Discover Panaji's Portuguese heritage, colorful streets, old buildings, churches, riverfront views, and unique Goan culture.",,,4 Hours,5 km,Panaji City,Heritage,November to February,Budget,Easy,landmark,Portuguese Architecture,Historic Streets,Mandovi River,Cultural Experience,Wear comfortable shoes,Explore during morning,,,
6a5bc6bdfbc925e6fcc12ef7,6a58c9319cb1d3777c9a6a03,Menga Cave Exploration,Explore the mysterious natural cave formations of Arunachal Pradesh.,"Discover Menga Cave, a hidden natural attraction featuring unique rock formations, underground passages, and untouched surroundings.",,,2 Hours,3 km,Menga Cave,Cave,October to March,Budget,Moderate,mountain,Natural Cave,Rock Formations,Adventure Exploration,Hidden Gem,Carry flashlight,Explore with local guides,,,
6a5bc6bdfbc925e6fcc12ef9,6a58c9789cb1d3777c9a6a05,Bhismaknagar Fort Exploration,Discover the ancient archaeological fort of Arunachal Pradesh.,"Explore Bhismaknagar Fort, an ancient historical site known for stone structures, archaeological remains, and cultural importance.",,,3 Hours,2 km,Bhismaknagar Fort,Heritage,October to March,Budget,Easy,fort,Ancient Fort,Archaeological Site,Historical Ruins,Cultural Heritage,Avoid damaging structures,Carry water,,,
6a5bc6bdfbc925e6fcc12ef5,6a58c8779cb1d3777c9a69ff,Talley Valley Bird Watching,Discover rare Himalayan birds in a peaceful forest environment.,"Enjoy bird watching inside Talley Valley, home to various Himalayan bird species, butterflies, and rich biodiversity.",,,3 Hours,5 km,Talley Valley Forest,Wildlife,October to April,Budget,Easy,bird,Bird Species,Forest Ecosystem,Wildlife Photography,Nature Experience,Carry binoculars,Maintain silence,,,
6a5bc6bdfbc925e6fcc12efc,6a58cad79cb1d3777c9a6a07,Panaji Riverfront Experience,Enjoy peaceful views along the Mandovi River.,"Relax near Panaji riverfront with scenic views, walking areas, boats, and beautiful surroundings of Goa's capital city.",,,2 Hours,1 km,Mandovi Riverfront,Nature,November to February,Free,Easy,waves,River Views,Evening Walk,Photography,Relaxation,Visit during sunset,Avoid crowded hours,,,
6a5bc6e6fbc925e6fcc12efe,6a58cb1f9cb1d3777c9a6a09,Miramar Beach Relaxation,Enjoy a peaceful coastal escape near Panaji.,"Relax at Miramar Beach, a beautiful golden sand beach known for Arabian Sea views, palm trees, sunsets, and a calm atmosphere near Goa's capital.",,,3 Hours,1 km,Miramar Beach,Beach,November to February,Free,Easy,waves,Golden Sand,Sea Views,Sunset Experience,Beach Walk,Avoid swimming during strong tides,Visit during evening,,,
6a5bc6e6fbc925e6fcc12eff,6a58cb1f9cb1d3777c9a6a09,Miramar Beach Sunset Photography,Capture beautiful sunset moments along the Arabian Sea.,"Photograph colorful sunsets, waves, palm trees, fishermen boats, and peaceful coastal landscapes at Miramar Beach.",,,2 Hours,500 m,Miramar Shoreline,Photography,November to February,Free,Easy,camera,Sunset Views,Ocean Photography,Golden Hour,Coastal Landscape,Reach before sunset,Carry camera accessories,,,
6a5bc6e6fbc925e6fcc12f03,6a58cc0b9cb1d3777c9a6a0d,Fontainhas Cultural Experience,Experience the unique Indo-Portuguese culture of Goa.,"Discover local art, traditions, food, architecture, and lifestyle that represent the cultural heritage of Fontainhas.",,,2 Hours,2 km,Fontainhas Area,Culture,Throughout the Year,Budget,Easy,users,Goan Culture,Local Lifestyle,Heritage Buildings,Traditional Experience,Respect local culture,Try local cuisine,,,
6a5bc6e6fbc925e6fcc12f01,6a58cc0b9cb1d3777c9a6a0d,Fontainhas Heritage Walk,Explore Goa's colorful Latin Quarter and Portuguese heritage.,"Walk through Fontainhas, Panaji's famous heritage area known for colorful Portuguese houses, narrow streets, old architecture, and cultural charm.",,,3 Hours,2 km,Fontainhas Latin Quarter,Heritage,November to February,Free,Easy,landmark,Portuguese Houses,Historic Streets,Cultural Heritage,Architecture,Respect residential areas,Explore on foot,,,
6a5bc6e6fbc925e6fcc12f02,6a58cc0b9cb1d3777c9a6a0d,Fontainhas Photography Tour,Capture colorful streets and colonial architecture.,"Explore Fontainhas for photography featuring colorful buildings, artistic walls, old balconies, heritage lanes, and Portuguese-inspired designs.",,,2 Hours,1 km,Fontainhas Streets,Photography,November to February,Free,Easy,camera,Colorful Houses,Street Photography,Colonial Architecture,Creative Views,Visit during morning light,Ask before photographing homes,,,
6a5bc6e6fbc925e6fcc12f04,6a58cc379cb1d3777c9a6a10,Reis Magos Fort Exploration,Explore one of Goa's oldest and beautifully restored forts.,"Visit Reis Magos Fort, a historic Portuguese-era fort overlooking the Mandovi River, known for its architecture, history, and scenic views.",,,2 Hours,1 km,Reis Magos Fort,Heritage,November to February,Budget,Easy,fort,Portuguese Fort,Historic Architecture,River Views,Heritage Walk,Check visiting hours,Carry camera,,,
6a5bc6e6fbc925e6fcc12f05,6a58cc379cb1d3777c9a6a10,Reis Magos Fort Photography,Capture historic architecture and river landscapes.,"Enjoy photography of fort walls, ancient structures, Mandovi River views, and beautiful heritage surroundings at Reis Magos Fort.",,,1.5 Hours,500 m,Fort Area,Photography,November to February,Budget,Easy,camera,Fort Views,River Landscape,Historic Structures,Photography,Visit during golden hour,Respect heritage site,,,
6a5bc6e6fbc925e6fcc12f00,6a58cb1f9cb1d3777c9a6a09,Miramar Beach Coastal Walk,Enjoy a refreshing walk beside the Arabian Sea.,"Take a relaxing coastal walk along Miramar Beach while enjoying sea breeze, waves, palm trees, and peaceful surroundings.",,,2 Hours,2 km,Miramar Coast,Nature,November to February,Free,Easy,footprints,Beach Walk,Sea Breeze,Natural Beauty,Relaxation,Carry drinking water,Avoid littering,,,
6a5bc800fbc925e6fcc12f0b,6a58ce879cb1d3777c9a6a22,Arambol Sweet Water Lake Visit,Discover a unique freshwater lake near the beach.,"Walk to the hidden freshwater lake near Arambol Beach surrounded by greenery, rocks, and peaceful natural surroundings.",,,2 Hours,1 km,Arambol Lake Area,Nature,November to March,Free,Easy,trees,Freshwater Lake,Nature Walk,Hidden Spot,Relaxation,Avoid littering,Wear comfortable footwear,,,
6a5bc800fbc925e6fcc12f09,6a58ce599cb1d3777c9a6a20,Aguada Fort Heritage Walk,Walk through Goa's colonial history and architecture.,"Explore the old fort structures, defensive walls, water storage systems, and historical stories connected with Portuguese Goa.",,,2 Hours,1 km,Fort Aguada Complex,Heritage,November to February,Free,Easy,landmark,Colonial History,Ancient Walls,Architecture,Cultural Experience,Respect heritage site,Wear comfortable shoes,,,
6a5bc800fbc925e6fcc12f0f,6a58cef69cb1d3777c9a6a26,Ashwem Beach Experience,Explore one of Goa's peaceful and scenic beaches.,"Visit Ashwem Beach famous for its clean shoreline, peaceful environment, palm trees, and relaxing coastal beauty.",,,3 Hours,1 km,Ashwem Beach,Beach,November to February,Free,Easy,waves,Clean Coastline,Peaceful Beach,Sunset Views,Nature,Carry sun protection,Avoid peak heat,,,
6a5bc800fbc925e6fcc12f0a,6a58ce879cb1d3777c9a6a22,Arambol Beach Relaxation,Enjoy a peaceful and natural beach escape in North Goa.,"Explore Arambol Beach known for its relaxed atmosphere, scenic coastline, freshwater lake, cliffs, and beautiful sunsets.",,,4 Hours,1 km,Arambol Beach,Beach,November to February,Free,Easy,waves,Peaceful Beach,Sunset Views,Natural Beauty,Coastal Walk,Visit during evening,Carry sunscreen,,,
6a5bc800fbc925e6fcc12f07,6a58ce599cb1d3777c9a6a20,Aguada Fort Exploration,Explore one of Goa's most iconic Portuguese forts.,"Visit Aguada Fort, a historic 17th-century Portuguese fort overlooking the Arabian Sea. Explore ancient walls, lighthouse views, and panoramic coastal landscapes.",,,2 Hours,1 km,Aguada Fort,Heritage,November to February,Free,Easy,fort,Portuguese Architecture,Historic Lighthouse,Sea Views,Photography,Visit during sunset,Carry water,,,
6a5bc800fbc925e6fcc12f08,6a58ce599cb1d3777c9a6a20,Aguada Lighthouse View,Enjoy beautiful panoramic views from the historic lighthouse.,Experience breathtaking views of the Arabian Sea and surrounding coastline from the famous Aguada Lighthouse area.,,,1 Hour,500 m,Aguada Lighthouse,Photography,November to March,Budget,Easy,camera,Ocean Panorama,Sunset Views,Historic Structure,Coastal Photography,Carry camera,Visit in evening,,,
6a5bc800fbc925e6fcc12f0c,6a58ce879cb1d3777c9a6a22,Arambol Beach Sunset Experience,Watch magical sunsets over the Arabian Sea.,"Enjoy peaceful sunset moments at Arambol Beach with ocean views, cliffs, music, and a vibrant coastal atmosphere.",,,2 Hours,500 m,Arambol Coast,Nature,November to February,Free,Easy,sunset,Sunset,Sea Views,Beach Culture,Photography,Reach before sunset,Carry camera,,,
6a5bc800fbc925e6fcc12f0d,6a58ceca9cb1d3777c9a6a24,Mandrem Beach Relaxation,Experience a calm and beautiful beach destination.,"Relax at Mandrem Beach, known for white sands, peaceful surroundings, shallow waters, and a less crowded coastal environment.",,,3 Hours,1 km,Mandrem Beach,Beach,November to February,Free,Easy,waves,Clean Beach,Peaceful Atmosphere,Sea Views,Beach Walk,Avoid monsoon swimming,Use sunscreen,,,
6a5bc800fbc925e6fcc12f0e,6a58ceca9cb1d3777c9a6a24,Mandrem Beach Sunset Walk,Enjoy relaxing evening walks beside the sea.,"Take a peaceful walk along Mandrem Beach while enjoying sunset views, ocean breeze, and beautiful coastal landscapes.",,,2 Hours,2 km,Mandrem Shoreline,Nature,November to February,Free,Easy,footprints,Beach Walk,Sunset,Ocean Breeze,Photography,Visit evening,Carry water,,,
6a5bc827fbc925e6fcc12f17,6a58cff59cb1d3777c9a6a2b,Tiracol Fort Sunset Experience,Watch spectacular sunset views from a historic fort.,Enjoy breathtaking sunset views from Tiracol Fort while overlooking the Arabian Sea and coastal landscapes of North Goa.,,,2 Hours,500 m,Tiracol Fort Viewpoint,Photography,November to March,Budget,Easy,sunset,Sunset Point,Sea Views,Historic Location,Photography,Reach before sunset,Avoid rainy weather,,,
6a5bc827fbc925e6fcc12f12,6a58cef69cb1d3777c9a6a26,Ashwem Beach Nature Walk,Enjoy a peaceful walk along Goa's natural coastline.,"Walk along Ashwem Beach surrounded by palm trees, sand dunes, ocean breeze, and untouched coastal beauty.",,,2 Hours,2 km,Ashwem Coast,Nature,November to March,Free,Easy,trees,Coastal Walk,Natural Beauty,Palm Trees,Relaxation,Avoid disturbing nature,Carry water,,,
6a5bc827fbc925e6fcc12f19,6a58cff59cb1d3777c9a6a2c,Palolem Kayaking Experience,Enjoy peaceful kayaking through Goa's coastal waters.,"Experience kayaking at Palolem Beach while exploring calm waters, nearby islands, and beautiful coastal scenery.",,,2 Hours,500 m,Palolem Coast,Adventure,November to March,Moderate,Easy,boat,Kayaking,Sea Adventure,Island Views,Nature,Wear safety gear,Follow instructor guidance,,,
6a5bc827fbc925e6fcc12f11,6a58cef69cb1d3777c9a6a26,Ashwem Beach Sunset Photography,Capture beautiful coastal sunsets at Ashwem Beach.,"Enjoy photography of golden sunsets, palm trees, waves, and peaceful coastal landscapes at one of North Goa's most scenic beaches.",,,2 Hours,500 m,Ashwem Shoreline,Photography,November to February,Free,Easy,camera,Sunset Photography,Beach Landscape,Golden Hour,Ocean Views,Reach before sunset,Carry camera accessories,,,
6a5bc827fbc925e6fcc12f13,6a58cf629cb1d3777c9a6a28,Morjim Beach Exploration,Discover one of Goa's most beautiful nature beaches.,"Explore Morjim Beach, famous for its peaceful environment, olive ridley turtle nesting sites, clean sands, and scenic coastal landscapes.",,,4 Hours,1 km,Morjim Beach,Beach,November to February,Free,Easy,waves,Turtle Habitat,Clean Beach,Nature Experience,Sunset Views,Do not disturb turtles,Follow beach regulations,,,
6a5bc827fbc925e6fcc12f15,6a58cf629cb1d3777c9a6a28,Morjim Beach Sunset View,Enjoy peaceful sunsets over the Arabian Sea.,"Watch beautiful sunsets at Morjim Beach with golden skies, waves, and a calm natural environment.",,,2 Hours,500 m,Morjim Coast,Nature,November to February,Free,Easy,sunset,Sunset Views,Ocean Landscape,Photography,Peaceful Atmosphere,Visit before sunset,Carry camera,,,
6a5bc827fbc925e6fcc12f18,6a58cff59cb1d3777c9a6a2c,Palolem Beach Relaxation,Experience the beauty of South Goa's famous beach.,"Relax at Palolem Beach, known for crescent-shaped coastline, calm waters, palm trees, colorful beach huts, and peaceful surroundings.",,,4 Hours,1 km,Palolem Beach,Beach,November to February,Moderate,Easy,waves,Crescent Beach,Calm Waters,Sunset Views,Beach Huts,Visit early morning,Try local seafood,,,
6a5bc827fbc925e6fcc12f16,6a58cff59cb1d3777c9a6a2b,Tiracol Fort Heritage Visit,Explore a historic Portuguese fort overlooking the sea.,"Visit Tiracol Fort, a beautiful heritage site located on a hilltop with panoramic views of the Arabian Sea and surrounding landscapes.",,,2 Hours,1 km,Tiracol Fort,Heritage,November to February,Budget,Easy,fort,Portuguese History,Sea Panorama,Historic Architecture,Photography,Check access timing,Carry camera,,,
6a5bc827fbc925e6fcc12f14,6a58cf629cb1d3777c9a6a28,Morjim Turtle Watching,Experience Goa's famous turtle nesting ecosystem.,Learn about olive ridley turtles and observe the protected nesting environment near Morjim Beach during suitable seasons.,,,2 Hours,1 km,Morjim Turtle Nesting Area,Wildlife,November to March,Free,Easy,paw,Olive Ridley Turtles,Marine Conservation,Nature Awareness,Beach Ecology,Maintain distance,Avoid bright lights at night,,,
6a5bc869fbc925e6fcc12f1b,6a58cef69cb1d3777c9a6a26,Ashwem Beach Sunset Photography,Capture beautiful coastal sunsets at Ashwem Beach.,"Enjoy photography of golden sunsets, palm trees, waves, and peaceful coastal landscapes at one of North Goa's most scenic beaches.",,,2 Hours,500 m,Ashwem Shoreline,Photography,November to February,Free,Easy,camera,Sunset Photography,Beach Landscape,Golden Hour,Ocean Views,Reach before sunset,Carry camera accessories,,,
6a5bc869fbc925e6fcc12f21,6a58cff59cb1d3777c9a6a2b,Tiracol Fort Sunset Experience,Watch spectacular sunset views from a historic fort.,Enjoy breathtaking sunset views from Tiracol Fort while overlooking the Arabian Sea and coastal landscapes of North Goa.,,,2 Hours,500 m,Tiracol Fort Viewpoint,Photography,November to March,Budget,Easy,sunset,Sunset Point,Sea Views,Historic Location,Photography,Reach before sunset,Avoid rainy weather,,,
6a5bc869fbc925e6fcc12f20,6a58cff59cb1d3777c9a6a2b,Tiracol Fort Heritage Visit,Explore a historic Portuguese fort overlooking the sea.,"Visit Tiracol Fort, a beautiful heritage site located on a hilltop with panoramic views of the Arabian Sea and surrounding landscapes.",,,2 Hours,1 km,Tiracol Fort,Heritage,November to February,Budget,Easy,fort,Portuguese History,Sea Panorama,Historic Architecture,Photography,Check access timing,Carry camera,,,
6a5bc869fbc925e6fcc12f22,6a58cff59cb1d3777c9a6a2c,Palolem Beach Relaxation,Experience the beauty of South Goa's famous beach.,"Relax at Palolem Beach, known for crescent-shaped coastline, calm waters, palm trees, colorful beach huts, and peaceful surroundings.",,,4 Hours,1 km,Palolem Beach,Beach,November to February,Moderate,Easy,waves,Crescent Beach,Calm Waters,Sunset Views,Beach Huts,Visit early morning,Try local seafood,,,
6a5bc869fbc925e6fcc12f23,6a58cff59cb1d3777c9a6a2c,Palolem Kayaking Experience,Enjoy peaceful kayaking through Goa's coastal waters.,"Experience kayaking at Palolem Beach while exploring calm waters, nearby islands, and beautiful coastal scenery.",,,2 Hours,500 m,Palolem Coast,Adventure,November to March,Moderate,Easy,boat,Kayaking,Sea Adventure,Island Views,Nature,Wear safety gear,Follow instructor guidance,,,
6a5bc869fbc925e6fcc12f1c,6a58cef69cb1d3777c9a6a26,Ashwem Beach Nature Walk,Enjoy a peaceful walk along Goa's natural coastline.,"Walk along Ashwem Beach surrounded by palm trees, sand dunes, ocean breeze, and untouched coastal beauty.",,,2 Hours,2 km,Ashwem Coast,Nature,November to March,Free,Easy,trees,Coastal Walk,Natural Beauty,Palm Trees,Relaxation,Avoid disturbing nature,Carry water,,,
6a5bc869fbc925e6fcc12f1d,6a58cf629cb1d3777c9a6a28,Morjim Beach Exploration,Discover one of Goa's most beautiful nature beaches.,"Explore Morjim Beach, famous for its peaceful environment, olive ridley turtle nesting sites, clean sands, and scenic coastal landscapes.",,,4 Hours,1 km,Morjim Beach,Beach,November to February,Free,Easy,waves,Turtle Habitat,Clean Beach,Nature Experience,Sunset Views,Do not disturb turtles,Follow beach regulations,,,
6a5bc869fbc925e6fcc12f1e,6a58cf629cb1d3777c9a6a28,Morjim Turtle Watching,Experience Goa's famous turtle nesting ecosystem.,Learn about olive ridley turtles and observe the protected nesting environment near Morjim Beach during suitable seasons.,,,2 Hours,1 km,Morjim Turtle Nesting Area,Wildlife,November to March,Free,Easy,paw,Olive Ridley Turtles,Marine Conservation,Nature Awareness,Beach Ecology,Maintain distance,Avoid bright lights at night,,,
6a5bc869fbc925e6fcc12f1f,6a58cf629cb1d3777c9a6a28,Morjim Beach Sunset View,Enjoy peaceful sunsets over the Arabian Sea.,"Watch beautiful sunsets at Morjim Beach with golden skies, waves, and a calm natural environment.",,,2 Hours,500 m,Morjim Coast,Nature,November to February,Free,Easy,sunset,Sunset Views,Ocean Landscape,Photography,Peaceful Atmosphere,Visit before sunset,Carry camera,,,
6a5bc94bfbc925e6fcc12f29,6a58d07c9cb1d3777c9a6a2f,Agonda Beach Relaxation,Discover one of Goa's most peaceful beaches.,"Explore Agonda Beach, famous for its quiet atmosphere, clean shoreline, palm trees, turtle conservation areas, and natural beauty.",,,4 Hours,1 km,Agonda Beach,Beach,November to February,Free,Easy,waves,Peaceful Coast,Turtle Habitat,Sunset Views,Nature,Respect turtle nesting areas,Avoid loud activities,,,
6a5bc94bfbc925e6fcc12f2b,6a58d09f9cb1d3777c9a6a32,Butterfly Beach Boat Trip,Reach Goa's hidden beach through a scenic boat ride.,"Experience a boat journey to Butterfly Beach, a secluded destination known for clear waters, rocky landscapes, dolphins, and natural beauty.",,,3 Hours,5 km,Butterfly Beach,Adventure,November to March,Moderate,Moderate,boat,Boat Ride,Hidden Beach,Dolphin Spotting,Sea Adventure,Check sea conditions,Carry essentials,,,
6a5bc94bfbc925e6fcc12f27,6a58d07c9cb1d3777c9a6a30,Patnem Beach Relaxation,Enjoy a quiet and scenic beach experience in South Goa.,"Visit Patnem Beach, a peaceful destination known for golden sands, calm waters, relaxing atmosphere, and beautiful coastal views.",,,3 Hours,1 km,Patnem Beach,Beach,November to February,Free,Easy,waves,Peaceful Beach,Golden Sand,Sea Views,Sunset,Visit morning or evening,Carry sunscreen,,,
6a5bc94bfbc925e6fcc12f2c,6a58d09f9cb1d3777c9a6a32,Butterfly Beach Nature Experience,Explore a secluded paradise surrounded by nature.,"Enjoy the untouched beauty of Butterfly Beach with clear water, forest surroundings, unique rock formations, and peaceful atmosphere.",,,3 Hours,1 km,Butterfly Beach Area,Nature,November to March,Free,Moderate,trees,Hidden Beach,Natural Beauty,Clear Water,Photography,Wear proper footwear,Carry drinking water,,,
6a5bc94bfbc925e6fcc12f28,6a58d07c9cb1d3777c9a6a30,Patnem Beach Yoga Experience,Practice relaxation and wellness beside the sea.,Enjoy yoga and meditation sessions near Patnem Beach surrounded by peaceful coastal scenery and fresh ocean air.,,,2 Hours,500 m,Patnem Beach,Wellness,November to March,Moderate,Easy,heart,Beach Yoga,Meditation,Peaceful Environment,Wellness,Attend early morning sessions,Carry yoga mat,,,
6a5bc94bfbc925e6fcc12f2a,6a58d07c9cb1d3777c9a6a2f,Agonda Beach Sunset Walk,Enjoy beautiful sunset walks along the coast.,"Take a relaxing walk on Agonda Beach while enjoying waves, golden sunsets, palm trees, and peaceful coastal surroundings.",,,2 Hours,2 km,Agonda Shoreline,Nature,November to February,Free,Easy,sunset,Sunset Views,Beach Walk,Photography,Relaxation,Carry camera,Visit before sunset,,,
6a5bc94bfbc925e6fcc12f25,6a58cff59cb1d3777c9a6a2c,Palolem Beach Sunset Cruise,Enjoy a peaceful boat ride with stunning sunset views.,"Experience a beautiful sunset cruise near Palolem Beach while enjoying ocean views, coastal landscapes, and peaceful evening moments.",,,2 Hours,500 m,Palolem Bay,Adventure,November to March,Moderate,Easy,boat,Sunset Cruise,Ocean Views,Boat Ride,Photography,Book through trusted operators,Carry light jacket,,,
6a5bc94bfbc925e6fcc12f26,6a58cff59cb1d3777c9a6a2c,Palolem Beach Nature Walk,Explore the peaceful natural surroundings of Palolem.,"Walk along the scenic coastline of Palolem Beach surrounded by palm trees, rocks, ocean breeze, and beautiful natural landscapes.",,,2 Hours,2 km,Palolem Coastline,Nature,November to February,Free,Easy,footprints,Coastal Walk,Palm Trees,Ocean Views,Relaxation,Avoid littering,Wear comfortable footwear,,,
6a5bc96bfbc925e6fcc12f35,6a58d1c99cb1d3777c9a6a36,Tambdi Surla Forest Walk,Explore the natural beauty around the ancient temple.,"Enjoy a peaceful walk through forest surroundings near Tambdi Surla with streams, greenery, and Western Ghats landscapes.",,,3 Hours,4 km,Tambdi Surla Forest,Nature,October to March,Free,Moderate,trees,Forest Trail,Western Ghats,Streams,Nature Experience,Wear trekking shoes,Carry insect protection,,,
6a5bc96bfbc925e6fcc12f33,6a58d0e69cb1d3777c9a6a33,Galgibaga Beach Relaxation,Enjoy a quiet and untouched beach experience.,"Relax at Galgibaga Beach with golden sands, calm waters, palm trees, and a peaceful natural environment away from crowds.",,,3 Hours,500 m,Galgibaga Coast,Beach,November to February,Free,Easy,waves,Peaceful Beach,Nature Views,Sunset,Photography,Carry water,Avoid littering,,,
6a5bc96bfbc925e6fcc12f34,6a58d1c99cb1d3777c9a6a36,Tambdi Surla Temple Visit,Explore Goa's ancient Shiva temple surrounded by forests.,"Visit Tambdi Surla Temple, a 12th-century temple famous for Kadamba-Yadava architecture, stone carvings, and peaceful forest surroundings.",,,2 Hours,1 km,Tambdi Surla Temple,Religious,October to March,Free,Easy,temple,Ancient Temple,Stone Architecture,Forest Location,Spiritual Experience,Dress respectfully,Maintain temple cleanliness,,,
6a5bc96bfbc925e6fcc12f31,6a58d0e69cb1d3777c9a6a34,Cotigao Wildlife Photography,Capture Goa's rich forest biodiversity.,"Photograph forest landscapes, birds, butterflies, plants, and natural scenery inside Cotigao Wildlife Sanctuary.",,,3 Hours,3 km,Cotigao Sanctuary,Photography,October to March,Budget,Easy,camera,Wildlife Photography,Forest Views,Bird Species,Nature,Carry zoom lens,Maintain silence,,,
6a5bc96bfbc925e6fcc12f30,6a58d0e69cb1d3777c9a6a34,Cotigao Forest Nature Walk,Walk through peaceful tropical forests of Goa.,"Experience nature walks inside Cotigao Forest featuring tall trees, streams, birds, butterflies, and rich biodiversity.",,,3 Hours,5 km,Cotigao Forest Trails,Nature,October to March,Budget,Easy,trees,Forest Trails,Bird Watching,Flora,Peaceful Environment,Wear comfortable shoes,Avoid disturbing wildlife,,,
6a5bc96bfbc925e6fcc12f2f,6a58d0e69cb1d3777c9a6a34,Cotigao Wildlife Sanctuary Safari,Explore Goa's second-largest wildlife sanctuary.,"Discover Cotigao Wildlife Sanctuary with dense forests, wildlife habitats, observation towers, and peaceful natural surroundings.",,,4 Hours,10 km,Cotigao Wildlife Sanctuary,Wildlife,October to March,Budget,Moderate,paw,Forest Safari,Wildlife Spotting,Nature Trails,Observation Tower,Carry binoculars,Follow forest rules,,,
6a5bc96bfbc925e6fcc12f32,6a58d0e69cb1d3777c9a6a33,Galgibaga Beach Turtle Conservation,Visit a peaceful beach known for turtle conservation.,"Explore Galgibaga Beach, one of Goa's important olive ridley turtle nesting sites, known for clean sands and peaceful surroundings.",,,3 Hours,1 km,Galgibaga Beach,Wildlife,November to March,Free,Easy,paw,Turtle Nesting,Marine Conservation,Clean Beach,Nature,Do not disturb nesting areas,Follow conservation rules,,,
6a5bc96bfbc925e6fcc12f2e,6a58d09f9cb1d3777c9a6a32,Butterfly Beach Sunset Photography,Capture breathtaking sunset moments at Goa's hidden beach.,"Enjoy photography of golden sunsets, rocky shores, clear waters, butterflies, and untouched coastal landscapes at Butterfly Beach.",,,2 Hours,500 m,Butterfly Beach Shore,Photography,November to March,Free,Moderate,camera,Sunset Photography,Rocky Coast,Sea Views,Nature Photography,Carry camera protection,Visit before sunset,,,
6a5bca10fbc925e6fcc12f3d,6a58d1f49cb1d3777c9a6a3b,Dudhsagar Jeep Safari,Enjoy an exciting off-road journey through forests.,Experience a thrilling jeep safari through Bhagwan Mahavir Wildlife Sanctuary to reach Dudhsagar Falls.,,,5 Hours,13 km,Dudhsagar Route,Adventure,October to March,Moderate,Moderate,car,Off-road Adventure,Forest Drive,Waterfall Visit,Nature,Book authorized vehicles,Avoid rainy season risks,,,
6a5bca10fbc925e6fcc12f38,6a58d1de9cb1d3777c9a6a39,Mollem Nature Trek,Discover beautiful forest trails in Goa's wilderness.,"Trek through Mollem forests featuring waterfalls, streams, tropical plants, birds, and peaceful Western Ghats landscapes.",,,4 Hours,8 km,Mollem Forest Trails,Adventure,October to February,Moderate,Moderate,hiking,Forest Trekking,Water Streams,Wildlife,Mountain Nature,Wear trekking shoes,Carry enough water,,,
6a5bca10fbc925e6fcc12f3f,6a58d2509cb1d3777c9a6a3d,Shri Mangueshi Temple Visit,Explore one of Goa's most famous Hindu temples.,"Visit Shri Mangueshi Temple, known for beautiful architecture, spiritual importance, traditional ceremonies, and peaceful surroundings.",,,2 Hours,1 km,Mangueshi Temple,Temple,November to February,Free,Easy,temple,Temple Architecture,Spiritual Experience,Cultural Heritage,Peaceful Atmosphere,Dress respectfully,Maintain temple rules,,,
6a5bca10fbc925e6fcc12f39,6a58d1de9cb1d3777c9a6a39,Mollem Wildlife Photography,Capture Goa's rich biodiversity and landscapes.,"Enjoy wildlife photography inside Mollem National Park featuring birds, butterflies, plants, forests, and scenic Western Ghats views.",,,3 Hours,5 km,Mollem Forest Area,Photography,October to March,Budget,Easy,camera,Wildlife Photography,Bird Watching,Forest Views,Nature,Carry camera equipment,Avoid disturbing animals,,,
6a5bca10fbc925e6fcc12f3b,6a58d1de9cb1d3777c9a6a38,Bhagwan Mahavir Forest Trek,Experience adventure through Western Ghats forests.,"Walk through forest trails surrounded by greenery, streams, wildlife habitats, and beautiful mountain landscapes.",,,4 Hours,7 km,Sanctuary Trails,Adventure,October to February,Moderate,Moderate,hiking,Forest Trek,Nature Exploration,Wildlife,Scenic Views,Wear proper shoes,Avoid monsoon trekking,,,
6a5bca10fbc925e6fcc12f3a,6a58d1de9cb1d3777c9a6a38,Bhagwan Mahavir Wildlife Sanctuary Visit,Explore Goa's oldest wildlife sanctuary.,"Discover Bhagwan Mahavir Wildlife Sanctuary with rich forests, wildlife, waterfalls, trekking routes, and diverse flora and fauna.",,,5 Hours,12 km,Bhagwan Mahavir Wildlife Sanctuary,Wildlife,October to March,Moderate,Moderate,paw,Wildlife Habitat,Forest Ecosystem,Bird Watching,Nature Trails,Use local guides,Carry binoculars,,,
6a5bca10fbc925e6fcc12f37,6a58d1de9cb1d3777c9a6a39,Mollem National Park Safari,Explore Goa's protected tropical forest ecosystem.,"Experience Mollem National Park with dense forests, wildlife habitats, waterfalls, trekking trails, and the natural beauty of the Western Ghats.",,,5 Hours,15 km,Mollem National Park,National Park,October to March,Moderate,Moderate,trees,Forest Safari,Western Ghats,Wildlife Spotting,Nature Trails,Carry binoculars,Follow forest guidelines,,,
6a5bca10fbc925e6fcc12f3c,6a58d1f49cb1d3777c9a6a3b,Dudhsagar Waterfalls Visit,Experience one of India's most spectacular waterfalls.,"Visit Dudhsagar Waterfalls, a majestic four-tier waterfall located in the Western Ghats, surrounded by forests and scenic landscapes.",,,6 Hours,15 km,Dudhsagar Falls,Waterfall,October to February,Moderate,Moderate,waterfall,Massive Waterfall,Forest Landscape,Jeep Safari,Photography,Follow safety instructions,Carry extra clothes,,,
6a5bca10fbc925e6fcc12f3e,6a58d1f49cb1d3777c9a6a3b,Dudhsagar Waterfall Photography,Capture the beauty of Goa's iconic waterfall.,"Photograph the powerful waterfall, railway bridge, forests, streams, and dramatic Western Ghats scenery.",,,2 Hours,500 m,Dudhsagar Falls Viewpoint,Photography,October to February,Free,Moderate,camera,Waterfall Views,Railway Bridge,Nature Photography,Landscape,Protect camera from water,Carry waterproof cover,,,
6a5bca4efbc925e6fcc12f45,6a58d2f69cb1d3777c9a6a41,Basilica of Bom Jesus Heritage Tour,Explore Goa's world-famous UNESCO heritage church.,"Visit Basilica of Bom Jesus, one of Goa's most important historical churches, famous for Baroque architecture and religious significance.",,,2 Hours,1 km,Old Goa,Heritage,November to February,Free,Easy,church,UNESCO Heritage Site,Baroque Architecture,History,Culture,Maintain silence,Respect religious place,,,
6a5bca4efbc925e6fcc12f47,6a58d3139cb1d3777c9a6a43,Se Cathedral Heritage Visit,Explore one of Asia's largest churches.,"Visit Se Cathedral in Old Goa, a magnificent Portuguese-era church known for grand architecture, history, and cultural importance.",,,2 Hours,500 m,Old Goa,Heritage,November to February,Free,Easy,church,Portuguese Architecture,Historic Church,Cultural Heritage,Old Goa,Dress appropriately,Maintain peaceful environment,,,
6a5bca4efbc925e6fcc12f41,6a58d2509cb1d3777c9a6a3d,Shri Mangueshi Temple Architecture Tour,Explore the artistic beauty of Goa's historic temple.,"Discover the beautiful architecture of Shri Mangueshi Temple featuring traditional Goan design, lamp towers, carvings, and cultural heritage.",,,1 Hour,500 m,Mangueshi Temple Complex,Heritage,November to February,Free,Easy,landmark,Traditional Architecture,Cultural Heritage,Temple Design,Photography,Avoid photography restrictions,Maintain silence,,,
6a5bca4efbc925e6fcc12f42,6a58d2509cb1d3777c9a6a3d,Shri Mangueshi Spiritual Experience,Experience peace and devotion at this famous temple.,Spend peaceful moments attending prayers and exploring the spiritual atmosphere of one of Goa's most respected temples.,,,2 Hours,1 km,Mangueshi Village,Religious,Throughout Year,Free,Easy,pray,Prayer Experience,Spiritual Atmosphere,Cultural Tradition,Peace,Wear appropriate clothes,Respect devotees,,,
6a5bca4efbc925e6fcc12f46,6a58d2f69cb1d3777c9a6a41,Basilica of Bom Jesus Architecture Walk,Discover the artistic beauty of Portuguese architecture.,"Explore the detailed interiors, historic artwork, ancient structures, and architectural beauty of this famous Old Goa monument.",,,1 Hour,500 m,Basilica Complex,Architecture,November to March,Free,Easy,landmark,Portuguese Design,Historic Art,Ancient Structure,Photography,Visit early morning,Avoid crowded hours,,,
6a5bca4efbc925e6fcc12f43,6a58d2c49cb1d3777c9a6a3f,Shri Shantadurga Temple Visit,Explore Goa's famous goddess temple.,"Visit Shri Shantadurga Temple, a beautiful temple dedicated to Goddess Shantadurga known for peaceful surroundings and traditional architecture.",,,2 Hours,1 km,Shantadurga Temple,Religious,November to February,Free,Easy,temple,Temple Architecture,Spiritual Experience,Cultural Heritage,Peaceful Environment,Follow temple rules,Dress modestly,,,
6a5bca4efbc925e6fcc12f48,6a58d3139cb1d3777c9a6a43,Se Cathedral Photography Experience,Capture the magnificent architecture of Old Goa.,"Photograph the grand structure, interiors, historic details, and beautiful surroundings of Se Cathedral.",,,1 Hour,500 m,Se Cathedral Complex,Photography,Morning,Free,Easy,camera,Architecture Photography,Historic Details,Cultural Site,Old Goa Views,Check photography rules,Carry camera,,,
6a5bca4efbc925e6fcc12f44,6a58d2c49cb1d3777c9a6a3f,Shri Shantadurga Temple Photography,Capture beautiful Goan temple architecture.,"Explore and photograph the traditional Goan architecture, decorated interiors, surroundings, and cultural elements of the temple.",,,1 Hour,500 m,Temple Complex,Heritage,Morning,Free,Easy,camera,Architecture,Cultural Beauty,Traditional Design,Photography,Check photography permission,Avoid disturbance,,,
6a5bcac0fbc925e6fcc12f4b,6a58da659cb1d3777c9a6a45,Ganga Aarti at Triveni Ghat,Witness the spiritual evening ceremony on the banks of the sacred Ganga River.,The Ganga Aarti at Triveni Ghat is a peaceful spiritual experience where hundreds of lamps illuminate the river while priests perform traditional rituals with devotional chants. Visitors can feel the deep cultural and religious atmosphere of Rishikesh.,,,1-2 Hours,2 km from Rishikesh Bus Stand,"Triveni Ghat, Rishikesh, Uttarakhand",Religious,"Throughout the year, evening hours",Free,Easy,flame,Traditional Ganga Aarti ceremony,Peaceful riverside atmosphere,Spiritual photography opportunities,,Reach early to get a good viewing spot,Respect local religious traditions,,,
6a5bcac0fbc925e6fcc12f51,6a58e1e29cb1d3777c9a6a48,Wildlife and Bird Watching in Valley of Flowers,Discover rare Himalayan flora and wildlife while exploring the national park.,"The Valley of Flowers National Park offers excellent opportunities for nature lovers and photographers to observe Himalayan biodiversity. Visitors may spot rare birds, butterflies, and mountain animals while exploring the scenic trails.",,,4-6 Hours,Several trails inside the park,"Valley of Flowers National Park, Chamoli",Wildlife,July to September,Budget,Moderate,bird,Himalayan biodiversity,Rare flower species,Nature photography opportunities,,Do not disturb wildlife,Carry binoculars for bird watching,,,
6a5bcac0fbc925e6fcc12f52,6a58e1e29cb1d3777c9a6a48,Photography Walk Through Alpine Meadows,"Capture stunning landscapes, flowers, rivers, and Himalayan views.","Photography enthusiasts can explore the valley trails to capture breathtaking views of colorful meadows, mountain peaks, streams, and unique Himalayan landscapes. The changing light throughout the day creates amazing photography opportunities.",,,3-5 Hours,Inside Valley trails,Valley of Flowers National Park,Photography,Early morning and evening during July-September,Budget,Easy,camera,Beautiful Himalayan landscapes,Colorful flower fields,Perfect nature photography spots,,Carry extra batteries for cameras,Avoid damaging plants while taking photos,,,
6a5bcac0fbc925e6fcc12f4d,6a58da659cb1d3777c9a6a46,Auli Cable Car Himalayan View,Enjoy breathtaking Himalayan views from one of India's highest cable car rides.,"The Auli Cable Car journey offers spectacular views of snow-covered Himalayan peaks, including Nanda Devi and surrounding mountains. This scenic ride connects Joshimath and Auli while providing an unforgettable mountain experience.",,,1 Hour,16 km from Joshimath,"Auli Ropeway, Chamoli, Uttarakhand",Nature,December to March,Moderate,Easy,mountain,Panoramic Himalayan mountain views,One of Asia's highest ropeways,Snow-covered landscapes,,Carry warm clothes during winter,Check ropeway availability before visiting,,,
6a5bcac0fbc925e6fcc12f4e,6a58da659cb1d3777c9a6a46,Auli Skiing Adventure,Experience thrilling skiing on the snowy slopes of Auli.,"Auli is one of India's premier skiing destinations, offering perfect slopes surrounded by Himalayan peaks. Beginners and experienced skiers can enjoy professional training and exciting snow adventures during winter months.",,,3-6 Hours,3 km from Auli main area,"Auli Ski Resort Area, Chamoli",Adventure,January to March,Moderate,Moderate,snowflake,Snow skiing experience,Beautiful Himalayan backdrop,Professional ski training,,Wear proper winter gear,Beginners should take instructor guidance,,,
6a5bcac0fbc925e6fcc12f4f,6a58da659cb1d3777c9a6a46,Gorson Bugyal Trek from Auli,Explore lush alpine meadows and stunning mountain landscapes on a Himalayan trek.,"The Gorson Bugyal trek from Auli takes travelers through beautiful high-altitude grasslands surrounded by Himalayan peaks. The trail offers breathtaking views, fresh mountain air, and excellent opportunities for nature photography.",,,5-6 Hours,4 km Trek,"Gorson Bugyal, Near Auli, Chamoli",Adventure,April to June and September to November,Budget,Moderate,trekking,High altitude alpine meadow,Views of Himalayan peaks,Beautiful trekking route,,Carry water and snacks,Wear comfortable trekking shoes,,,
6a5bcac0fbc925e6fcc12f50,6a58e1e29cb1d3777c9a6a48,Valley of Flowers Trek Experience,Walk through a UNESCO World Heritage alpine valley filled with colorful Himalayan flowers.,"The Valley of Flowers trek is a magical Himalayan journey featuring rare flowers, breathtaking landscapes, waterfalls, and snow-covered mountain views. The valley becomes a paradise during monsoon when thousands of blooming flowers create a vibrant natural canvas.",,,5-7 Days,17 km Trek from Govindghat,"Valley of Flowers National Park, Chamoli",Nature,July to September,Moderate,Moderate,flower,UNESCO World Heritage Site,Rare Himalayan flowers,Spectacular mountain scenery,,Carry rain protection during monsoon,Obtain required trekking permits,,,
6a5bcac0fbc925e6fcc12f4a,6a58da659cb1d3777c9a6a45,River Rafting Adventure in Ganga,Experience thrilling white water rafting through the powerful currents of the holy Ganga River.,"The Ganga River rafting experience in Rishikesh is one of India's most popular adventure activities. Travelers can enjoy exciting rapids while passing through beautiful Himalayan landscapes, rocky cliffs, and forest-covered riverbanks. Professional instructors ensure a safe and memorable adventure.",,,3-4 Hours,12 km from Rishikesh city,"Shivpuri, Rishikesh, Uttarakhand",Adventure,September to June,Moderate,Moderate,waves,Grade II and III river rapids,Beautiful Himalayan river scenery,Professional rafting guides,,Carry quick-dry clothes and water shoes,Avoid rafting during heavy monsoon season,,,
6a5bcac0fbc925e6fcc12f4c,6a58da659cb1d3777c9a6a45,Yoga and Meditation Retreat Experience,Relax your mind and body with authentic yoga and meditation sessions in the Yoga Capital of the World.,"Rishikesh offers a unique wellness experience with traditional yoga practices, meditation techniques, and peaceful riverside retreats. Visitors can join expert-led sessions surrounded by Himalayan landscapes and spiritual energy.",,,2-5 Hours,1-5 km from city center,"Laxman Jhula and Tapovan Area, Rishikesh",Nature,October to March,Budget,Easy,heart,Traditional yoga practices,Meditation near the Ganga River,Peaceful Himalayan environment,,Wear comfortable clothing,Book certified yoga centers in advance,,,
6a5bcadbfbc925e6fcc12f54,6a58e1e29cb1d3777c9a6a48,Hemkund Sahib Spiritual Journey,Experience a peaceful pilgrimage to the sacred high-altitude Sikh shrine surrounded by Himalayan peaks.,"The journey to Hemkund Sahib from the Valley of Flowers region offers a unique combination of spirituality and Himalayan adventure. Located beside a crystal-clear glacial lake, the gurudwara provides a peaceful atmosphere surrounded by seven snow-covered mountain peaks.",,,1 Day,6 km Trek from Ghangaria,"Hemkund Sahib, Chamoli, Uttarakhand",Religious,May to October,Budget,Hard,temple,High altitude Sikh pilgrimage site,Beautiful glacial lake views,Peaceful Himalayan surroundings,,Prepare physically for high altitude trekking,Carry warm clothes even in summer,,,
6a5bcadbfbc925e6fcc12f55,6a58da659cb1d3777c9a6a46,Chenab Lake Nature Exploration,Explore a hidden Himalayan lake surrounded by untouched natural beauty near Auli.,Chenab Lake is a peaceful offbeat attraction near Auli offering travelers a quiet escape surrounded by dense forests and Himalayan landscapes. The trek to this hidden lake provides a refreshing experience away from crowded tourist spots.,,,4-5 Hours,7 km from Auli,"Chenab Lake, Chamoli, Uttarakhand",Nature,May to October,Budget,Moderate,lake,Peaceful Himalayan lake,Offbeat trekking route,Forest and mountain scenery,,Carry basic trekking supplies,Visit with a local guide for safety,,,
6a5bcb71fbc925e6fcc12f58,6a58e1e29cb1d3777c9a6a49,Khaliya Top Trek Adventure,Explore a beautiful alpine meadow offering panoramic Himalayan views.,"Khaliya Top is a popular trekking destination near Munsiyari known for its lush green meadows, mountain landscapes, and breathtaking views of Himalayan peaks. The trek provides an unforgettable adventure experience for nature lovers.",,,5-6 Hours,7 km Trek from Munsiyari,"Khaliya Top, Pithoragarh, Uttarakhand",Adventure,April to June and September to November,Budget,Moderate,trekking,High altitude meadow trek,Views of Panchachuli range,Beautiful Himalayan landscapes,,Carry water and trekking essentials,Start early to complete trek comfortably,,,
6a5bcb71fbc925e6fcc12f59,6a58e24b9cb1d3777c9a6a4c,Bhulla Lake Nature Experience,Enjoy a peaceful boating experience surrounded by pine forests in Lansdowne.,"Bhulla Lake is a beautiful man-made lake surrounded by lush greenery and peaceful surroundings. Visitors can enjoy boating, nature walks, and relaxing moments away from city life.",,,2 Hours,1 km from Lansdowne town,"Bhulla Lake, Lansdowne, Uttarakhand",Nature,March to June and September to November,Budget,Easy,lake,Peaceful lake surroundings,Boating experience,Pine forest views,,Visit during morning hours,Keep the area clean,,,
6a5bcb71fbc925e6fcc12f5a,6a58e24b9cb1d3777c9a6a4c,Lansdowne Heritage Walk,Discover colonial architecture and historical charm of this hill station.,"The Lansdowne heritage walk takes visitors through old British-era buildings, churches, museums, and scenic viewpoints. It offers a perfect blend of history, culture, and Himalayan beauty.",,,3 Hours,Within Lansdowne town,"Lansdowne, Pauri Garhwal, Uttarakhand",Heritage,Throughout the year,Budget,Easy,history,Colonial-era architecture,Military history,Beautiful hill views,,Carry a camera for photography,Wear comfortable walking shoes,,,
6a5bcb71fbc925e6fcc12f5c,6a58e24b9cb1d3777c9a6a4d,Tehri Dam Sunset Photography,Capture stunning sunset views over one of India's largest dams.,The Tehri Dam viewpoint offers spectacular views of the massive reservoir surrounded by mountains. Sunset creates a magical atmosphere making it a favorite spot for photographers and travelers.,,,1-2 Hours,5 km from New Tehri,"Tehri Dam Viewpoint, Uttarakhand",Photography,Evening hours throughout the year,Free,Easy,camera,Beautiful sunset views,Large Himalayan reservoir,Scenic viewpoints,,Visit before sunset,Carry camera equipment,,,
6a5bcb71fbc925e6fcc12f57,6a58e1e29cb1d3777c9a6a49,Panchachuli Peaks View Experience,Witness the majestic snow-covered Panchachuli Himalayan peaks from Munsiyari.,"Munsiyari offers one of the most breathtaking Himalayan viewing experiences in Uttarakhand. The panoramic sight of the Panchachuli mountain range during sunrise and sunset attracts photographers, nature lovers, and adventure travelers from across India.",,,2-3 Hours,2 km from Munsiyari town,"Munsiyari, Pithoragarh, Uttarakhand",Photography,March to June and September to November,Free,Easy,mountain,Spectacular Panchachuli mountain views,Sunrise and sunset photography,Peaceful Himalayan environment,,Visit early morning for clear views,Carry warm clothes during winter,,,
6a5bcb71fbc925e6fcc12f5b,6a58e24b9cb1d3777c9a6a4d,Tehri Lake Adventure Activities,Experience thrilling water sports and scenic lake views at Tehri Lake.,"Tehri Lake is a popular adventure destination offering boating, jet skiing, kayaking, and other water activities. Surrounded by Himalayan mountains, the lake provides a perfect combination of adventure and natural beauty.",,,3-4 Hours,7 km from New Tehri,"Tehri Lake, Tehri Garhwal, Uttarakhand",Adventure,March to June and September to November,Moderate,Easy,boat,Water sports activities,Beautiful mountain lake views,Photography opportunities,,Follow safety instructions during water activities,Avoid visiting during heavy monsoon,,,
6a5bcb8bfbc925e6fcc12f62,6a58e3e99cb1d3777c9a6a51,Agra Fort Heritage Walk,Walk through the historic Mughal fort and discover royal architecture.,"Agra Fort offers a fascinating journey through Mughal history with massive red sandstone walls, royal palaces, courtyards, and viewpoints overlooking the Taj Mahal.",,,2-3 Hours,2.5 km from Taj Mahal,"Agra Fort, Agra, Uttar Pradesh",Heritage,October to March,Moderate,Easy,fort,UNESCO World Heritage Site,Mughal palace architecture,Historic royal chambers,,Carry water during summer,Wear comfortable walking shoes,,,
6a5bcb8bfbc925e6fcc12f5e,6a58e2839cb1d3777c9a6a4f,Kanatal Forest Nature Walk,Explore peaceful pine forests and untouched Himalayan landscapes of Kanatal.,"Kanatal offers a refreshing nature walk experience through dense pine and deodar forests. Travelers can enjoy fresh mountain air, bird sounds, peaceful trails, and beautiful views of the surrounding Himalayan valleys.",,,2-3 Hours,1-3 km from Kanatal village,"Kanatal, Tehri Garhwal, Uttarakhand",Nature,March to June and September to November,Free,Easy,trees,Peaceful forest trails,Himalayan mountain views,Bird watching opportunities,,Wear comfortable walking shoes,Carry water during long walks,,,
6a5bcb8bfbc925e6fcc12f60,6a58e3e99cb1d3777c9a6a50,Taj Mahal Sunrise Photography,Witness the iconic Taj Mahal glowing beautifully during sunrise.,"The sunrise experience at the Taj Mahal is one of India's most memorable travel moments. Early morning light creates a magical atmosphere around the white marble monument, making it perfect for photography and peaceful exploration.",,,2-3 Hours,Located in Agra city,"Taj Mahal, Agra, Uttar Pradesh",Photography,October to March,Premium,Easy,camera,UNESCO World Heritage Monument,Beautiful sunrise views,Mughal architectural masterpiece,,Arrive before opening time,Avoid carrying prohibited items,,,
6a5bcb8bfbc925e6fcc12f63,6a58e3e99cb1d3777c9a6a51,Agra Fort Sunset View,Enjoy a beautiful sunset view of the Taj Mahal from Agra Fort.,The viewpoints inside Agra Fort provide a spectacular perspective of the Taj Mahal across the Yamuna River. Sunset creates a memorable photography experience combining two iconic Mughal landmarks.,,,1-2 Hours,Inside Agra Fort,Agra Fort Viewpoints,Photography,Evening hours,Moderate,Easy,sunset,Taj Mahal viewpoint,Golden sunset scenery,Historic fort surroundings,,Carry a camera or smartphone,Visit during clear weather,,,
6a5bcb8bfbc925e6fcc12f5f,6a58e2839cb1d3777c9a6a4f,Surkanda Devi Temple Visit,Experience spiritual peace and panoramic Himalayan views from a hilltop temple.,Surkanda Devi Temple near Kanatal is a famous Himalayan shrine located at a high altitude. The journey involves a scenic trek through forests and offers breathtaking views of snow-covered mountain ranges.,,,3-4 Hours,5 km from Kanatal,"Surkanda Devi Temple, Tehri Garhwal",Religious,April to June and September to November,Free,Moderate,temple,Ancient hilltop temple,Beautiful Himalayan panorama,Peaceful spiritual atmosphere,,Carry comfortable trekking footwear,Avoid visiting during heavy rainfall,,,
6a5bcb8bfbc925e6fcc12f61,6a58e3e99cb1d3777c9a6a50,Mughal Architecture Exploration,Discover the artistic beauty and history of the Taj Mahal complex.,"Explore the detailed marble carvings, gardens, reflecting pools, and historical stories behind the Taj Mahal. This experience allows travelers to understand Mughal architecture and craftsmanship.",,,2-4 Hours,Within Taj Mahal complex,"Taj Mahal Complex, Agra",Heritage,Throughout the year,Premium,Easy,landmark,Detailed marble artwork,Mughal history,Beautiful gardens,,Hire an authorized guide for history details,Visit early morning for fewer crowds,,,
6a5bcbaffbc925e6fcc12f66,6a58e4469cb1d3777c9a6a53,Varanasi Ghats Boat Ride,Experience the ancient ghats of Varanasi from a peaceful boat ride on the Ganga.,"A sunrise boat ride on the Ganga River offers a unique view of Varanasi's historic ghats, temples, rituals, and daily life. It is one of the best ways to understand the spiritual and cultural heritage of the oldest living city in India.",,,2 Hours,Starting from Dashashwamedh Ghat,"Ganga River, Varanasi",Photography,October to March,Budget,Easy,boat,Sunrise river views,Ancient ghats photography,Traditional city life experience,,Book early morning boat rides,Carry a camera for photography,,,
6a5bcbaffbc925e6fcc12f69,6a58e4469cb1d3777c9a6a52,Buland Darwaza Photography,Capture the grand entrance gate of Fatehpur Sikri.,"Buland Darwaza is one of the largest gateways in the world and a remarkable example of Mughal architecture. Its massive structure, detailed carvings, and historical importance make it a favorite photography location.",,,1 Hour,Inside Fatehpur Sikri complex,"Buland Darwaza, Fatehpur Sikri",Photography,Morning and evening,Moderate,Easy,camera,Massive Mughal gateway,Architectural photography,Historical significance,,Visit during golden hours,Carry wide-angle camera lens,,,
6a5bcbaffbc925e6fcc12f67,6a58e4469cb1d3777c9a6a53,Kashi Vishwanath Temple Darshan,Visit one of India's most sacred Shiva temples located in the heart of Varanasi.,"The Kashi Vishwanath Temple is a major pilgrimage destination dedicated to Lord Shiva. Visitors experience centuries-old traditions, spiritual energy, and the cultural importance of one of the twelve Jyotirlingas.",,,2-3 Hours,Within Varanasi old city,"Kashi Vishwanath Temple, Varanasi",Religious,Throughout the year,Free,Easy,temple,One of twelve Jyotirlingas,Ancient spiritual heritage,Important Hindu pilgrimage site,,Follow temple security guidelines,Avoid carrying restricted items,,,
6a5bcbaffbc925e6fcc12f65,6a58e4469cb1d3777c9a6a53,Ganga Aarti Spiritual Experience,Witness the mesmerizing evening prayer ceremony on the holy banks of River Ganga.,"The Ganga Aarti at Varanasi is one of India's most iconic spiritual experiences. Devotees and travelers gather at Dashashwamedh Ghat to watch priests perform rituals with lamps, chants, bells, and devotional music creating a deeply peaceful atmosphere.",,,1-2 Hours,Within Varanasi city,"Dashashwamedh Ghat, Varanasi, Uttar Pradesh",Religious,October to March,Free,Easy,flame,Sacred Ganga River ceremony,Traditional Hindu rituals,Spiritual evening atmosphere,,Reach early for a good viewing position,Respect local religious customs,,,
6a5bcbaffbc925e6fcc12f68,6a58e4469cb1d3777c9a6a52,Fatehpur Sikri Palace Exploration,Explore the magnificent Mughal city built by Emperor Akbar.,"Fatehpur Sikri offers an incredible heritage experience with grand palaces, courtyards, mosques, and architectural wonders. The abandoned royal city reflects the artistic vision and cultural richness of the Mughal era.",,,3-4 Hours,40 km from Agra,"Fatehpur Sikri, Agra, Uttar Pradesh",Heritage,October to March,Moderate,Easy,palace,Mughal architectural masterpiece,Royal palace complexes,Historic monuments,,Hire a guide for historical details,Carry water during summer visits,,,
6a5bcbcdfbc925e6fcc12f6e,6a58e4959cb1d3777c9a6a55,Lucknow Nawabi Heritage Walk,"Discover the royal culture, architecture, and traditions of Lucknow.","The Lucknow heritage walk takes travelers through historic monuments, old markets, and architectural wonders reflecting the elegance of the Nawabi era. Visitors can experience the city's unique culture, food, and traditions.",,,3-4 Hours,Within Lucknow city,"Old Lucknow, Uttar Pradesh",Heritage,October to March,Budget,Easy,landmark,Nawabi architecture,Historic streets,Cultural experiences,,Try local Awadhi cuisine,Explore with a local guide,,,
6a5bcbcdfbc925e6fcc12f6f,6a58e4959cb1d3777c9a6a55,Bara Imambara Architecture Tour,Explore the magnificent historical monument built during the Nawabi period.,"Bara Imambara is one of Lucknow's most famous architectural landmarks known for its grand halls, unique construction, and historical significance. The complex reflects the artistic excellence of Awadhi architecture.",,,2-3 Hours,Within Lucknow old city,"Bara Imambara, Lucknow",Heritage,October to March,Moderate,Easy,building,Historic Nawabi monument,Unique architectural design,Famous Bhool Bhulaiya maze,,Hire a guide inside the monument,Wear comfortable footwear,,,
6a5bcbcdfbc925e6fcc12f6b,6a58e4959cb1d3777c9a6a54,Sarnath Buddhist Heritage Tour,Explore the sacred place where Lord Buddha delivered his first sermon.,"Sarnath is one of the most important Buddhist pilgrimage sites in the world. Visitors can explore ancient stupas, monasteries, museums, and archaeological remains that showcase the rich history of Buddhism and India's spiritual heritage.",,,3-4 Hours,10 km from Varanasi,"Sarnath, Varanasi, Uttar Pradesh",Heritage,October to March,Budget,Easy,history,First sermon site of Buddha,Ancient Buddhist monuments,Peaceful spiritual environment,,Visit the museum for historical knowledge,Maintain silence near religious areas,,,
6a5bcbcdfbc925e6fcc12f6d,6a58e4959cb1d3777c9a6a54,Sarnath Meditation Experience,Enjoy a peaceful meditation session in the spiritual surroundings of Sarnath.,"The calm atmosphere of Sarnath makes it an ideal place for meditation and reflection. Visitors can experience Buddhist teachings, peaceful monasteries, and a relaxing environment away from city crowds.",,,1-3 Hours,Within Sarnath area,"Buddhist Monastery Area, Sarnath",Religious,October to March,Free,Easy,meditation,Peaceful meditation environment,Buddhist spiritual traditions,Calm monastery surroundings,,Maintain peaceful behavior,Wear comfortable clothing,,,
6a5bcbcdfbc925e6fcc12f70,6a58e4959cb1d3777c9a6a55,Lucknow Food and Culture Experience,Taste authentic Awadhi cuisine and explore the cultural identity of Lucknow.,"Lucknow is famous for its royal cuisine, traditional crafts, and cultural heritage. This experience allows travelers to explore local food streets, kebabs, sweets, and traditional markets.",,,3 Hours,Within Lucknow markets,"Chowk Area, Lucknow",Heritage,Evening hours,Budget,Easy,food,Authentic Awadhi cuisine,Traditional markets,Local cultural experience,,Choose hygienic food stalls,Carry cash for local markets,,,
6a5bcbcdfbc925e6fcc12f6c,6a58e4959cb1d3777c9a6a54,Dhamek Stupa Photography Experience,Capture one of India's most significant Buddhist monuments.,Dhamek Stupa is an ancient structure marking the place where Buddha gave his first teaching. The massive stone and brick monument surrounded by greenery offers excellent opportunities for history lovers and photographers.,,,1-2 Hours,Inside Sarnath archaeological area,"Dhamek Stupa, Sarnath",Photography,Morning and evening,Budget,Easy,camera,Ancient Buddhist monument,Peaceful garden surroundings,Historical photography spot,,Visit during soft morning light,Avoid touching ancient structures,,,
6a5bcbf3fbc925e6fcc12f73,6a58e5129cb1d3777c9a6a57,Vrindavan Krishna Heritage Walk,"Explore ancient temples, streets, and cultural stories connected with Lord Krishna.","The heritage walk through Vrindavan introduces travelers to historic temples, sacred places, traditional markets, and stories from Krishna's life. It offers a deep cultural and spiritual experience.",,,3-4 Hours,Within Vrindavan old town,"Vrindavan Heritage Area, Uttar Pradesh",Heritage,Throughout the year,Budget,Easy,walking,Ancient Krishna temples,Traditional streets,Cultural exploration,,Wear comfortable walking shoes,Respect temple traditions,,,
6a5bcbf3fbc925e6fcc12f77,6a58e5129cb1d3777c9a6a56,Ayodhya Heritage Exploration,"Discover ancient temples, historical sites, and cultural landmarks of Ayodhya.","Ayodhya offers a journey through thousands of years of religious and cultural history. Travelers can explore ancient temples, sacred locations, and traditional markets connected with India's spiritual heritage.",,,4-5 Hours,Within city area,Ayodhya Heritage Zone,Heritage,October to March,Budget,Easy,history,Ancient cultural heritage,Historic temples,Traditional city experience,,Plan route before visiting multiple sites,Use local transport for nearby attractions,,,
6a5bcbf3fbc925e6fcc12f76,6a58e5129cb1d3777c9a6a56,Sarayu River Aarti Experience,Enjoy a peaceful evening ceremony on the banks of the sacred Sarayu River.,"The Sarayu River Aarti offers visitors a calm spiritual experience with devotional songs, floating lamps, and beautiful riverside views. It is one of the best ways to experience Ayodhya's religious culture.",,,1-2 Hours,Within Ayodhya,"Sarayu River Ghats, Ayodhya",Religious,Evening hours,Free,Easy,river,Sacred river ceremony,Beautiful evening views,Peaceful spiritual environment,,Arrive early for a good spot,Respect local traditions,,,
6a5bcbf3fbc925e6fcc12f75,6a58e5129cb1d3777c9a6a56,Ram Mandir Spiritual Visit,Experience the spiritual atmosphere of Ayodhya's iconic Ram temple.,"Ayodhya is one of India's most sacred religious destinations associated with Lord Rama. Visitors can explore the grand temple complex, participate in prayers, and experience the city's deep spiritual heritage.",,,3-4 Hours,Within Ayodhya city,"Ram Mandir Area, Ayodhya, Uttar Pradesh",Religious,October to March,Free,Easy,temple,Major Hindu pilgrimage destination,Sacred Ramayana connection,Spiritual experience,,Follow temple security rules,Visit early morning for less crowd,,,
6a5bcbf3fbc925e6fcc12f72,6a58e5129cb1d3777c9a6a57,Banke Bihari Temple Darshan,Experience the divine atmosphere of Vrindavan's most famous Krishna temple.,"Banke Bihari Temple is one of the most visited Krishna temples in India. Devotees gather here to experience the unique traditions, devotional music, and spiritual energy dedicated to Lord Krishna.",,,2-3 Hours,Within Vrindavan town,"Banke Bihari Temple, Vrindavan, Uttar Pradesh",Religious,October to March,Free,Easy,temple,Famous Krishna pilgrimage site,Traditional devotional rituals,Spiritual atmosphere,,Avoid crowded festival days if you prefer peaceful visits,Keep personal belongings safe in crowded areas,,,
6a5bcbf3fbc925e6fcc12f74,6a58e5129cb1d3777c9a6a57,Yamuna Aarti Experience,Witness a peaceful evening prayer ceremony beside the Yamuna River.,"The Yamuna Aarti in Vrindavan provides a serene spiritual experience with lamps, chants, and devotional activities near the sacred river. It is a beautiful moment for visitors seeking peace and spirituality.",,,1 Hour,2 km from Vrindavan center,"Keshi Ghat, Vrindavan",Religious,Evening hours,Free,Easy,flame,Sacred river ceremony,Peaceful evening atmosphere,Spiritual photography,,Reach before sunset,Avoid polluting the river,,,
6a5bcc13fbc925e6fcc12f79,6a58e55c9cb1d3777c9a6a59,Pilibhit Tiger Safari Experience,Explore the wilderness of Pilibhit Tiger Reserve and search for majestic Bengal tigers.,"Pilibhit Tiger Reserve offers an exciting wildlife safari experience through dense forests, grasslands, and wetlands. Visitors can explore the natural habitat of Bengal tigers along with various species of birds and animals.",,,3-4 Hours,10 km from Pilibhit city,"Pilibhit Tiger Reserve, Uttar Pradesh",Wildlife,November to June,Moderate,Easy,tiger,Bengal tiger spotting opportunity,Dense forest safari,Rich Himalayan Terai ecosystem,,Book safari permits in advance,Maintain silence during wildlife tours,,,
6a5bcc13fbc925e6fcc12f7b,6a58e55c9cb1d3777c9a6a58,Dudhwa Jungle Safari Adventure,Explore one of North India's finest wildlife reserves through a thrilling safari.,"Dudhwa National Park offers an unforgettable jungle safari experience with opportunities to see tigers, rhinos, elephants, deer, and diverse bird species. The park's Terai ecosystem creates a unique wildlife environment.",,,3-4 Hours,Within Dudhwa National Park,"Dudhwa National Park, Lakhimpur Kheri, Uttar Pradesh",Wildlife,November to June,Moderate,Easy,safari,Bengal tiger habitat,One-horned rhinoceros sightings,Rich biodiversity,,Carry a camera with zoom lens,Follow forest rules strictly,,,
6a5bcc13fbc925e6fcc12f7a,6a58e55c9cb1d3777c9a6a59,Bird Watching at Pilibhit Wetlands,Discover colorful birds and unique wildlife around the reserve wetlands.,"The wetlands and forests of Pilibhit provide excellent opportunities for bird lovers. Travelers can observe migratory birds, water birds, and native species while enjoying peaceful natural surroundings.",,,2-3 Hours,Inside reserve area,Pilibhit Tiger Reserve Wetlands,Wildlife,November to February,Budget,Easy,bird,Migratory bird sightings,Peaceful forest environment,Nature photography,,Carry binoculars,Visit early morning for better sightings,,,
6a5bcc13fbc925e6fcc12f7d,6a58e55c9cb1d3777c9a6a58,Terai Forest Nature Exploration,Walk through the unique Terai forests and discover untouched wilderness.,"The Terai landscape of Dudhwa offers visitors a chance to experience dense forests, grasslands, rivers, and diverse ecosystems. Guided nature walks provide a closer connection with the natural environment.",,,2-4 Hours,Inside buffer forest zones,"Dudhwa Buffer Area, Uttar Pradesh",Nature,November to March,Budget,Easy,trees,Dense forest trails,Terai ecosystem,Peaceful natural surroundings,,Always follow guide instructions,Wear suitable outdoor clothing,,,
6a5bcc13fbc925e6fcc12f7c,6a58e55c9cb1d3777c9a6a58,Dudhwa Bird Watching Trail,Enjoy peaceful bird watching in the forests and wetlands of Dudhwa.,Dudhwa National Park is home to hundreds of bird species including rare and migratory birds. The bird watching experience allows visitors to explore the rich biodiversity of the Terai region.,,,2-3 Hours,Inside national park area,"Dudhwa National Park, Uttar Pradesh",Wildlife,November to February,Budget,Easy,binoculars,Rare bird species,Natural wetland ecosystem,Photography opportunities,,Carry binoculars and guide books,Avoid loud noises,,,
6a5bcc39fbc925e6fcc12f82,6a58e61c9cb1d3777c9a6a5b,Rudrasagar Lake Nature Experience,Enjoy peaceful views and bird watching around the famous lake.,Rudrasagar Lake surrounding Neermahal offers a relaxing nature experience with beautiful landscapes and seasonal bird sightings. It is ideal for travelers looking for peaceful moments away from busy cities.,,,2 Hours,Near Neermahal Palace,"Rudrasagar Lake, Melaghar",Nature,November to February,Budget,Easy,lake,Peaceful lake environment,Bird watching,Natural photography,,Visit early morning for birds,Avoid littering around the lake,,,
6a5bcc39fbc925e6fcc12f7f,6a58e61c9cb1d3777c9a6a5a,Ujjayanta Palace Heritage Tour,"Explore the royal palace showcasing Tripura's history, culture, and architecture.","Ujjayanta Palace is one of Agartala's most iconic landmarks built during the royal era of Tripura. Visitors can explore magnificent halls, museums, gardens, and exhibits displaying the cultural heritage of the region.",,,2-3 Hours,Located in Agartala city,"Ujjayanta Palace, Agartala, Tripura",Heritage,October to March,Budget,Easy,palace,Royal Tripura architecture,Historical museum,Beautiful palace gardens,,Visit during morning hours,Keep extra time for museum exploration,,,
6a5bcc39fbc925e6fcc12f83,6a58e6689cb1d3777c9a6a5c,Unakoti Rock Carving Exploration,Discover ancient rock sculptures hidden in the forests of Tripura.,"Unakoti is an archaeological wonder famous for massive rock-cut sculptures of Hindu deities. Surrounded by green forests and hills, the site offers a unique combination of history, art, and nature.",,,2-3 Hours,178 km from Agartala,"Unakoti, Kailashahar, Tripura",Heritage,October to March,Budget,Easy,monument,Ancient stone carvings,Archaeological heritage,Forest surroundings,,Wear comfortable shoes,Avoid touching ancient carvings,,,
6a5bcc39fbc925e6fcc12f84,6a58e6689cb1d3777c9a6a5c,Unakoti Photography Trail,Capture unique ancient sculptures and natural landscapes.,"The Unakoti site provides excellent opportunities for photographers with its giant rock sculptures, waterfalls, forests, and peaceful surroundings. The combination of history and nature creates a memorable visual experience.",,,2 Hours,Within Unakoti archaeological area,"Unakoti Hills, Tripura",Photography,Morning and evening,Budget,Easy,camera,Ancient sculptures photography,Natural forest background,Unique heritage location,,Carry extra camera batteries,Visit during soft daylight,,,
6a5bcc39fbc925e6fcc12f81,6a58e61c9cb1d3777c9a6a5b,Neermahal Palace Boat Ride,Experience a royal palace located in the middle of Rudrasagar Lake.,Neermahal is a magnificent water palace built by Tripura's royal family. A boat ride across Rudrasagar Lake provides beautiful views of the palace surrounded by peaceful natural landscapes.,,,2-3 Hours,50 km from Agartala,"Neermahal, Melaghar, Tripura",Heritage,October to March,Moderate,Easy,boat,Royal water palace,Scenic lake views,Photography opportunities,,Visit during sunset for best views,Carry camera equipment,,,
6a5bcc39fbc925e6fcc12f80,6a58e61c9cb1d3777c9a6a5a,Agartala Cultural Experience,"Discover Tripura's traditions, markets, and local lifestyle.","Agartala offers a rich cultural experience with traditional crafts, local markets, temples, and tribal heritage. Travelers can explore the unique identity of Tripura through its food, art, and daily life.",,,3-4 Hours,Within Agartala city,"Agartala City, Tripura",Heritage,Throughout the year,Budget,Easy,culture,Local traditions,Handicraft markets,Tripura cuisine,,Try local handmade products,Interact respectfully with locals,,,
6a5bcc68fbc925e6fcc12f87,6a58e6689cb1d3777c9a6a5d,Tribal Village Cultural Experience,"Explore the lifestyle, traditions, and culture of indigenous communities.","Jampui Hills provides an opportunity to experience the unique culture of Tripura's tribal communities. Visitors can learn about traditional homes, festivals, handicrafts, and local food.",,,3-4 Hours,Various villages around Jampui Hills,"Jampui Hills, North Tripura",Heritage,October to March,Budget,Easy,people,Local tribal traditions,Traditional handicrafts,Authentic village experience,,Respect local customs,Ask permission before photography,,,
6a5bcc68fbc925e6fcc12f89,6a58e86b9cb1d3777c9a6a5e,Sepahijala Wildlife Safari,Explore Tripura's famous wildlife sanctuary with rich biodiversity.,"Sepahijala Wildlife Sanctuary offers visitors a chance to explore forests, lakes, and wildlife habitats. The sanctuary is known for its spectacled monkeys, birds, reptiles, and beautiful natural surroundings.",,,3-4 Hours,25 km from Agartala,"Sepahijala Wildlife Sanctuary, Tripura",Wildlife,November to February,Budget,Easy,wildlife,Wildlife observation,Bird watching,Forest exploration,,Maintain distance from animals,Carry binoculars for bird watching,,,
6a5bcc68fbc925e6fcc12f86,6a58e6689cb1d3777c9a6a5d,Jampui Hills Sunrise Experience,Witness breathtaking sunrise views from Tripura's highest hill range.,"Jampui Hills offers a peaceful mountain escape with beautiful sunrise views, green valleys, orange orchards, and traditional tribal villages. The cool climate and scenic landscapes make it one of Tripura's best nature destinations.",,,2-3 Hours,200 km from Agartala,"Jampui Hills, North Tripura",Nature,October to March,Budget,Easy,sunrise,Highest hill range of Tripura,Beautiful sunrise views,Peaceful mountain environment,,Stay overnight for sunrise views,Carry warm clothes during winter,,,
6a5bcc68fbc925e6fcc12f88,6a58e86b9cb1d3777c9a6a60,Pilak Archaeological Exploration,Discover ancient Buddhist and Hindu archaeological remains.,"Pilak is an important archaeological site in Tripura featuring ancient sculptures, terracotta artworks, and religious remains dating back centuries. The site reflects the cultural connections between different ancient civilizations.",,,2-3 Hours,100 km from Agartala,"Pilak, South Tripura",Heritage,October to March,Budget,Easy,archaeology,Ancient sculptures,Buddhist and Hindu heritage,Historical discovery site,,Carry water during summer,Visit with historical knowledge guide,,,
6a5bcc68fbc925e6fcc12f8a,6a58e86b9cb1d3777c9a6a5e,Sepahijala Lake Boating Experience,Enjoy a relaxing boat ride surrounded by forest landscapes.,"The lake inside Sepahijala Wildlife Sanctuary provides a peaceful boating experience surrounded by greenery. It is a perfect activity for families, nature lovers, and photographers.",,,1-2 Hours,Inside sanctuary area,"Sepahijala Sanctuary Lake, Tripura",Nature,November to March,Budget,Easy,boat,Peaceful lake views,Forest surroundings,Nature photography,,Avoid disturbing wildlife,Visit during morning hours,,,
6a5bcc8afbc925e6fcc12f91,6a58e98f9cb1d3777c9a6a63,Hyderabad Food and Culture Tour,Taste famous Hyderabadi cuisine and explore the city's traditions.,"Hyderabad offers a rich cultural experience through its famous cuisine, historic streets, and traditional markets. Travelers can enjoy local dishes while learning about the city's royal heritage.",,,3-4 Hours,Old Hyderabad area,"Old City Hyderabad, Telangana",Heritage,Evening hours,Budget,Easy,food,Authentic Hyderabadi cuisine,Local markets,Cultural exploration,,Choose hygienic food places,Try local specialties,,,
6a5bcc8afbc925e6fcc12f8f,6a58e8d59cb1d3777c9a6a62,Udaipur Lakes Heritage Walk,"Explore historic lakes, temples, and cultural landmarks of Udaipur Tripura.","Udaipur in Tripura is known for beautiful lakes, ancient temples, and historical attractions. The heritage walk allows travelers to explore the cultural beauty and peaceful surroundings of this royal town.",,,3-4 Hours,Within Udaipur town,"Udaipur, Gomati District, Tripura",Heritage,October to March,Budget,Easy,walking,Historic temples,Beautiful lakes,Local culture experience,,Explore early morning for peaceful views,Carry drinking water,,,
6a5bcc8afbc925e6fcc12f90,6a58e98f9cb1d3777c9a6a63,Charminar Heritage Experience,Explore Hyderabad's iconic monument and symbol of the city.,"Charminar is one of India's most recognizable historical landmarks. Visitors can admire its Indo-Islamic architecture, explore nearby markets, and experience the vibrant culture of old Hyderabad.",,,2-3 Hours,Located in Old Hyderabad,"Charminar, Hyderabad, Telangana",Heritage,October to February,Budget,Easy,landmark,Iconic Hyderabad monument,Historic architecture,Traditional markets nearby,,Visit early morning to avoid crowds,Explore Laad Bazaar nearby,,,
6a5bcc8afbc925e6fcc12f8e,6a58e8d59cb1d3777c9a6a62,Tripura Sundari Temple Darshan,"Visit one of India's famous Shakti Peethas in Udaipur, Tripura.",Tripura Sundari Temple is one of the most important Hindu pilgrimage sites in Northeast India. Devotees visit this ancient temple dedicated to Goddess Tripura Sundari to experience spirituality and traditional rituals.,,,2-3 Hours,55 km from Agartala,"Tripura Sundari Temple, Udaipur, Tripura",Religious,October to March,Free,Easy,temple,Ancient Shakti Peetha,Spiritual pilgrimage site,Traditional temple architecture,,Dress respectfully inside temple,Visit during morning prayers,,,
6a5bcc8afbc925e6fcc12f8c,6a58e86b9cb1d3777c9a6a5f,Dumboor Lake Island Exploration,Discover the scenic beauty of Dumboor Lake with its many small islands and rivers.,"Dumboor Lake is one of Tripura's most beautiful natural attractions, featuring numerous islands, lush green surroundings, and peaceful waters. Visitors can enjoy boat rides while exploring the unique landscape formed by the meeting of rivers.",,,3-4 Hours,120 km from Agartala,"Dumboor Lake, Dhalai, Tripura",Nature,October to March,Budget,Easy,lake,Beautiful island landscapes,Scenic boat rides,Peaceful natural environment,,Visit during morning hours,Carry camera for landscape photography,,,
6a5bcc8afbc925e6fcc12f8d,6a58e86b9cb1d3777c9a6a5f,Dumboor Lake Bird Watching,Observe migratory birds and enjoy the peaceful lake ecosystem.,Dumboor Lake attracts several species of migratory and local birds because of its rich aquatic ecosystem. Bird lovers can enjoy peaceful moments watching birds across the islands and surrounding wetlands.,,,2-3 Hours,Around Dumboor Lake area,"Dumboor Lake Wetlands, Tripura",Wildlife,November to February,Free,Easy,bird,Migratory bird sightings,Natural wetland ecosystem,Photography opportunities,,Carry binoculars,Avoid making loud noises,,,
6a5bccb3fbc925e6fcc12f95,6a58e98f9cb1d3777c9a6a64,Ramappa Temple Cultural Experience,Explore the UNESCO World Heritage Kakatiya temple near Warangal.,Ramappa Temple is a stunning example of medieval Indian architecture known for its detailed sculptures and unique construction techniques. The temple offers visitors a deep connection with Telangana's cultural history.,,,2-3 Hours,70 km from Warangal,"Palampet, Telangana",Heritage,October to March,Budget,Easy,monument,UNESCO World Heritage Site,Ancient temple architecture,Detailed sculptures,,Hire a guide for historical details,Carry a camera for photography,,,
6a5bccb3fbc925e6fcc12f94,6a58e98f9cb1d3777c9a6a64,Thousand Pillar Temple Visit,Discover a masterpiece of Kakatiya temple architecture.,"The Thousand Pillar Temple in Warangal is famous for its beautifully carved pillars, intricate sculptures, and historical significance. The temple reflects the artistic excellence of the Kakatiya era.",,,1-2 Hours,6 km from Warangal city,"Hanamkonda, Warangal, Telangana",Religious,October to March,Free,Easy,temple,Ancient Shiva temple,Kakatiya architecture,Beautiful stone carvings,,Maintain temple decorum,Visit during less crowded hours,,,
6a5bccb3fbc925e6fcc12f97,6a58ea339cb1d3777c9a6a67,Nagarjuna Konda Island Exploration,Discover ancient Buddhist heritage on an island surrounded by the reservoir.,"Nagarjuna Konda is an important archaeological destination featuring ancient Buddhist remains, museums, and historical artifacts. The boat journey across the reservoir adds an exciting travel experience.",,,4-5 Hours,Within Nagarjuna Sagar reservoir,"Nagarjuna Konda, Telangana",Heritage,October to March,Moderate,Easy,boat,Ancient Buddhist remains,Boat ride experience,Archaeological museum,,Check boat timings before visiting,Carry sun protection,,,
6a5bccb3fbc925e6fcc12f93,6a58e98f9cb1d3777c9a6a64,Warangal Fort Heritage Walk,Explore the ancient fort complex showcasing the glory of the Kakatiya dynasty.,"Warangal Fort is a remarkable historical site featuring massive gateways, stone carvings, temples, and architectural remains from the Kakatiya period. The heritage walk provides insight into Telangana's medieval history and craftsmanship.",,,2-3 Hours,5 km from Warangal city,"Warangal Fort, Telangana",Heritage,October to February,Budget,Easy,fort,Kakatiya dynasty heritage,Historic stone architecture,Ancient fort ruins,,Carry water during summer,Visit during morning or evening,,,
6a5bccb3fbc925e6fcc12f98,6a58ea339cb1d3777c9a6a65,Ananthagiri Hills Trekking Experience,Explore lush forests and scenic trails near Hyderabad.,"Ananthagiri Hills is a popular nature destination known for greenery, trekking routes, waterfalls, and peaceful forest landscapes. It is ideal for weekend adventures and outdoor activities.",,,3-5 Hours,80 km from Hyderabad,"Ananthagiri Hills, Vikarabad, Telangana",Adventure,October to February,Budget,Moderate,trekking,Forest trekking trails,Beautiful hill landscapes,Nature escape near city,,Wear trekking shoes,Carry enough water,,,
6a5bccb3fbc925e6fcc12f96,6a58ea339cb1d3777c9a6a67,Nagarjuna Sagar Dam View Experience,Enjoy scenic views of one of India's largest masonry dams.,"Nagarjuna Sagar offers a beautiful combination of engineering marvel and natural landscapes. Visitors can enjoy dam viewpoints, reservoir views, and peaceful surroundings near the Krishna River.",,,2-3 Hours,150 km from Hyderabad,"Nagarjuna Sagar, Telangana",Nature,October to February,Budget,Easy,water,Massive Krishna River reservoir,Scenic viewpoints,Photography opportunities,,Visit during sunrise or sunset,Carry water and snacks,,,
6a5bccd9fbc925e6fcc12f9c,6a58ea339cb1d3777c9a6a66,Ramappa Lake Scenic Experience,Enjoy peaceful lake views near the famous Kakatiya heritage region.,"Ramappa Lake offers a relaxing nature experience surrounded by greenery and historical attractions. Visitors can enjoy photography, peaceful walks, and scenic views near the lake.",,,2-3 Hours,70 km from Warangal,"Ramappa Lake, Mulugu, Telangana",Nature,October to March,Free,Easy,lake,Beautiful lake landscape,Nearby heritage attractions,Photography spots,,Visit during sunset,Avoid littering near water bodies,,,
6a5bccd9fbc925e6fcc12f9f,6a58ea9f9cb1d3777c9a6a69,Bhadrachalam Temple Darshan,Visit the sacred Rama temple located on the banks of River Godavari.,Bhadrachalam is one of the most important pilgrimage destinations in Telangana dedicated to Lord Rama. The temple's spiritual atmosphere and riverside location attract thousands of devotees every year.,,,2-3 Hours,Within Bhadrachalam town,"Sri Sita Ramachandra Swamy Temple, Bhadrachalam",Religious,October to March,Free,Easy,temple,Famous Lord Rama temple,Godavari River surroundings,Spiritual experience,,Follow temple traditions,Visit during early morning prayers,,,
6a5bccd9fbc925e6fcc12f9b,6a58ea339cb1d3777c9a6a66,Mulugu Forest Nature Exploration,"Discover dense forests, waterfalls, and untouched landscapes of Mulugu.","Mulugu district offers a beautiful nature experience with forests, rivers, waterfalls, and tribal landscapes. Travelers can explore the natural beauty of Telangana's eastern region through scenic routes and outdoor activities.",,,4-5 Hours,200 km from Hyderabad,"Mulugu, Telangana",Nature,October to February,Budget,Easy,trees,Dense forest landscapes,Waterfall attractions,Peaceful environment,,Travel with local guidance in remote areas,Carry essentials during exploration,,,
6a5bccd9fbc925e6fcc12f9d,6a58ea9f9cb1d3777c9a6a68,Kuntala Waterfalls Nature Experience,Explore Telangana's highest waterfall surrounded by forest scenery.,Kuntala Waterfalls is a stunning natural attraction located in the Adilabad region. The waterfall surrounded by rocky landscapes and forests offers visitors a refreshing nature experience.,,,2-3 Hours,12 km from Neredikonda village,"Kuntala Waterfalls, Adilabad, Telangana",Nature,September to February,Budget,Easy,waterfall,Highest waterfall in Telangana,Beautiful forest surroundings,Nature photography,,Be careful near slippery rocks,Avoid monsoon peak periods,,,
6a5bccd9fbc925e6fcc12f9a,6a58ea339cb1d3777c9a6a65,Ananthagiri Hills Forest Camping,Spend a peaceful night surrounded by forests and natural beauty.,"Forest camping at Ananthagiri Hills provides a refreshing escape with stargazing, campfire activities, and beautiful surroundings. It is a perfect experience for travelers looking for adventure close to Hyderabad.",,,1 Night,80 km from Hyderabad,"Ananthagiri Hills, Vikarabad, Telangana",Adventure,October to February,Moderate,Easy,camp,Forest camping experience,Night sky observation,Peaceful natural environment,,Carry warm clothes during winter,Book campsites in advance,,,
6a5bccd9fbc925e6fcc12f9e,6a58ea9f9cb1d3777c9a6a68,Adilabad Forest Wildlife Experience,Discover the rich forests and biodiversity of Adilabad.,"Adilabad is known for its forests, rivers, waterfalls, and wildlife habitats. Nature lovers can explore scenic forest areas and experience the peaceful environment of northern Telangana.",,,3-4 Hours,Within Adilabad district,"Adilabad Forest Region, Telangana",Wildlife,October to February,Budget,Easy,wildlife,Forest biodiversity,Bird watching opportunities,Natural landscapes,,Follow forest guidelines,Avoid disturbing wildlife,,,
6a5bcd09fbc925e6fcc12fa2,6a58eae39cb1d3777c9a6a6c,Koilkonda Fort Trek Experience,Explore an ancient hill fort surrounded by natural landscapes.,Koilkonda Fort near Mahabubnagar offers a unique combination of history and adventure. The trek to the fort passes through rocky terrain and provides beautiful views of the surrounding countryside.,,,3-4 Hours,25 km from Mahabubnagar,"Koilkonda Fort, Telangana",Adventure,October to February,Budget,Moderate,fort,Historic hill fort,Scenic trekking route,Panoramic landscape views,,Wear trekking shoes,Carry sufficient water,,,
6a5bcd09fbc925e6fcc12fa6,6a58ebb29cb1d3777c9a6a6f,Pelling Kanchenjunga View Experience,Enjoy spectacular views of Mount Kanchenjunga from Pelling.,"Pelling is one of Sikkim's best destinations for mountain views, offering breathtaking sights of the Kanchenjunga range. The peaceful hill town combines natural beauty with Buddhist heritage.",,,2-3 Hours,10 km from Gyalshing,"Pelling, Sikkim",Photography,March to May and September to November,Budget,Easy,camera,Kanchenjunga mountain views,Sunrise photography,Peaceful hill environment,,Visit early morning for clear views,Carry warm clothes,,,
6a5bcd09fbc925e6fcc12fa5,6a58ebb29cb1d3777c9a6a6e,Gurudongmar Lake Adventure,Visit one of the world's highest freshwater lakes surrounded by mountains.,Gurudongmar Lake is a breathtaking high-altitude destination in North Sikkim. The crystal-clear blue water surrounded by snow-covered Himalayan peaks creates an unforgettable travel experience.,,,Full Day,180 km from Gangtok,"Gurudongmar Lake, North Sikkim",Adventure,April to June,Premium,Moderate,lake,High altitude Himalayan lake,Snow mountain views,Unique landscape photography,,Acclimatize before visiting,Carry warm clothing,,,
6a5bcd09fbc925e6fcc12fa1,6a58ea9f9cb1d3777c9a6a69,Godavari River Boat Ride,Enjoy a peaceful boat journey across the scenic Godavari River.,"The Godavari River near Bhadrachalam offers a relaxing boating experience with beautiful views of forests, hills, and riverside landscapes. It is a perfect activity for travelers seeking a peaceful nature escape.",https://res.cloudinary.com/ddjehdwgu/image/upload/v1784526761/travelbharat/qzh4xb3mzpfmmkqjzmet.jpg,travelbharat/qzh4xb3mzpfmmkqjzmet,1-2 Hours,Within Bhadrachalam area,"Godavari River, Bhadrachalam, Telangana",Nature,October to March,Budget,Easy,false,Scenic river views,Peaceful boating experience,Nature photography,,Check boat timings before visiting,Follow safety instructions,2026-07-20T05:52:42.134Z,,
6a5bcd09fbc925e6fcc12fa4,6a58ebb29cb1d3777c9a6a6e,North Sikkim Himalayan Landscape Tour,"Explore breathtaking valleys, lakes, and mountain landscapes of North Sikkim.","North Sikkim offers some of India's most spectacular Himalayan experiences with snow-covered peaks, remote villages, alpine lakes, and untouched natural beauty. The journey provides unforgettable mountain adventures.",,,4-7 Days,Various locations from Gangtok,"North Sikkim, Sikkim",Nature,April to June and September to November,Premium,Moderate,mountain,High Himalayan landscapes,Beautiful alpine valleys,Remote mountain villages,,Carry permits for restricted areas,Prepare for high altitude conditions,,,
6a5bcd09fbc925e6fcc12fa3,6a58eae39cb1d3777c9a6a6c,Pillalamarri Banyan Tree Visit,Discover one of India's famous ancient banyan trees.,Pillalamarri is a massive centuries-old banyan tree known for its enormous spread and natural beauty. Visitors can enjoy a peaceful walk around the tree and explore the surrounding gardens.,,,1-2 Hours,4 km from Mahabubnagar,"Pillalamarri, Mahabubnagar, Telangana",Nature,October to March,Budget,Easy,tree,Ancient banyan tree,Natural heritage site,Family-friendly attraction,,Visit during daytime,Keep surroundings clean,,,
6a5bcd28fbc925e6fcc12fa9,6a58ebb29cb1d3777c9a6a6f,Rabdentse Ruins Heritage Walk,Discover the historic ruins of Sikkim's former capital.,Rabdentse Ruins provide a fascinating journey into Sikkim's royal history. The walk through forest trails leads to ancient palace remains with beautiful views of surrounding mountains.,,,2 Hours,2 km from Pemayangtse Monastery,"Rabdentse Ruins, Pelling, Sikkim",Heritage,March to May,Budget,Easy,history,Former royal capital of Sikkim,Ancient palace ruins,Forest heritage trail,,Wear comfortable walking shoes,Visit during morning hours,,,
6a5bcd28fbc925e6fcc12fab,6a58ebb29cb1d3777c9a6a6d,Tsomgo Lake and Baba Mandir Tour,Explore a beautiful Himalayan lake and sacred mountain shrine near Gangtok.,"The Tsomgo Lake journey from Gangtok offers breathtaking mountain scenery, changing landscapes, and a visit to Baba Harbhajan Singh Temple. It is one of Sikkim's most popular travel experiences.",,,Full Day,40 km from Gangtok,"Tsomgo Lake, East Sikkim",Nature,March to June and September to December,Moderate,Easy,lake,High altitude glacial lake,Mountain scenery,Baba Mandir visit,,Carry valid permits,Wear warm clothes,,,
6a5bcd28fbc925e6fcc12fac,6a58ebf29cb1d3777c9a6a71,Ravangla Buddha Park Experience,Visit a peaceful Buddhist park with a giant Buddha statue.,Buddha Park in Ravangla is a beautiful spiritual destination featuring a massive Buddha statue surrounded by gardens and Himalayan views. It offers a peaceful environment for meditation and photography.,,,2 Hours,1 km from Ravangla town,"Buddha Park, Ravangla, Sikkim",Religious,March to June,Free,Easy,buddha,Large Buddha statue,Peaceful gardens,Mountain views,,Maintain peaceful surroundings,Visit during clear weather,,,
6a5bcd28fbc925e6fcc12fad,6a58ebf29cb1d3777c9a6a71,Ravangla Himalayan Nature Walk,"Explore scenic trails, forests, and mountain landscapes around Ravangla.","Ravangla offers beautiful nature walks through forests, villages, and mountain viewpoints. Travelers can enjoy peaceful surroundings, bird watching, and panoramic Himalayan scenery.",,,3-4 Hours,Within Ravangla region,"Ravangla, Sikkim",Nature,March to May and September to November,Budget,Easy,trees,Himalayan landscapes,Forest trails,Bird watching,,Carry water during walks,Use local guides for hidden trails,,,
6a5bcd28fbc925e6fcc12faa,6a58ebb29cb1d3777c9a6a6d,Gangtok MG Marg Walking Experience,Enjoy the vibrant atmosphere of Gangtok's famous pedestrian street.,"MG Marg is the cultural heart of Gangtok where travelers can enjoy shopping, local food, cafes, and beautiful mountain town views. The clean and lively street offers a relaxing urban hill experience.",,,2-3 Hours,Within Gangtok city,"MG Marg, Gangtok, Sikkim",Heritage,Throughout the year,Budget,Easy,walking,Popular city attraction,Local shopping experience,Cultural atmosphere,,Visit evening hours for best experience,Try local Sikkim cuisine,,,
6a5bcd28fbc925e6fcc12fa8,6a58ebb29cb1d3777c9a6a6f,Pemayangtse Monastery Spiritual Experience,Explore one of Sikkim's oldest and most important Buddhist monasteries.,"Pemayangtse Monastery near Pelling offers a peaceful spiritual experience with ancient Buddhist traditions, beautiful architecture, and stunning mountain surroundings. Visitors can experience the calm atmosphere and learn about Sikkim's Buddhist heritage.",,,1-2 Hours,8 km from Pelling,"Pemayangtse Monastery, Sikkim",Religious,March to May and September to November,Free,Easy,monastery,Ancient Buddhist monastery,Peaceful spiritual environment,Mountain views,,Maintain silence inside monastery,Respect Buddhist traditions,,,
6a5bcd45fbc925e6fcc12fb0,6a58ebf29cb1d3777c9a6a72,Samdruptse Hill Buddha Statue Visit,Explore the giant Buddha statue overlooking the Himalayan landscape.,"Samdruptse Hill near Namchi is famous for its massive Guru Padmasambhava statue. The location offers peaceful surroundings, spiritual energy, and panoramic views of the mountains.",,,1-2 Hours,7 km from Namchi,"Samdruptse Hill, Sikkim",Religious,March to May,Budget,Easy,buddha,Huge Buddhist statue,Mountain viewpoints,Peaceful atmosphere,,Carry camera for photography,Avoid disturbing prayer areas,,,
6a5bcd45fbc925e6fcc12fb1,6a58ebf29cb1d3777c9a6a70,Zuluk Silk Route Adventure Drive,Experience a scenic journey through the historic Old Silk Route.,"Zuluk offers one of Sikkim's most unique mountain road experiences through the historic Silk Route. The journey features winding roads, high-altitude landscapes, forests, and breathtaking Himalayan views.",,,2-3 Days,90 km from Gangtok,"Zuluk, East Sikkim",Adventure,August to October and January to March,Premium,Moderate,car,Historic Silk Route journey,Mountain roads,Himalayan landscapes,,Carry permits for restricted areas,Prepare for high altitude,,,
6a5bcd45fbc925e6fcc12fb3,6a58fc899cb1d3777c9a6a74,Ooty Toy Train Heritage Ride,Enjoy a historic mountain railway journey through Nilgiri landscapes.,"The Nilgiri Mountain Railway experience from Ooty is one of India's most scenic train journeys. The toy train passes through forests, tunnels, bridges, and beautiful hill landscapes.",,,3-5 Hours,Starting from Ooty Railway Station,"Ooty, Nilgiris, Tamil Nadu",Heritage,October to June,Moderate,Easy,train,UNESCO heritage railway,Mountain scenery,Historic train experience,,Book tickets early,Carry a camera for views,,,
6a5bcd45fbc925e6fcc12fb4,6a58fc899cb1d3777c9a6a74,Ooty Botanical Garden Nature Walk,Explore beautiful gardens filled with rare plants and flowers.,"The Government Botanical Garden in Ooty is a peaceful attraction featuring colorful flower beds, rare plant species, and scenic walking paths. It is ideal for nature lovers and photography enthusiasts.",,,2-3 Hours,2 km from Ooty town,"Government Botanical Garden, Ooty",Nature,March to June,Budget,Easy,flower,Beautiful flower collections,Nature photography,Peaceful garden environment,,Visit during blooming season,Wear comfortable walking shoes,,,
6a5bcd45fbc925e6fcc12faf,6a58ebf29cb1d3777c9a6a72,Namchi Char Dham Pilgrimage Experience,Visit the famous pilgrimage complex featuring replicas of India's sacred shrines.,"Namchi Char Dham is a major religious attraction in Sikkim featuring large replicas of four important Hindu pilgrimage sites. The peaceful surroundings, mountain views, and spiritual atmosphere make it a unique cultural experience.",,,2-3 Hours,5 km from Namchi town,"Solophok, Namchi, Sikkim",Religious,March to June and September to November,Budget,Easy,temple,Sacred pilgrimage complex,Beautiful Himalayan views,Large religious statues,,Maintain temple discipline,Visit during morning hours,,,
6a5bcd45fbc925e6fcc12fb2,6a58ebf29cb1d3777c9a6a70,Thambi View Point Sunrise Experience,Watch sunrise over the Himalayan peaks from a spectacular viewpoint.,Thambi View Point near Zuluk is famous for its panoramic sunrise views and breathtaking mountain scenery. Travelers can see layers of Himalayan ranges illuminated by morning sunlight.,,,1-2 Hours,14 km from Zuluk,"Thambi View Point, East Sikkim",Photography,September to November,Free,Easy,sunrise,Himalayan sunrise views,Photography destination,High altitude scenery,,Visit early morning,Carry warm clothing,,,
6a5bcd5efbc925e6fcc12fb7,6a58fcbb9cb1d3777c9a6a76,Kodaikanal Lake Cycling Experience,Enjoy cycling and peaceful moments around the famous star-shaped lake.,"Kodaikanal Lake is the heart of the hill station and offers a relaxing experience with cycling tracks, boating, and beautiful surroundings. Visitors can enjoy the cool climate and scenic views.",,,2-3 Hours,Located in Kodaikanal town,"Kodaikanal Lake, Tamil Nadu",Nature,April to June and September to October,Budget,Easy,bicycle,Scenic star-shaped lake,Cycling experience,Peaceful hill atmosphere,,Visit early morning,Avoid peak holiday crowds,,,
6a5bcd5efbc925e6fcc12fb9,6a58fcbb9cb1d3777c9a6a76,Pillar Rocks Nature Experience,Explore iconic rock formations surrounded by misty hills.,"Pillar Rocks are famous natural rock formations standing tall amidst the green valleys of Kodaikanal. The viewpoint provides a dramatic landscape experience, especially when covered with clouds and mist.",,,1-2 Hours,8 km from Kodaikanal town,"Pillar Rocks, Kodaikanal",Nature,April to June,Budget,Easy,mountain,Famous rock formations,Misty mountain scenery,Nature photography,,Visit during clear weather,Avoid slippery areas during rain,,,
6a5bcd5efbc925e6fcc12fb8,6a58fcbb9cb1d3777c9a6a76,Coaker's Walk Sunset View,Walk along a scenic mountain pathway with breathtaking valley views.,"Coaker's Walk is one of Kodaikanal's most popular viewpoints offering spectacular views of valleys, clouds, and distant hills. The walking path is perfect for photography and peaceful evening strolls.",,,1-2 Hours,1 km from Kodaikanal Lake,"Coaker's Walk, Kodaikanal",Photography,Morning and evening,Budget,Easy,camera,Beautiful valley views,Sunset photography,Mountain walking trail,,Carry a camera,Check weather conditions,,,
6a5bcd5efbc925e6fcc12fb6,6a58fc899cb1d3777c9a6a74,Ooty Doddabetta Peak Adventure,Reach the highest peak of Nilgiris for stunning mountain views.,"Doddabetta Peak is the highest point in the Nilgiri Hills and offers panoramic views of surrounding valleys, forests, and mountains. The viewpoint is a popular destination for nature lovers and photographers.",,,2-3 Hours,10 km from Ooty town,"Doddabetta Peak, Ooty, Tamil Nadu",Adventure,October to June,Budget,Easy,mountain,Highest Nilgiri peak,Panoramic mountain views,Photography destination,,Visit early morning for clear views,Carry a light jacket,,,
6a5bcd5efbc925e6fcc12fba,6a58fcd99cb1d3777c9a6a78,Marina Beach Sunrise Experience,Witness sunrise at one of India's longest urban beaches.,"Marina Beach is Chennai's iconic coastal attraction offering beautiful sunrise views, long sandy shores, and a lively atmosphere. It is a perfect place for morning walks and seaside photography.",,,2-3 Hours,Located in Chennai city,"Marina Beach, Chennai, Tamil Nadu",Beach,November to February,Free,Easy,sunrise,Long sandy coastline,Beautiful sunrise views,Local beach culture,,Visit early morning,Avoid swimming in unsafe areas,,,
6a5bcd5efbc925e6fcc12fbb,6a58fcd99cb1d3777c9a6a78,Chennai Heritage Temple Tour,Explore ancient temples and cultural landmarks of Chennai.,"Chennai is known for its rich cultural heritage, ancient temples, and traditional architecture. A heritage tour introduces travelers to historic religious sites and the city's deep-rooted traditions.",,,4-5 Hours,Within Chennai city,Mylapore and central Chennai,Heritage,October to March,Budget,Easy,temple,Ancient Dravidian architecture,Cultural exploration,Traditional rituals,,Dress appropriately for temples,Visit early morning,,,
6a5bcd9cfbc925e6fcc12fc1,6a58fcbb9cb1d3777c9a6a76,Bryant Park Nature Walk,Enjoy a relaxing walk through Kodaikanal's beautiful botanical garden.,"Bryant Park is a peaceful garden attraction in Kodaikanal featuring colorful flowers, rare plants, and scenic walking paths. It is ideal for families, photographers, and nature lovers.",,,1-2 Hours,Near Kodaikanal Lake,"Bryant Park, Kodaikanal",Nature,April to June,Budget,Easy,flower,Beautiful flower gardens,Rare plant collections,Relaxing environment,,Visit during flowering season,Carry a camera,,,
6a5bcd9cfbc925e6fcc12fbe,6a58fcd99cb1d3777c9a6a78,Kapaleeshwarar Temple Cultural Experience,Experience Chennai's ancient Dravidian temple traditions.,"Kapaleeshwarar Temple in Mylapore is one of Chennai's most famous religious landmarks. The temple showcases magnificent Dravidian architecture, colorful sculptures, and traditional Tamil culture.",,,1-2 Hours,Within Mylapore area,"Kapaleeshwarar Temple, Chennai",Religious,October to March,Free,Easy,temple,Ancient Shiva temple,Dravidian architecture,Cultural traditions,,Follow temple rules,Avoid visiting during peak crowds,,,
6a5bcd9cfbc925e6fcc12fc2,6a58fcbb9cb1d3777c9a6a76,Guna Caves Exploration,Explore mysterious caves surrounded by dense forest landscapes.,"Guna Caves, also known as Devil's Kitchen, is a famous natural attraction in Kodaikanal. The caves surrounded by pine forests create a unique adventure and photography experience.",,,1-2 Hours,8 km from Kodaikanal town,"Guna Caves, Kodaikanal",Adventure,October to May,Budget,Easy,cave,Unique cave formation,Pine forest surroundings,Popular photography spot,,Stay within marked areas,Be careful near rocky sections,,,
6a5bcd9cfbc925e6fcc12fbd,6a58fcd99cb1d3777c9a6a78,Fort St. George Historical Tour,Explore Chennai's first British fort and colonial heritage landmark.,"Fort St. George is an important historical monument that played a major role during the British colonial period. Visitors can explore ancient buildings, museums, and artifacts showcasing Chennai's colonial history.",,,2-3 Hours,Located in central Chennai,"Fort St. George, Chennai, Tamil Nadu",Heritage,November to February,Budget,Easy,fort,Colonial architecture,Historical museum,British-era heritage,,Carry identification documents,Check visiting timings before arrival,,,
6a5bcd9cfbc925e6fcc12fc0,6a58fcd99cb1d3777c9a6a78,DakshinaChitra Cultural Village Visit,"Discover South Indian traditions, crafts, and heritage homes.","DakshinaChitra is a living heritage museum showcasing the culture, architecture, art, and lifestyle of South India. Visitors can explore traditional houses, handicrafts, and cultural performances.",,,3-4 Hours,25 km from Chennai,"East Coast Road, Chennai",Heritage,November to February,Moderate,Easy,museum,South Indian heritage homes,Traditional crafts,Cultural performances,,Reserve enough time for exploration,Visit during cultural events,,,
6a5bcd9cfbc925e6fcc12fbf,6a58fcd99cb1d3777c9a6a78,Muttukadu Boating Adventure,Enjoy boating and water activities near Chennai's coastline.,Muttukadu Boat House offers a fun water experience with boating activities surrounded by scenic backwaters. It is a popular weekend destination for families and adventure seekers.,,,2-3 Hours,36 km from Chennai city,"Muttukadu Boat House, Chennai",Adventure,November to February,Moderate,Easy,boat,Backwater boating,Water activities,Family-friendly attraction,,Follow boating safety rules,Visit during pleasant weather,,,
6a5bcdb5fbc925e6fcc12fc5,6a58fcd99cb1d3777c9a6a78,Government Museum Chennai Visit,"Explore ancient artifacts, art collections, and cultural history.","The Government Museum in Chennai is one of India's oldest museums featuring archaeological collections, bronze sculptures, paintings, and historical artifacts. It provides a deep understanding of Tamil and Indian heritage.",,,2-3 Hours,Within Chennai city,"Egmore, Chennai, Tamil Nadu",Heritage,November to February,Budget,Easy,museum,Ancient artifact collections,Bronze sculpture gallery,Historical exhibits,,Plan enough time for all galleries,Follow museum photography rules,,,
6a5bcdb5fbc925e6fcc12fc4,6a58fcbb9cb1d3777c9a6a76,Silver Cascade Waterfall Visit,Enjoy the beauty of a stunning waterfall surrounded by hills.,Silver Cascade Falls is one of Kodaikanal's most popular natural attractions. The waterfall created by the overflow of Kodaikanal Lake offers a refreshing stop surrounded by green landscapes.,,,30-60 Minutes,8 km from Kodaikanal town,"Silver Cascade Falls, Kodaikanal",Nature,September to January,Free,Easy,waterfall,Beautiful roadside waterfall,Nature photography,Mountain scenery,,Avoid slippery rocks,Visit after rainfall for better views,,,
6a5bcdb5fbc925e6fcc12fc7,6a58fcd99cb1d3777c9a6a78,Elliot's Beach Relaxation Experience,Enjoy a peaceful beach escape away from city crowds.,"Elliot's Beach is a quieter coastal destination in Chennai known for relaxing walks, seaside views, and a calm atmosphere. It is popular among travelers looking for a peaceful evening near the sea.",,,2-3 Hours,12 km from Chennai city center,"Besant Nagar, Chennai",Beach,November to February,Free,Easy,beach,Peaceful shoreline,Evening beach walks,Local cafes nearby,,Visit during sunset,Avoid swimming in restricted areas,,,
6a5bcdb5fbc925e6fcc12fc6,6a58fcd99cb1d3777c9a6a78,Chennai Marina Photography Walk,"Capture coastal landscapes, local life, and sunrise views.","Marina Beach provides excellent photography opportunities with fishermen, waves, sunrise colors, and local activities. The long coastline creates endless creative possibilities for photographers.",,,2 Hours,Located in Chennai city,"Marina Beach, Chennai",Photography,Early morning,Free,Easy,camera,Sunrise photography,Local coastal lifestyle,Beach landscapes,,Carry extra camera battery,Respect local people while photographing,,,
6a5bcdeefbc925e6fcc12fcc,6a58fcd99cb1d3777c9a6a78,Mahabalipuram Day Trip Experience,Explore ancient temples and rock-cut monuments near Chennai.,"Mahabalipuram near Chennai is a UNESCO World Heritage destination famous for ancient temples, stone carvings, and coastal heritage. It offers a perfect combination of history, architecture, and photography.",,,Full Day,60 km from Chennai,"Mahabalipuram, Tamil Nadu",Heritage,November to February,Moderate,Easy,monument,UNESCO heritage monuments,Ancient rock carvings,Coastal architecture,,Carry sun protection,Hire a guide for history details,,,
6a5bcdeefbc925e6fcc12fca,6a58fc899cb1d3777c9a6a74,Pykara Lake Boating Adventure,Enjoy boating in a beautiful lake surrounded by Nilgiri forests.,"Pykara Lake is a scenic attraction near Ooty featuring calm waters, forest surroundings, and beautiful landscapes. Boating here provides a relaxing experience for nature lovers.",,,2 Hours,20 km from Ooty,"Pykara Lake, Nilgiris, Tamil Nadu",Adventure,October to June,Moderate,Easy,boat,Forest lake views,Boat ride experience,Scenic landscapes,,Avoid weekends for fewer crowds,Carry a jacket due to cool weather,,,
6a5bcdeefbc925e6fcc12fc9,6a58fc899cb1d3777c9a6a74,Ooty Tea Garden Experience,Walk through beautiful tea plantations and learn about Nilgiri tea culture.,"Ooty's tea gardens offer a refreshing experience among rolling green hills and aromatic tea plantations. Visitors can explore tea estates, learn about tea processing, and enjoy scenic mountain views.",,,2-3 Hours,10-15 km from Ooty town,"Nilgiri Tea Estates, Ooty, Tamil Nadu",Nature,October to June,Budget,Easy,tea,Green tea plantations,Tea tasting experience,Mountain photography,,Visit during morning hours,Buy authentic Nilgiri tea products,,,
6a5bcdeefbc925e6fcc12fcb,6a58fcbb9cb1d3777c9a6a76,Kodaikanal Pine Forest Walk,Experience a peaceful walk among tall pine trees.,The Pine Forest area of Kodaikanal is a beautiful natural attraction offering peaceful walking trails and excellent photography opportunities. The tall trees create a magical atmosphere for visitors.,,,1-2 Hours,6 km from Kodaikanal town,"Pine Forest, Kodaikanal",Nature,October to June,Free,Easy,forest,Tall pine trees,Nature photography,Peaceful forest trail,,Wear comfortable shoes,Avoid littering in forest areas,,,
6a5bcdeefbc925e6fcc12fcd,6a58fcd99cb1d3777c9a6a78,East Coast Road Scenic Drive,Enjoy a beautiful coastal road journey from Chennai.,"The East Coast Road offers a memorable travel experience with sea views, beaches, heritage sites, and scenic landscapes. It is one of Tamil Nadu's most popular road trip routes.",,,5-6 Hours,Multiple coastal locations,"East Coast Road, Chennai",Adventure,November to February,Moderate,Easy,road,Coastal highway views,Beach stops,Road trip experience,,Start early morning,Plan fuel and food stops,,,
6a5bce18fbc925e6fcc12fcf,6a58fcd99cb1d3777c9a6a78,San Thome Basilica Heritage Visit,Explore one of India's most important Christian pilgrimage landmarks.,"San Thome Basilica is a historic church built over the tomb of Saint Thomas, one of the twelve apostles of Jesus Christ. The beautiful white architecture and peaceful atmosphere attract visitors from around the world.",,,1-2 Hours,8 km from Chennai Central,"San Thome, Chennai, Tamil Nadu",Religious,November to February,Free,Easy,church,Historic Christian pilgrimage site,Beautiful Gothic architecture,Spiritual atmosphere,,Maintain silence inside church,Visit during peaceful hours,,,
6a5bce18fbc925e6fcc12fd1,6a58fcd99cb1d3777c9a6a78,Cholamandal Artists Village Experience,"Discover modern art, galleries, and creative culture near Chennai.","Cholamandal Artists' Village is one of India's largest artist communities featuring galleries, sculptures, and creative spaces. Visitors can explore contemporary Indian art and cultural expressions.",,,2 Hours,9 km from Chennai city,"Injambakkam, Chennai",Heritage,November to February,Budget,Easy,art,Indian contemporary art,Artist community,Unique cultural experience,,Check gallery timings,Respect artwork displays,,,
6a5bce18fbc925e6fcc12fd0,6a58fcd99cb1d3777c9a6a78,Guindy National Park Nature Trail,Experience wildlife and greenery inside Chennai city.,"Guindy National Park is a unique urban wildlife destination featuring forests, deer, birds, and natural habitats. It provides visitors a refreshing nature experience within the city.",,,2-3 Hours,8 km from Chennai city center,"Guindy, Chennai, Tamil Nadu",Wildlife,November to February,Budget,Easy,deer,Urban wildlife experience,Bird watching,Forest environment,,Visit early morning,Follow park guidelines,,,
6a5bce2efbc925e6fcc12fd3,6a58fcd99cb1d3777c9a6a78,Valluvar Kottam Cultural Landmark Visit,Explore Chennai's monument dedicated to Tamil poet Thiruvalluvar.,"Valluvar Kottam is a cultural monument celebrating the famous Tamil poet and philosopher Thiruvalluvar. The structure showcases Tamil literature, traditional architecture, and historical significance.",,,1-2 Hours,5 km from Chennai Central,"Nungambakkam, Chennai, Tamil Nadu",Heritage,November to February,Budget,Easy,monument,Tamil cultural heritage,Unique stone architecture,Historical monument,,Visit during morning hours,Carry camera for architecture photography,,,
6a5bce2efbc925e6fcc12fd4,6a58fcd99cb1d3777c9a6a78,Kalakshetra Foundation Cultural Experience,"Experience traditional Indian dance, music, and arts.","Kalakshetra Foundation is a renowned cultural institution dedicated to preserving Indian classical arts. Visitors can experience traditional dance performances, music, crafts, and South Indian artistic traditions.",,,2-3 Hours,10 km from Chennai city,"Adyar, Chennai",Heritage,November to March,Moderate,Easy,dance,Classical dance traditions,Cultural performances,Traditional art forms,,Check event schedules before visiting,Maintain peaceful environment,,,
6a5bce2efbc925e6fcc12fd5,6a58fcd99cb1d3777c9a6a78,Besant Nagar Beach Evening Walk,Enjoy a relaxing coastal evening with local food and sea views.,"Besant Nagar Beach, also known as Elliot's Beach, offers a peaceful seaside experience with walking paths, cafes, and beautiful sunset views. It is a favorite evening destination among locals and travelers.",,,2-3 Hours,12 km from Chennai Central,"Besant Nagar, Chennai",Beach,November to February,Free,Easy,beach,Sunset views,Relaxing beach walk,Local street food,,Visit after sunset hours,Keep beach clean,,,
6a5bce4efbc925e6fcc12fd8,6a58fcd99cb1d3777c9a6a78,Chennai Street Food Experience,Taste authentic South Indian flavors across Chennai streets.,"Chennai's food culture offers a delicious journey through traditional South Indian dishes, filter coffee, seafood, and local snacks. Exploring street food markets provides a unique cultural experience.",,,3-4 Hours,Various locations in Chennai,"Mylapore, T Nagar, Marina area",Heritage,Evening hours,Budget,Easy,food,Authentic Tamil cuisine,Local food markets,Traditional flavors,,Choose clean food stalls,Try local specialties,,,
6a5bce4efbc925e6fcc12fd7,6a58fcd99cb1d3777c9a6a78,Arignar Anna Zoological Park Safari,Explore one of India's largest zoological parks with diverse wildlife.,"Arignar Anna Zoological Park, popularly known as Vandalur Zoo, offers an exciting wildlife experience with lions, elephants, deer, birds, reptiles, and safari zones. It is a popular destination for families and wildlife enthusiasts.",,,4-5 Hours,35 km from Chennai city,"Vandalur, Chennai, Tamil Nadu",Wildlife,November to February,Budget,Easy,zoo,Large wildlife park,Lion safari experience,Animal conservation center,,Wear comfortable walking shoes,Carry water during summer,,,
6a5bce4efbc925e6fcc12fd9,6a58fcbb9cb1d3777c9a6a78,Chennai Lighthouse Viewpoint,Enjoy panoramic views of Marina coastline from the lighthouse.,The Chennai Lighthouse provides a beautiful viewpoint overlooking Marina Beach and the Bay of Bengal. Visitors can enjoy coastal scenery and learn about maritime history.,,,1 Hour,Near Marina Beach,"Marina Beach, Chennai",Photography,November to February,Budget,Easy,lighthouse,Sea views,Coastal photography,Maritime heritage,,Visit during clear weather,Avoid crowded afternoon hours,,,
6a5bce6afbc925e6fcc12fdd,6a58fcd99cb1d3777c9a6a78,Covelong Beach Adventure,Enjoy surfing and coastal activities near Chennai.,"Covelong Beach is a popular coastal destination offering surfing, water activities, and peaceful seaside experiences. It combines traditional fishing village culture with modern beach activities.",,,3-4 Hours,40 km from Chennai,"Covelong Beach, Tamil Nadu",Beach,November to March,Moderate,Moderate,surf,Surfing experience,Coastal village atmosphere,Beach photography,,Learn surfing with instructors,Check sea conditions before activities,,,
6a5bce6afbc925e6fcc12fdc,6a58fcd99cb1d3777c9a6a78,Pulicat Lake Bird Watching,Discover migratory birds around one of South India's largest lagoons.,"Pulicat Lake near Chennai is a beautiful wetland destination famous for migratory birds, especially flamingos. The peaceful lake environment offers excellent opportunities for nature lovers and photographers.",https://res.cloudinary.com/ddjehdwgu/image/upload/v1784525650/travelbharat/ptyldn8wqwghpoecebkw.jpg,travelbharat/ptyldn8wqwghpoecebkw,3-4 Hours,60 km from Chennai,"Pulicat Lake, Tamil Nadu",Wildlife,November to February,Budget,Easy,false,Flamingo sightings,Wetland ecosystem,Bird photography,,Carry binoculars,Visit during early morning,2026-07-20T05:34:11.082Z,,
6a5bce6afbc925e6fcc12fdb,6a58fcd99cb1d3777c9a6a78,Mylapore Heritage Street Walk,Explore Chennai's oldest cultural neighborhood filled with temples and traditions.,"Mylapore offers an authentic Chennai heritage experience with ancient temples, traditional houses, markets, music, and cultural landmarks. Walking through its streets reveals the city's deep Tamil roots.",,,2-3 Hours,Within Chennai city,"Mylapore, Chennai, Tamil Nadu",Heritage,November to February,Budget,Easy,walking,Traditional Tamil culture,Historic streets,Ancient temples,,Visit early morning,Respect local traditions,,,
6a5bce99fbc925e6fcc12fe0,6a58fc899cb1d3777c9a6a74,Ooty Rose Garden Experience,Explore one of India's largest rose gardens with colorful flower collections.,The Ooty Rose Garden features thousands of varieties of roses spread across beautifully maintained terraces. It is a popular attraction for nature lovers and photography enthusiasts.,,,1-2 Hours,2 km from Ooty town,"Government Rose Garden, Ooty",Nature,March to June,Budget,Easy,flower,Thousands of rose varieties,Beautiful garden views,Flower photography,,Visit during flowering season,Avoid peak afternoon hours,,,
6a5bce99fbc925e6fcc12fe1,6a58fc899cb1d3777c9a6a74,Coonoor Day Trip Experience,"Explore tea gardens, viewpoints, and peaceful hill landscapes near Ooty.","Coonoor offers a quieter hill station experience with tea estates, waterfalls, viewpoints, and colonial charm. A day trip from Ooty provides beautiful nature and cultural experiences.",,,Full Day,20 km from Ooty,"Coonoor, Nilgiris, Tamil Nadu",Nature,October to June,Moderate,Easy,mountain,Tea plantations,Mountain viewpoints,Peaceful hill environment,,Plan multiple stops,Carry warm clothing,,,
6a5bce99fbc925e6fcc12fdf,6a58fc899cb1d3777c9a6a74,Nilgiri Mountain Railway Photography Experience,Capture the beauty of the historic toy train journey through mountains.,"The Nilgiri Mountain Railway offers one of India's most scenic railway experiences. Photographers can capture steam locomotives, mountain bridges, tunnels, forests, and mist-covered valleys along the route.",,,3-5 Hours,Ooty to Coonoor route,"Nilgiri Mountain Railway, Tamil Nadu",Photography,October to June,Moderate,Easy,camera,UNESCO heritage railway,Mountain landscapes,Historic train photography,,Reserve window seats,Carry extra camera batteries,,,
6a5bce99fbc925e6fcc12fe2,6a58fcbb9cb1d3777c9a6a76,Berijam Lake Nature Experience,Explore a peaceful forest lake surrounded by Kodaikanal hills.,"Berijam Lake is a beautiful protected forest area known for its clear waters, wildlife, and peaceful surroundings. Visitors can enjoy scenic views and connect with nature away from city crowds.",,,3-4 Hours,24 km from Kodaikanal town,"Berijam Lake, Kodaikanal",Nature,April to June,Budget,Easy,lake,Forest lake scenery,Wildlife spotting,Peaceful environment,,Entry permission may be required,Follow forest regulations,,,
6a5bce99fbc925e6fcc12fe3,6a58fcbb9cb1d3777c9a6a76,Dolphin's Nose Viewpoint Visit,Enjoy panoramic valley views from a famous Kodaikanal viewpoint.,"Dolphin's Nose is a popular viewpoint offering breathtaking views of valleys, mountains, and distant landscapes. The short trek to the viewpoint adds an adventurous touch to the experience.",,,2 Hours,8 km from Kodaikanal town,"Dolphin's Nose, Kodaikanal",Adventure,October to June,Free,Moderate,hiking,Valley panorama,Short trekking route,Mountain photography,,Wear proper walking shoes,Avoid during heavy rain,,,
6a5bcec1fbc925e6fcc12fe9,6a58fcd99cb1d3777c9a6a78,Adyar Eco Park Nature Walk,Enjoy greenery and peaceful surroundings inside Chennai city.,"Adyar Eco Park is a restored natural ecosystem offering walking paths, water views, and biodiversity experiences. It provides a refreshing escape from the busy city environment.",,,1-2 Hours,8 km from Chennai center,"Adyar, Chennai",Nature,November to February,Budget,Easy,leaf,Urban nature escape,Bird watching,Eco conservation,,Follow park timings,Avoid disturbing wildlife,,,
6a5bcec1fbc925e6fcc12fe5,6a58fcbb9cb1d3777c9a6a76,Kurinji Andavar Temple Visit,Experience a peaceful hilltop temple surrounded by Kodaikanal beauty.,Kurinji Andavar Temple is a famous Murugan temple located on a hilltop in Kodaikanal. The temple is known for its spiritual importance and beautiful views of the surrounding hills and valleys.,,,1-2 Hours,3 km from Kodaikanal town,"Kurinji Andavar Temple, Kodaikanal",Religious,April to June,Free,Easy,temple,Hilltop temple,Murugan worship experience,Mountain views,,Dress respectfully,Visit during morning hours,,,
6a5bcec1fbc925e6fcc12fe8,6a58fcd99cb1d3777c9a6a78,MGR Film City Experience,Discover a unique entertainment and film heritage attraction in Chennai.,"MGR Film City offers visitors a glimpse into Tamil cinema culture with sets, studios, and creative spaces. It is an interesting destination for movie lovers and families.",,,2-3 Hours,25 km from Chennai city,"Taramani, Chennai",Heritage,November to February,Moderate,Easy,film,Tamil cinema culture,Film sets,Entertainment experience,,Check opening schedule,Plan enough time for exploration,,,
6a5bcec1fbc925e6fcc12fe7,6a58fcbb9cb1d3777c9a6a76,Kodaikanal Adventure Trekking Experience,Explore hidden trails and natural landscapes around the hills.,"Kodaikanal offers several trekking routes through forests, valleys, and mountain paths. Trekking provides travelers with opportunities to discover untouched nature and scenic viewpoints.",,,4-6 Hours,Various trekking trails,"Kodaikanal Hills, Tamil Nadu",Adventure,October to May,Moderate,Moderate,hiking,Forest trekking,Hidden viewpoints,Nature exploration,,Hire local guides,Carry water and snacks,,,
6a5bcec1fbc925e6fcc12fe6,6a58fcbb9cb1d3777c9a6a76,Moir Point Scenic View,Enjoy panoramic views of valleys and forests from a historic viewpoint.,"Moir Point is one of Kodaikanal's popular viewpoints offering spectacular views of mountains, forests, and winding roads. It is a peaceful stop for travelers exploring the hill station.",,,1 Hour,10 km from Kodaikanal town,"Moir Point, Kodaikanal",Photography,October to June,Budget,Easy,camera,Valley views,Mountain photography,Scenic viewpoint,,Visit on clear days,Carry a light jacket,,,
6a5bcedffbc925e6fcc12feb,6a58fcd99cb1d3777c9a6a78,Birla Planetarium Chennai Experience,Explore astronomy and space science through interactive shows.,"The Birla Planetarium in Chennai offers an educational experience with astronomy presentations, space exhibitions, and scientific displays. It is a popular attraction for students, families, and science enthusiasts.",,,2 Hours,Within Chennai city,"Kotturpuram, Chennai, Tamil Nadu",Education,Throughout the year,Budget,Easy,planet,Astronomy shows,Space exhibitions,Family-friendly attraction,,Check show timings before visiting,Reach early for tickets,,,
6a5bcedffbc925e6fcc12fed,6a58fcd99cb1d3777c9a6a78,Parthasarathy Temple Heritage Experience,Discover an ancient Vishnu temple showcasing Tamil heritage.,"Parthasarathy Temple in Triplicane is one of Chennai's oldest temples, known for its Dravidian architecture, religious traditions, and historical importance. It offers a deep cultural and spiritual experience.",,,1-2 Hours,5 km from Chennai Central,"Triplicane, Chennai",Religious,October to March,Free,Easy,temple,Ancient Vishnu temple,Dravidian architecture,Traditional rituals,,Follow temple customs,Avoid crowded festival times if preferred,,,
6a5bcedffbc925e6fcc12fef,6a58fc899cb1d3777c9a6a74,Avalanche Lake Outdoor Adventure,Explore a beautiful forest lake surrounded by Nilgiri mountains.,"Avalanche Lake offers a pristine natural experience with forests, streams, and mountain scenery. The area is popular for nature walks, photography, and peaceful outdoor activities.",,,3-4 Hours,28 km from Ooty,"Avalanche Lake, Nilgiris",Adventure,October to June,Moderate,Moderate,camp,Untouched natural beauty,Forest landscapes,Outdoor exploration,,Follow forest permissions,Carry warm clothing,,,
6a5bcedffbc925e6fcc12fec,6a58fcd99cb1d3777c9a6a78,Semmozhi Poonga Garden Walk,Relax in a beautifully landscaped botanical garden in Chennai.,"Semmozhi Poonga is a modern botanical garden featuring rare plants, landscaped areas, fountains, and peaceful walking paths. It is a refreshing green escape in the middle of Chennai city.",,,1-2 Hours,Within Chennai city,"Cathedral Road, Chennai",Nature,November to February,Budget,Easy,garden,Rare plant species,Beautiful landscapes,Relaxing environment,,Visit during morning or evening,Carry camera for photography,,,
6a5bcedffbc925e6fcc12fee,6a58fc899cb1d3777c9a6a74,Emerald Lake Ooty Nature Escape,Experience a peaceful lake surrounded by untouched Nilgiri landscapes.,"Emerald Lake near Ooty is a hidden gem offering calm waters, green hills, and peaceful surroundings. It is ideal for travelers seeking quiet nature experiences away from crowded attractions.",,,2-3 Hours,25 km from Ooty,"Emerald Lake, Nilgiris, Tamil Nadu",Nature,October to June,Free,Easy,lake,Peaceful mountain lake,Bird watching,Scenic photography,,Carry binoculars,Avoid littering around lake,,,
6a5bcef8fbc925e6fcc12ff5,6a58fcd99cb1d3777c9a6a78,Madras War Cemetery Visit,Visit a peaceful memorial site reflecting Chennai's wartime history.,Madras War Cemetery is a beautifully maintained memorial dedicated to soldiers who lost their lives during wars. The peaceful gardens and historical significance make it an important heritage attraction.,,,1 Hour,12 km from Chennai center,"St Thomas Mount, Chennai",Heritage,November to February,Free,Easy,history,Historical memorial,Peaceful surroundings,War heritage,,Maintain respectful behavior,Visit during daytime,,,
6a5bcef8fbc925e6fcc12ff4,6a58fcd99cb1d3777c9a6a78,Chennai Heritage Food Trail,Explore traditional Tamil cuisine and historic food streets.,"The Chennai heritage food trail introduces travelers to authentic Tamil flavors including traditional breakfasts, filter coffee, sweets, and local delicacies. It combines food with cultural exploration.",,,3-4 Hours,Various heritage areas,"Mylapore and Triplicane, Chennai",Heritage,Morning and evening,Budget,Easy,food,Traditional Tamil dishes,Historic food locations,Local culture,,Choose hygienic restaurants,Try seasonal specialties,,,
6a5bcef8fbc925e6fcc12ff1,6a58fc899cb1d3777c9a6a74,Toda Tribal Culture Experience,Discover the unique traditions and lifestyle of Nilgiri's Toda community.,"The Toda tribal villages around Ooty offer visitors a chance to understand the indigenous culture, traditional homes, handicrafts, and lifestyle of the Nilgiri people. It is a meaningful cultural tourism experience.",,,2-3 Hours,10-20 km from Ooty,"Toda Villages, Nilgiris, Tamil Nadu",Heritage,October to June,Budget,Easy,culture,Tribal traditions,Traditional Toda homes,Local handicrafts,,Respect local customs,Ask permission before photography,,,
6a5bcef8fbc925e6fcc12ff2,6a58fc899cb1d3777c9a6a74,Needle Rock Viewpoint Experience,Enjoy panoramic views of valleys and mountains from a scenic viewpoint.,Needle Rock Viewpoint near Ooty provides spectacular views of the Nilgiri hills and surrounding valleys. The viewpoint is less crowded and offers excellent opportunities for landscape photography.,,,1-2 Hours,40 km from Ooty,"Needle Rock Viewpoint, Nilgiris",Photography,October to May,Budget,Easy,view,Panoramic valley views,Mountain photography,Peaceful location,,Visit during clear weather,Carry a camera,,,
6a5bcef8fbc925e6fcc12ff3,6a58fcbb9cb1d3777c9a6a76,Kodaikanal Chocolate Factory Visit,Taste handmade chocolates from famous Kodaikanal producers.,Kodaikanal is famous for homemade chocolates made with unique flavors and traditional methods. Visiting local chocolate shops provides a delicious cultural experience for travelers.,,,1 Hour,Within Kodaikanal town,Kodaikanal Market Area,Local Experience,Throughout the year,Budget,Easy,food,Local chocolate tasting,Handmade products,Shopping experience,,Buy from trusted shops,Try different local flavors,,,
6a5bcf18fbc925e6fcc12ff7,6a58fcd99cb1d3777c9a6a78,East Coast Road Beach Hopping,Explore beautiful beaches and coastal attractions along Chennai's scenic route.,"The East Coast Road offers a memorable coastal journey featuring beaches, fishing villages, resorts, and heritage landmarks. Travelers can enjoy sea views, photography, and relaxing stops along the route.",,,Full Day,40-100 km from Chennai,"East Coast Road, Tamil Nadu",Beach,November to February,Moderate,Easy,beach,Coastal landscapes,Multiple beach stops,Road trip experience,,Start early morning,Carry sunscreen and water,,,
6a5bcf18fbc925e6fcc12ff8,6a58fcd99cb1d3777c9a6a78,Kovalam Fishing Village Experience,Discover traditional coastal life near Chennai.,"Kovalam village offers travelers a glimpse into traditional fishing communities and coastal lifestyles. Visitors can experience local culture, fishing activities, and peaceful seaside surroundings.",,,2-3 Hours,40 km from Chennai,"Kovalam Village, Tamil Nadu",Local Experience,November to March,Free,Easy,fish,Traditional fishing culture,Coastal lifestyle,Village photography,,Respect local communities,Avoid disturbing fishing activities,,,
6a5bcf18fbc925e6fcc12ffa,6a58fc899cb1d3777c9a6a74,Ooty Camping Under The Stars,Enjoy an overnight camping experience in Nilgiri mountains.,"Camping around Ooty provides travelers with an opportunity to experience the peaceful mountain environment, fresh air, starry skies, and outdoor adventure activities.",,,1-2 Days,Various camping locations near Ooty,"Nilgiri Hills, Tamil Nadu",Adventure,October to May,Moderate,Easy,camping,Mountain camping,Night sky views,Outdoor activities,,Choose authorized camps,Carry warm clothes,,,
6a5bcf18fbc925e6fcc12ffb,6a58fcbb9cb1d3777c9a6a78,Ooty Bird Watching Experience,Discover colorful Himalayan and forest birds of Nilgiris.,The forests and gardens around Ooty are home to many bird species. Bird watching provides a peaceful nature experience for photographers and wildlife enthusiasts.,,,2-3 Hours,Various forest areas,Nilgiri Forest Region,Wildlife,October to March,Free,Easy,bird,Bird diversity,Nature observation,Wildlife photography,,Carry binoculars,Avoid loud noises,,,
6a5bcf18fbc925e6fcc12ff9,6a58fc899cb1d3777c9a6a74,Ooty Wax World Museum Visit,Explore wax figures and historical personalities in a hill setting.,"Ooty Wax World Museum displays wax statues of famous personalities from Indian history, culture, and entertainment. It is a fun attraction for families visiting the hill station.",,,1 Hour,2 km from Ooty town,"Ooty, Tamil Nadu",Heritage,Throughout the year,Budget,Easy,museum,Wax statues,Family attraction,Historical personalities,,Check timings before visit,Photography rules may apply,,,
6a5bcf3afbc925e6fcc12fff,6a58fcd99cb1d3777c9a6a78,Chennai Night City Photography,Capture the vibrant lights and urban beauty of Chennai.,"Chennai's landmarks, beaches, streets, and heritage buildings create excellent opportunities for night photography. Travelers can explore the city's unique blend of tradition and modern lifestyle.",,,3-4 Hours,Various city locations,"Marina Beach, Anna Salai, Heritage Areas",Photography,Evening and night,Free,Easy,camera,City lights photography,Urban landscapes,Night atmosphere,,Carry proper camera equipment,Stay aware of surroundings,,,
6a5bcf3afbc925e6fcc13000,6a58fc899cb1d3777c9a6a78,Royapuram Fishing Harbour Experience,Witness Chennai's traditional fishing and coastal activities.,"Royapuram Fishing Harbour provides a unique view of Chennai's maritime lifestyle. Visitors can observe fishing boats, seafood markets, and the daily activities of fishing communities.",,,1-2 Hours,5 km from Chennai Central,"Royapuram, Chennai",Local Experience,Early morning,Free,Easy,ship,Fishing community life,Harbor photography,Coastal culture,,Ask permission before close photography,Visit during morning hours,,,
6a5bcf3afbc925e6fcc13001,6a58fc899cb1d3777c9a6a74,Ooty Tribal Museum Experience,Learn about Nilgiri tribes and their traditional lifestyle.,"The Tribal Museum around Ooty provides insights into the indigenous communities of the Nilgiris, displaying traditional tools, clothing, crafts, and cultural information.",,,1-2 Hours,Near Ooty region,"Nilgiri Tribal Areas, Tamil Nadu",Heritage,October to June,Budget,Easy,museum,Tribal heritage,Traditional artifacts,Cultural learning,,Respect tribal culture,Follow museum guidelines,,,
6a5bcf3afbc925e6fcc12ffd,6a58fcd99cb1d3777c9a6a78,Chennai Art Gallery Experience,"Explore paintings, sculptures, and Indian artistic heritage.","Chennai's art galleries showcase traditional and modern Indian artworks including paintings, sculptures, and cultural collections. The experience offers travelers insight into the city's creative heritage.",,,2 Hours,Within Chennai city,"Government Museum Art Gallery, Chennai",Heritage,November to February,Budget,Easy,palette,Indian artwork collections,Cultural exploration,Historical paintings,,Follow gallery rules,Check photography permissions,,,
6a5bcf3afbc925e6fcc12ffe,6a58fcd99cb1d3777c9a6a78,Theosophical Society Garden Walk,Enjoy a peaceful nature walk inside a historic green sanctuary.,"The Theosophical Society campus in Adyar offers a calm environment with ancient trees, gardens, and historical buildings. It is a peaceful place for nature lovers and those seeking quiet moments.",,,1-2 Hours,10 km from Chennai center,"Adyar, Chennai",Nature,November to February,Free,Easy,tree,Green heritage space,Peaceful walking trails,Ancient trees,,Maintain silence,Check visitor timings,,,
6a5bcf67fbc925e6fcc13004,6a58fcd99cb1d3777c9a6a78,Kasimedu Beach Sunrise Experience,Witness sunrise and fishing activities along Chennai's coast.,"Kasimedu Beach offers a unique coastal experience with fishing boats, fishermen, and beautiful sunrise views. It provides an authentic glimpse into Chennai's maritime lifestyle.",,,1-2 Hours,8 km from Chennai Central,"Kasimedu, Chennai",Beach,Early morning,Free,Easy,sunrise,Fishing harbor views,Sunrise photography,Local coastal culture,,Visit before sunrise,Respect fishermen activities,,,
6a5bcf67fbc925e6fcc13003,6a58fc899cb1d3777c9a6a78,Chennai Rail Museum Experience,Explore vintage trains and railway heritage collections.,"The Regional Railway Museum in Chennai showcases historic locomotives, vintage coaches, railway artifacts, and interactive displays. It offers an interesting heritage experience for families and train enthusiasts.",,,2-3 Hours,12 km from Chennai city center,"Villivakkam, Chennai",Heritage,Throughout the year,Budget,Easy,train,Vintage railway collections,Historic locomotives,Family attraction,,Visit during morning hours,Check museum timings,,,
6a5bcf67fbc925e6fcc13005,6a58fcd99cb1d3777c9a6a78,Anna Centenary Library Visit,Explore one of Asia's largest modern libraries.,"Anna Centenary Library is a modern architectural landmark in Chennai featuring extensive book collections, peaceful reading spaces, and educational resources. It is an ideal destination for knowledge seekers.",,,1-2 Hours,8 km from Chennai Central,"Kotturpuram, Chennai",Heritage,Throughout the year,Free,Easy,book,Modern architecture,Large book collection,Educational environment,,Maintain library discipline,Carry identification if required,,,
6a5bcf67fbc925e6fcc13007,6a58fcbb9cb1d3777c9a6a76,Kodaikanal Observatory Experience,Discover astronomy and scientific heritage in the hills.,The Kodaikanal Solar Observatory is a historic scientific center known for solar research. Visitors can learn about astronomy and enjoy the peaceful hill environment surrounding the observatory.,,,1-2 Hours,4 km from Kodaikanal town,Kodaikanal Solar Observatory,Education,April to June,Budget,Easy,telescope,Solar research center,Scientific heritage,Mountain location,,Check visiting schedule,Follow observatory rules,,,
6a5bcf67fbc925e6fcc13006,6a58fc899cb1d3777c9a6a74,Ooty Horse Riding Experience,Enjoy a fun horseback ride through scenic hill landscapes.,Horse riding in Ooty provides a memorable outdoor activity surrounded by cool mountain weather and beautiful scenery. It is suitable for families and adventure seekers.,,,30-60 Minutes,Within Ooty town,"Ooty Horse Riding Areas, Tamil Nadu",Adventure,October to June,Moderate,Easy,horse,Mountain riding experience,Family activity,Scenic surroundings,,Follow instructor guidance,Wear comfortable clothing,,,
6a5bcf7efbc925e6fcc1300d,6a58fcd99cb1d3777c9a6a78,Chennai Cycling Heritage Tour,Explore Chennai landmarks on a guided cycling route.,"A cycling tour through Chennai offers a unique way to discover heritage buildings, temples, beaches, and local neighborhoods while experiencing the city's culture at a slower pace.",,,3-4 Hours,Various city routes,Heritage areas of Chennai,Adventure,November to February,Moderate,Easy,bicycle,City exploration,Heritage landmarks,Active travel experience,,Start early morning,Carry water,,,
6a5bcf7efbc925e6fcc1300c,6a58fcd99cb1d3777c9a6a78,Chennai Book Fair Experience,Explore Tamil literature and cultural events through books.,"The Chennai Book Fair is a major literary event showcasing Tamil, English, and Indian literature. Visitors can explore books, author sessions, and cultural programs.",,,2-4 Hours,Various event locations,"Chennai, Tamil Nadu",Culture,January,Budget,Easy,book,Literary exhibitions,Cultural programs,Book collections,,Check event dates,Carry a shopping bag for books,,,
6a5bcf7efbc925e6fcc1300b,6a58fcbb9cb1d3777c9a6a76,Silent Valley View Kodaikanal,Enjoy peaceful valley views surrounded by misty mountains.,"Silent Valley View Point provides travelers with breathtaking views of deep valleys, forests, and mist-covered mountains. It is an ideal location for relaxation and landscape photography.",,,1 Hour,10 km from Kodaikanal town,"Silent Valley View Point, Kodaikanal",Photography,October to June,Free,Easy,view,Misty valley views,Nature photography,Peaceful atmosphere,,Visit during clear weather,Carry warm clothing,,,
6a5bcf7efbc925e6fcc1300a,6a58fcbb9cb1d3777c9a6a76,Manavannur Sheep Farm Visit,Enjoy a peaceful countryside experience near Kodaikanal.,"Manavannur Sheep Farm is a scenic agricultural destination surrounded by green hills and grasslands. Visitors can enjoy nature walks, farm views, and a quiet rural atmosphere.",,,2 Hours,35 km from Kodaikanal,"Manavannur, Kodaikanal",Nature,October to June,Budget,Easy,farm,Green grasslands,Rural landscape,Family-friendly attraction,,Visit during daytime,Avoid disturbing animals,,,
6a5bcf7efbc925e6fcc13009,6a58fcbb9cb1d3777c9a6a76,Poombarai Village Cultural Experience,Explore a charming traditional village surrounded by Kodaikanal hills.,"Poombarai is a beautiful hill village near Kodaikanal known for terraced farming, traditional houses, peaceful landscapes, and local culture. The village offers an authentic rural travel experience.",,,2-3 Hours,18 km from Kodaikanal town,"Poombarai Village, Kodaikanal",Heritage,October to June,Budget,Easy,village,Traditional hill village,Terrace farming views,Local lifestyle,,Respect village communities,Carry a camera for landscapes,,,
6a5bcf9afbc925e6fcc1300f,6a58fcd99cb1d3777c9a6a78,Chennai Music Festival Experience,Experience traditional Carnatic music performances in Chennai.,"The Chennai Music Festival, also known as the Margazhi Festival, celebrates South Indian classical music and dance. Visitors can attend performances by renowned artists and experience Tamil cultural traditions.",,,3-4 Hours,Various venues across Chennai,"Mylapore and cultural halls, Chennai",Culture,December to January,Budget,Easy,music,Carnatic music performances,Traditional dance shows,Cultural celebration,,Book popular events early,Maintain silence during performances,,,
6a5bcf9afbc925e6fcc13010,6a58fcd99cb1d3777c9a6a78,Madras Crocodile Bank Visit,Explore reptiles and conservation efforts near Chennai.,"The Madras Crocodile Bank is a famous reptile conservation center featuring crocodiles, snakes, turtles, and educational programs. It provides an interesting wildlife experience for visitors.",,,2-3 Hours,40 km from Chennai,"East Coast Road, Tamil Nadu",Wildlife,November to February,Budget,Easy,crocodile,Reptile conservation,Wildlife education,Family attraction,,Follow safety guidelines,Visit during feeding sessions if available,,,
6a5bcf9afbc925e6fcc13013,6a58fc899cb1d3777c9a6a74,Tea Museum Ooty Experience,Learn about Nilgiri tea history and production.,"The Tea Museum in Ooty showcases the history of tea cultivation, processing methods, and traditional equipment. Visitors can learn about the journey of tea from plantation to cup.",,,1-2 Hours,5 km from Ooty town,"Doddabetta Road, Ooty",Heritage,October to June,Budget,Easy,tea,Tea production history,Tea tasting,Nilgiri culture,,Buy fresh tea products,Visit during working hours,,,
6a5bcf9afbc925e6fcc13011,6a58fc899cb1d3777c9a6a78,Chennai Photography Heritage Walk,"Capture colonial buildings, temples, and cultural streets.","A heritage photography walk through Chennai reveals colonial architecture, ancient temples, traditional markets, and local street life. It is perfect for travelers interested in visual storytelling.",,,3-4 Hours,Various heritage locations,"George Town, Mylapore, Fort Area",Photography,Early morning,Free,Easy,camera,Historic architecture,Street photography,Cultural scenes,,Ask permission for portraits,Carry comfortable shoes,,,
6a5bcf9afbc925e6fcc13012,6a58fc899cb1d3777c9a6a74,Pine Forest Ooty Picnic Experience,Enjoy a relaxing picnic surrounded by tall pine trees.,"The pine forests around Ooty provide a peaceful setting for nature walks, photography, and family picnics. The cool climate and scenic environment make it a popular hill experience.",,,2-3 Hours,6 km from Ooty town,"Pine Forest, Ooty",Nature,October to June,Budget,Easy,forest,Tall pine trees,Peaceful picnic spot,Nature photography,,Avoid littering,Carry food and water,,,
6a5bcfb3fbc925e6fcc13017,6a58fc899cb1d3777c9a6a74,Ooty Lake Boating Experience,Enjoy boating and leisure activities at the famous hill lake.,"Ooty Lake is a popular attraction surrounded by eucalyptus trees and mountain scenery. Visitors can enjoy boating, cycling, and relaxing moments beside the water.",,,1-2 Hours,2 km from Ooty town,"Ooty Lake, Tamil Nadu",Nature,October to June,Moderate,Easy,boat,Lake boating,Mountain scenery,Family attraction,,Avoid crowded weekends,Carry a light jacket,,,
6a5bcfb3fbc925e6fcc13018,6a58fcbb9cb1d3777c9a6a74,Cairn Hill Forest Nature Walk,Explore a peaceful forest trail near Ooty.,"Cairn Hill Forest offers a quiet nature experience with tall trees, walking paths, and beautiful surroundings. It is ideal for travelers looking for a less crowded natural attraction.",,,1-2 Hours,3 km from Ooty,"Cairn Hill, Ooty",Nature,October to June,Free,Easy,forest,Peaceful forest trail,Bird watching,Nature photography,,Avoid isolated areas alone,Carry water,,,
6a5bcfb3fbc925e6fcc13015,6a58fc899cb1d3777c9a6a74,Doddabetta Peak Sunrise Experience,Watch breathtaking sunrise views from the highest peak of Nilgiris.,"Doddabetta Peak is the highest mountain point in the Nilgiri Hills and offers spectacular panoramic views of valleys, forests, and surrounding mountains. Sunrise from the peak is a memorable photography experience.",,,2-3 Hours,10 km from Ooty town,"Doddabetta Peak, Ooty",Adventure,October to June,Budget,Easy,mountain,Highest Nilgiri viewpoint,Sunrise photography,Mountain panorama,,Visit early morning,Carry warm clothes,,,
6a5bcfb3fbc925e6fcc13019,6a58fcbb9cb1d3777c9a6a76,Pillar Rocks Viewpoint Experience,Admire massive rock formations and beautiful valley views.,Pillar Rocks is one of Kodaikanal's most famous viewpoints featuring three giant granite pillars surrounded by misty hills and deep valleys. It is a favorite spot for photographers and nature lovers.,,,1 Hour,8 km from Kodaikanal town,"Pillar Rocks, Kodaikanal",Photography,October to June,Budget,Easy,mountain,Unique rock formations,Valley views,Nature photography,,Visit during clear weather,Carry rain protection during monsoon,,,
6a5bcfb3fbc925e6fcc13016,6a58fc899cb1d3777c9a6a74,Tea Plantation Walking Tour,Walk through beautiful tea gardens and learn plantation culture.,The tea estates around Ooty provide visitors with scenic walking experiences through green plantations. Travelers can learn about tea cultivation while enjoying fresh mountain air and beautiful landscapes.,,,2-3 Hours,Various tea estates near Ooty,Nilgiri Tea Plantations,Nature,October to June,Budget,Easy,leaf,Green tea gardens,Plantation lifestyle,Landscape photography,,Wear comfortable shoes,Respect private plantation areas,,,
6a5bcfcffbc925e6fcc1301f,6a58fcd99cb1d3777c9a6a78,Fort St. George Heritage Tour,Explore Chennai's colonial history through an iconic fort.,"Fort St. George is a historic British-era fort that played an important role in Chennai's development. Visitors can explore museums, colonial buildings, and historical collections.",,,2-3 Hours,3 km from Chennai Central,"Fort St. George, Chennai",Heritage,November to February,Budget,Easy,fort,Colonial architecture,Historical museum,British heritage,,Carry valid ID,Follow security instructions,,,
6a5bcfcffbc925e6fcc1301c,6a58fcbb9cb1d3777c9a6a76,Coaker's Walk Sunset Experience,Enjoy beautiful sunset views from a scenic mountain pathway.,"Coaker's Walk is a charming walking path offering panoramic views of valleys, mountains, and distant plains. It is one of Kodaikanal's most popular places for peaceful walks and photography.",,,1-2 Hours,1 km from Kodaikanal town,"Coaker's Walk, Kodaikanal",Photography,October to June,Budget,Easy,walk,Valley panorama,Sunset views,Peaceful walking trail,,Visit during evening,Carry a jacket,,,
6a5bcfcffbc925e6fcc1301d,6a58fcbb9cb1d3777c9a6a76,Kodaikanal Lake Cycling Experience,Enjoy cycling around the beautiful star-shaped lake.,"Cycling around Kodaikanal Lake is a relaxing activity where travelers can enjoy mountain views, fresh air, and the peaceful atmosphere of the hill station.",,,1-2 Hours,Within Kodaikanal town,Kodaikanal Lake,Adventure,October to June,Budget,Easy,bicycle,Lake surroundings,Outdoor activity,Family-friendly experience,,Follow cycling paths,Avoid peak traffic hours,,,
6a5bcfcffbc925e6fcc1301e,6a58fcd99cb1d3777c9a6a78,Chennai Marina Beach Morning Walk,Experience India's famous urban beach during peaceful morning hours.,"Marina Beach offers a refreshing coastal experience with long sandy shores, sunrise views, local activities, and Chennai's vibrant seaside atmosphere.",,,1-2 Hours,5 km from Chennai Central,"Marina Beach, Chennai",Beach,November to February,Free,Easy,beach,Sunrise views,Long coastline,Local beach culture,,Visit early morning,Avoid swimming in restricted areas,,,
6a5bcfcffbc925e6fcc1301b,6a58fcbb9cb1d3777c9a6a76,Guna Cave Adventure Experience,Explore the mysterious caves surrounded by dense forests.,"Guna Cave, also known as Devil's Kitchen, is a famous natural attraction in Kodaikanal surrounded by pine forests and dramatic rock formations. The location offers an adventurous sightseeing experience.",,,1-2 Hours,8 km from Kodaikanal town,"Guna Cave, Kodaikanal",Adventure,October to June,Budget,Moderate,cave,Historic cave attraction,Dense pine forests,Adventure photography,,Stay within marked areas,Wear comfortable shoes,,,
6a5bcfedfbc925e6fcc13025,6a58fc899cb1d3777c9a6a74,Doddabetta Tea Factory Experience,Learn how famous Nilgiri tea is processed.,The Doddabetta Tea Factory allows visitors to understand tea production methods from fresh leaves to finished products. It also offers beautiful views of surrounding plantations.,,,1-2 Hours,10 km from Ooty town,"Doddabetta Road, Ooty",Local Experience,October to June,Budget,Easy,tea,Tea processing tour,Tea tasting,Plantation views,,Buy authentic Nilgiri tea,Visit during factory hours,,,
6a5bcfedfbc925e6fcc13023,6a58fcd99cb1d3777c9a6a78,Kapaleeshwarar Temple Cultural Experience,Visit Chennai's iconic Dravidian-style Shiva temple.,"Kapaleeshwarar Temple in Mylapore is one of Chennai's most famous religious landmarks. The colorful gopuram, traditional rituals, and cultural surroundings create a memorable spiritual experience.",,,1-2 Hours,7 km from Chennai Central,"Mylapore, Chennai",Religious,October to March,Free,Easy,temple,Dravidian architecture,Traditional rituals,Cultural heritage,,Dress modestly,Avoid disturbing worship activities,,,
6a5bcfedfbc925e6fcc13024,6a58fc899cb1d3777c9a6a74,Mudumalai Wildlife Safari from Ooty,Explore forests and wildlife near the Nilgiri hills.,"Mudumalai National Park near Ooty offers exciting wildlife experiences with elephants, deer, birds, and other forest species. Safari rides provide opportunities to explore the natural ecosystem.",,,Full Day,50 km from Ooty,"Mudumalai National Park, Tamil Nadu",Wildlife,October to May,Moderate,Easy,wildlife,Forest safari,Wildlife spotting,Nature exploration,,Book safari in advance,Do not feed animals,,,
6a5bcfedfbc925e6fcc13022,6a58fcd99cb1d3777c9a6a78,George Town Bazaar Walking Tour,Experience Chennai's oldest market streets and local lifestyle.,"George Town offers a vibrant heritage walk through historic streets, traditional shops, wholesale markets, and colonial-era buildings. It provides an authentic glimpse of old Chennai.",,,3 Hours,2 km from Chennai Central,"George Town, Chennai",Heritage,November to February,Budget,Easy,market,Old Chennai streets,Local shopping,Colonial architecture,,Visit during morning,Keep belongings safe in crowded areas,,,
6a5bcfedfbc925e6fcc13021,6a58fcd99cb1d3777c9a6a78,Government Museum Chennai Visit,"Discover ancient artifacts, art collections, and South Indian history.","The Government Museum Chennai is one of India's oldest museums featuring archaeological objects, bronze sculptures, paintings, natural history collections, and cultural treasures from Tamil Nadu.",,,2-3 Hours,3 km from Chennai Central,"Egmore, Chennai",Heritage,November to February,Budget,Easy,museum,Ancient artifacts,Chola bronze collection,Historical galleries,,Keep enough time for galleries,Check photography rules,,,
6a5bd009fbc925e6fcc1302b,6a58fc899cb1d3777c9a6a74,Ooty Thread Garden Visit,Discover unique handmade artificial flower artwork.,Thread Garden in Ooty showcases thousands of handmade flowers created using colorful threads and artistic techniques. It is a unique attraction for visitors interested in creativity and craftsmanship.,,,1 Hour,2 km from Ooty town,Near Ooty Lake,Art,Throughout the year,Budget,Easy,art,Handcrafted flowers,Unique artwork,Creative experience,,Do not touch displays,Photography rules may apply,,,
6a5bd009fbc925e6fcc13028,6a58fcd99cb1d3777c9a6a78,Muttukadu Boating Experience,Enjoy boating and water activities near Chennai's coast.,"Muttukadu Boat House is a popular weekend destination offering boating, kayaking, and water activities surrounded by beautiful backwater scenery.",,,2-3 Hours,36 km from Chennai,"Muttukadu, Tamil Nadu",Adventure,November to March,Moderate,Easy,boat,Boating activities,Backwater views,Weekend getaway,,Follow safety instructions,Avoid crowded peak hours,,,
6a5bd009fbc925e6fcc1302a,6a58fc899cb1d3777c9a6a74,Ooty Botanical Garden Exploration,Walk through beautiful gardens featuring rare plants and flowers.,"The Government Botanical Garden in Ooty is one of India's most famous hill gardens featuring exotic plants, colorful flowers, and scenic landscapes. It is a must-visit destination for nature lovers.",,,2-3 Hours,2 km from Ooty town,"Government Botanical Garden, Ooty",Nature,March to June,Budget,Easy,flower,Rare plant collections,Flower displays,Beautiful landscapes,,Visit during flowering season,Wear comfortable footwear,,,
6a5bd009fbc925e6fcc13027,6a58fcd99cb1d3777c9a6a78,Marina Beach Horse Riding Experience,Enjoy a traditional seaside horse riding activity at Chennai's famous beach.,Horse riding along Marina Beach provides visitors with a fun coastal activity while enjoying sea views and the lively atmosphere of Chennai's waterfront.,,,30-60 Minutes,5 km from Chennai Central,"Marina Beach, Chennai",Adventure,November to February,Moderate,Easy,horse,Beach riding experience,Sea views,Family activity,,Follow rider instructions,Choose trained horses,,,
6a5bd009fbc925e6fcc13029,6a58fcd99cb1d3777c9a6a78,Vivekananda House Heritage Visit,Explore the historic building connected with Swami Vivekananda.,"Vivekananda House is a historical landmark where Swami Vivekananda stayed during his visit to Chennai. The museum displays his life, teachings, and spiritual journey.",,,1-2 Hours,5 km from Chennai Central,"Triplicane, Chennai",Heritage,November to February,Budget,Easy,history,Spiritual heritage,Historical exhibitions,Cultural learning,,Maintain peaceful atmosphere,Check visiting hours,,,
6a5bd024fbc925e6fcc1302f,6a58fc899cb1d3777c9a6a76,Dolphin Nose Trekking Trail,Enjoy a short trek leading to stunning mountain viewpoints.,The trekking route to Dolphin's Nose combines adventure with natural beauty. Travelers walk through hill paths and forests before reaching a viewpoint overlooking valleys and mountains.,,,3-4 Hours,8 km from Kodaikanal,"Dolphin's Nose Trail, Kodaikanal",Adventure,October to May,Free,Moderate,trekking,Mountain trekking,Valley views,Nature exploration,,Carry water,Avoid trekking during heavy rain,,,
6a5bd024fbc925e6fcc1302d,6a58fcbb9cb1d3777c9a6a74,Pykara Lake Boating Experience,Enjoy boating in a beautiful lake surrounded by Nilgiri forests.,"Pykara Lake is one of Ooty's most scenic attractions, surrounded by pine forests and mountain landscapes. Visitors can enjoy boat rides while experiencing the peaceful beauty of the Nilgiris.",,,2 Hours,20 km from Ooty town,"Pykara Lake, Nilgiris",Nature,October to June,Moderate,Easy,boat,Scenic lake views,Forest surroundings,Boating experience,,Avoid monsoon storms,Carry warm clothing,,,
6a5bd024fbc925e6fcc1302e,6a58fc899cb1d3777c9a6a74,Pykara Waterfalls Photography,Capture the beauty of cascading waterfalls in Nilgiri hills.,"Pykara Waterfalls offers a refreshing natural experience with flowing streams, rocky landscapes, and forest surroundings. It is a popular photography destination near Ooty.",,,1-2 Hours,20 km from Ooty,"Pykara, Nilgiris",Photography,October to June,Budget,Easy,waterfall,Natural waterfall views,Landscape photography,Forest scenery,,Wear comfortable shoes,Avoid slippery areas,,,
6a5bd024fbc925e6fcc13031,6a58fcd99cb1d3777c9a6a78,Chennai Kalakshetra Performance Experience,Watch authentic Indian classical performances.,"Kalakshetra Foundation preserves Indian classical dance, music, and traditional arts. Visitors can attend performances and experience the richness of South Indian culture.",,,2-3 Hours,10 km from Chennai city,"Adyar, Chennai",Culture,December to March,Moderate,Easy,dance,Bharatanatyam performances,Traditional arts,Cultural heritage,,Check performance schedule,Arrive before starting time,,,
6a5bd024fbc925e6fcc13030,6a58fcbb9cb1d3777c9a6a76,Silver Cascade Waterfall Visit,Experience a beautiful waterfall on the way to Kodaikanal.,Silver Cascade Waterfall is a popular roadside attraction created by the overflow of Kodaikanal Lake. The waterfall offers a refreshing stop surrounded by green hills.,,,30-60 Minutes,8 km from Kodaikanal town,"Silver Cascade Falls, Kodaikanal",Nature,October to June,Free,Easy,waterfall,Beautiful waterfall,Mountain scenery,Photography spot,,Be careful near wet rocks,Avoid swimming,,,
6a5bd044fbc925e6fcc13033,6a58fc899cb1d3777c9a6a74,Needle Rock Viewpoint Road Trip,Enjoy a scenic drive through Nilgiri mountains to a hidden viewpoint.,"The journey to Needle Rock Viewpoint offers beautiful mountain roads, forest landscapes, and panoramic views of the Nilgiri valleys. It is a perfect experience for travelers who enjoy scenic road trips.",,,3-4 Hours,40 km from Ooty,"Gudalur Road, Nilgiris",Adventure,October to May,Moderate,Easy,road,Scenic mountain drive,Valley viewpoints,Photography opportunities,,Check weather conditions,Drive carefully on hill roads,,,
6a5bd044fbc925e6fcc13036,6a58fcbb9cb1d3777c9a6a76,Bear Shola Falls Nature Walk,Explore a peaceful waterfall hidden inside Kodaikanal forests.,Bear Shola Falls is a seasonal waterfall surrounded by dense forest. A short walk through greenery leads visitors to this peaceful natural attraction.,,,1-2 Hours,3 km from Kodaikanal town,"Bear Shola Falls, Kodaikanal",Nature,September to January,Free,Easy,waterfall,Forest trail,Seasonal waterfall,Peaceful nature,,Avoid slippery paths,Visit after rainfall for best views,,,
6a5bd044fbc925e6fcc13035,6a58fc899cb1d3777c9a6a74,Ooty Local Market Shopping Experience,Discover handmade products and local specialties.,"The markets of Ooty offer a variety of local products including homemade chocolates, tea, spices, handicrafts, and traditional items. Exploring local markets provides a cultural travel experience.",,,1-2 Hours,Within Ooty town,Ooty Main Bazaar,Local Experience,Evening,Budget,Easy,shopping,Local shopping,Nilgiri products,Market culture,,Compare prices,Buy authentic products,,,
6a5bd044fbc925e6fcc13037,6a58fcbb9cb1d3777c9a6a76,Kodaikanal Pine Forest Photography,Capture magical forest landscapes among tall pine trees.,"The pine forests of Kodaikanal create a beautiful atmosphere with tall trees, sunlight filtering through branches, and misty mountain surroundings. It is a favorite place for photographers.",,,1-2 Hours,6 km from Kodaikanal town,"Pine Forest Road, Kodaikanal",Photography,October to June,Free,Easy,camera,Forest photography,Misty landscapes,Nature walks,,Respect forest environment,Visit during daylight,,,
6a5bd044fbc925e6fcc13034,6a58fc899cb1d3777c9a6a74,Nilgiri Mountain Forest Safari,Explore forests and wildlife habitats around Ooty.,"The Nilgiri region offers exciting forest experiences where visitors can explore natural habitats, observe birds, and possibly spot wildlife while traveling through protected forest areas.",,,3-4 Hours,Various forest zones,Nilgiri Biosphere Region,Wildlife,October to May,Moderate,Easy,jeep,Forest exploration,Wildlife spotting,Natural ecosystem,,Follow forest rules,Do not disturb animals,,,
6a5bd078fbc925e6fcc1303c,6a58fcbb9cb1d3777c9a6a76,Berijam Lake Forest Experience,Enjoy a peaceful lake surrounded by protected forest.,"Berijam Lake is a scenic forest destination near Kodaikanal offering beautiful landscapes, wildlife surroundings, and peaceful nature experiences. Visitors can enjoy the untouched beauty of the Western Ghats.",,,Half Day,24 km from Kodaikanal,"Berijam Lake, Kodaikanal",Nature,October to May,Moderate,Easy,lake,Forest lake views,Wildlife surroundings,Peaceful environment,,Entry may require permission,Follow forest guidelines,,,
6a5bd078fbc925e6fcc1303b,6a58fcd99cb1d3777c9a6a78,Pulicat Lake Bird Watching Experience,Explore one of South India's important bird habitats.,"Pulicat Lake near Chennai is a beautiful coastal lagoon known for migratory birds, especially flamingos during winter. It offers peaceful nature experiences and excellent bird photography opportunities.",,,Half Day,60 km from Chennai,"Pulicat Lake, Tamil Nadu",Wildlife,November to February,Budget,Easy,bird,Migratory birds,Lagoon landscapes,Nature photography,,Carry binoculars,Visit early morning,,,
6a5bd078fbc925e6fcc1303a,6a58fcd99cb1d3777c9a6a78,Cholamandal Artists Village Visit,Discover contemporary Indian art and creative spaces.,"Cholamandal Artists' Village is one of India's largest artist communities, featuring galleries, exhibitions, sculptures, and creative workshops. It provides a unique artistic experience for travelers.",,,2 Hours,15 km from Chennai,"Injambakkam, Chennai",Art,November to February,Budget,Easy,palette,Modern art galleries,Artist community,Creative atmosphere,,Check exhibition timings,Respect artwork displays,,,
6a5bd078fbc925e6fcc13039,6a58fcd99cb1d3777c9a6a78,Mahabalipuram Heritage Day Trip,Explore ancient temples and UNESCO heritage monuments near Chennai.,"A day trip to Mahabalipuram from Chennai offers a journey through ancient Pallava architecture, stone carvings, temples, and coastal heritage sites. It is one of the best cultural experiences near the city.",,,Full Day,60 km from Chennai,"Mahabalipuram, Tamil Nadu",Heritage,November to February,Moderate,Easy,temple,Ancient monuments,Pallava architecture,Coastal heritage,,Start early morning,Carry sunscreen and water,,,
6a5bd078fbc925e6fcc1303d,6a58fcbb9cb1d3777c9a6a76,Kurinji Andavar Temple Visit,Experience spiritual heritage with beautiful mountain views.,Kurinji Andavar Temple is a famous hill temple dedicated to Lord Murugan. The temple offers spiritual significance along with panoramic views of the surrounding Kodaikanal hills.,,,1 Hour,4 km from Kodaikanal town,"Kurinji Temple Road, Kodaikanal",Religious,April to June,Free,Easy,temple,Hill temple,Mountain views,Spiritual experience,,Dress appropriately,Maintain temple cleanliness,,,
6a5bd09dfbc925e6fcc13041,6a58fcd99cb1d3777c9a6a78,Adyar Eco Park Nature Walk,Enjoy greenery and biodiversity inside Chennai city.,"Adyar Eco Park is a restored urban wetland offering walking paths, native plants, birds, and environmental education. It provides a refreshing nature experience within the city.",,,1-2 Hours,8 km from Chennai Central,"Adyar, Chennai",Nature,November to February,Budget,Easy,tree,Urban biodiversity,Bird watching,Eco conservation,,Maintain cleanliness,Follow park rules,,,
6a5bd09dfbc925e6fcc13042,6a58fcbb9cb1d3777c9a6a74,Nilgiri Toy Train Heritage Ride,Experience the famous mountain railway journey.,"The Nilgiri Mountain Railway offers a memorable heritage train journey through tunnels, forests, valleys, and mountain landscapes. It is one of India's most iconic travel experiences.",,,Half Day,From Mettupalayam to Ooty,Nilgiri Mountain Railway,Heritage,October to June,Moderate,Easy,train,UNESCO heritage railway,Mountain landscapes,Historic train journey,,Book tickets early,Carry warm clothes,,,
6a5bd09dfbc925e6fcc13040,6a58fcd99cb1d3777c9a6a78,Elliot's Beach Evening Walk,Relax at a peaceful beach away from city crowds.,"Elliot's Beach in Besant Nagar is a popular seaside destination known for its calm atmosphere, clean surroundings, cafes, and beautiful evening views. It is ideal for relaxing walks and photography.",,,1-2 Hours,10 km from Chennai Central,"Besant Nagar, Chennai",Beach,November to February,Free,Easy,beach,Peaceful coastline,Evening sunset views,Beach cafes,,Avoid swimming in restricted areas,Visit during sunset,,,
6a5bd09dfbc925e6fcc13043,6a58fcbb9cb1d3777c9a6a74,Emerald Lake Nature Escape,Discover a quiet lake surrounded by Nilgiri landscapes.,Emerald Lake near Ooty is a peaceful hidden gem surrounded by tea gardens and green hills. It offers a relaxing experience for travelers seeking solitude and natural beauty.,,,2-3 Hours,25 km from Ooty,"Emerald Lake, Nilgiris",Nature,October to June,Free,Easy,lake,Quiet lake views,Tea plantation surroundings,Nature photography,,Carry snacks and water,Avoid littering,,,
6a5bd09dfbc925e6fcc1303f,6a58fcd99cb1d3777c9a6a78,DakshinaChitra Cultural Village Experience,"Explore South India's traditional homes, crafts, and lifestyles.","DakshinaChitra is a living museum near Chennai showcasing traditional architecture, crafts, festivals, and lifestyles from different South Indian states. Visitors can experience regional culture through interactive displays.",,,3-4 Hours,25 km from Chennai,"Muttukadu, East Coast Road",Heritage,November to February,Moderate,Easy,museum,Traditional houses,Handicraft demonstrations,South Indian culture,,Keep enough time for exploration,Check cultural programs schedule,,,
6a5bd0c7fbc925e6fcc13048,6a58fcbb9cb1d3777c9a6a78,Birla Planetarium Chennai Visit,Explore astronomy through interactive space exhibitions.,"The Birla Planetarium in Chennai offers educational shows about planets, stars, and space science. It is a popular attraction for students and families.",,,1-2 Hours,8 km from Chennai Central,"Kotturpuram, Chennai",Education,Throughout the year,Budget,Easy,planet,Space shows,Astronomy learning,Family attraction,,Check show timings,Arrive before scheduled sessions,,,
6a5bd0c7fbc925e6fcc13049,6a58fcbb9cb1d3777c9a6a74,Marina Beach Street Food Experience,Enjoy famous Chennai beach snacks and local flavors.,"The food stalls around Marina Beach offer a taste of Chennai's street food culture including local snacks, seafood varieties, and traditional treats while enjoying the seaside atmosphere.",,,1-2 Hours,5 km from Chennai Central,"Marina Beach, Chennai",Food Experience,Evening,Budget,Easy,restaurant,Local street food,Beach atmosphere,Tamil flavors,,Prefer busy food stalls,Check food hygiene,,,
6a5bd0c7fbc925e6fcc13045,6a58fcd99cb1d3777c9a6a74,Avalanche Lake Adventure Experience,Explore a pristine mountain lake surrounded by forests.,"Avalanche Lake is one of the most beautiful natural attractions near Ooty, surrounded by dense forests, mountains, and colorful flowers. The area offers trekking, photography, and peaceful nature experiences.",,,Half Day,28 km from Ooty,"Avalanche Lake, Nilgiris",Adventure,October to June,Moderate,Moderate,mountain,Mountain lake views,Forest trekking,Nature photography,,Carry warm clothing,Follow forest permission rules,,,
6a5bd0c7fbc925e6fcc13047,6a58fcd99cb1d3777c9a6a78,Chennai Food Heritage Walk,Taste traditional South Indian flavors across historic streets.,"A food heritage walk in Chennai introduces travelers to traditional dishes, local markets, filter coffee, street snacks, and the culinary culture of Tamil Nadu.",,,3-4 Hours,Various food streets,"Mylapore and George Town, Chennai",Food Experience,November to February,Budget,Easy,food,South Indian cuisine,Local markets,Traditional flavors,,Choose hygienic food places,Carry cash for small vendors,,,
6a5bd0c7fbc925e6fcc13046,6a58fc899cb1d3777c9a6a74,Upper Bhavani Lake Nature Tour,Visit a remote and scenic lake area in Nilgiri forests.,"Upper Bhavani Lake offers a peaceful escape into the untouched landscapes of the Nilgiri mountains. The journey includes forest routes, wildlife surroundings, and spectacular natural views.",,,Half Day,35 km from Ooty,"Upper Bhavani, Nilgiris",Nature,October to May,Moderate,Moderate,lake,Remote mountain scenery,Forest landscapes,Wildlife surroundings,,Travel with authorized vehicles,Avoid disturbing wildlife,,,
6a5bd0edfbc925e6fcc1304e,6a58fcd99cb1d3777c9a6a76,Moir Point Scenic Drive,Enjoy beautiful mountain roads and valley views.,"Moir Point is a scenic viewpoint near Kodaikanal offering beautiful views of forests, hills, and valleys. The drive to the viewpoint itself is an enjoyable mountain travel experience.",,,1-2 Hours,7 km from Kodaikanal,"Moir Point, Kodaikanal",Photography,October to June,Budget,Easy,view,Mountain viewpoints,Scenic drive,Forest surroundings,,Visit in clear weather,Carry a jacket,,,
6a5bd0edfbc925e6fcc1304c,6a58fc899cb1d3777c9a6a74,Glenmorgan Tea Estate Experience,Enjoy scenic tea plantations and mountain landscapes.,"Glenmorgan Tea Estate is a beautiful plantation area near Ooty known for green tea gardens, peaceful surroundings, and panoramic views of valleys and forests.",,,2-3 Hours,25 km from Ooty,"Glenmorgan, Nilgiris",Nature,October to June,Budget,Easy,leaf,Tea plantations,Mountain views,Peaceful environment,,Carry a camera,Respect plantation areas,,,
6a5bd0edfbc925e6fcc1304f,6a58fcbb9cb1d3777c9a6a76,La Saleth Church Heritage Visit,Explore a historic church with peaceful hill surroundings.,La Saleth Church is one of Kodaikanal's historic religious landmarks featuring beautiful architecture and a peaceful atmosphere. It attracts visitors interested in heritage and spirituality.,,,1 Hour,2 km from Kodaikanal town,"La Saleth Church Road, Kodaikanal",Religious,Throughout the year,Free,Easy,church,Historic architecture,Peaceful surroundings,Spiritual experience,,Maintain silence,Respect religious customs,,,
6a5bd0edfbc925e6fcc1304b,6a58fcd99cb1d3777c9a6a74,Ooty Tribal Research Centre Visit,Learn about Nilgiri tribes and indigenous heritage.,"The Tribal Research Centre near Ooty preserves information about the indigenous communities of the Nilgiris. Visitors can explore tribal history, culture, traditional practices, and artifacts.",,,1-2 Hours,10 km from Ooty town,"Muthorai, Ooty",Heritage,October to June,Budget,Easy,culture,Tribal heritage,Cultural learning,Traditional artifacts,,Respect cultural displays,Follow visitor guidelines,,,
6a5bd0edfbc925e6fcc1304d,6a58fcbb9cb1d3777c9a6a74,9th Mile Shooting Point Experience,Visit a scenic location famous for movie shoots.,"9th Mile Shooting Point is a picturesque grassland area near Ooty surrounded by hills and forests. It is popular for photography, short walks, and enjoying peaceful landscapes.",,,1-2 Hours,9 km from Ooty,"9th Mile, Ooty",Photography,October to June,Budget,Easy,camera,Movie shooting location,Green landscapes,Panoramic views,,Avoid visiting during heavy fog,Wear comfortable shoes,,,
6a5bd12ffbc925e6fcc13053,6a58fcd99cb1d3777c9a6a74,Chennai Art Street Experience,Explore creative spaces and urban artwork in Chennai.,"Chennai's art spaces showcase murals, independent galleries, handicrafts, and modern creative expressions. It offers travelers a different perspective of the city's cultural scene.",,,2-3 Hours,Various city locations,Chennai Art Districts,Art,November to February,Free,Easy,palette,Street art,Creative culture,Photography opportunities,,Respect artists' work,Visit during daylight,,,
6a5bd12ffbc925e6fcc13052,6a58fcbb9cb1d3777c9a6a76,Vattakanal Falls Trekking Experience,Trek through forests to a hidden mountain waterfall.,The trail to Vattakanal Falls offers an adventurous walk through greenery and rocky paths. The waterfall area provides a refreshing experience surrounded by the beauty of the Western Ghats.,,,2-3 Hours,8 km from Kodaikanal,Vattakanal Forest Trail,Adventure,October to January,Free,Moderate,trekking,Forest trekking,Waterfall views,Nature adventure,,Avoid slippery paths,Travel with guidance if unfamiliar,,,
6a5bd12ffbc925e6fcc13054,6a58fcd99cb1d3777c9a6a78,Guindy National Park Wildlife Experience,Explore a protected wildlife area inside Chennai city.,"Guindy National Park is one of India's few national parks located within a city. It provides opportunities to observe deer, birds, butterflies, and urban biodiversity.",,,2-3 Hours,8 km from Chennai Central,"Guindy, Chennai",Wildlife,November to February,Budget,Easy,deer,Urban wildlife,Bird watching,Nature trails,,Do not feed animals,Follow park rules,,,
6a5bd12ffbc925e6fcc13055,6a58fcd99cb1d3777c9a6a78,San Thome Basilica Spiritual Visit,Visit one of India's most important Christian pilgrimage sites.,San Thome Basilica is a historic church built over the tomb of Saint Thomas the Apostle. The beautiful architecture and peaceful atmosphere make it a significant religious destination in Chennai.,,,1 Hour,7 km from Chennai Central,"Santhome, Chennai",Religious,November to February,Free,Easy,church,Historic basilica,Religious heritage,Beautiful architecture,,Maintain peaceful surroundings,Dress respectfully,,,
6a5bd12ffbc925e6fcc13051,6a58fcd99cb1d3777c9a6a76,Vattakanal Hippie Village Experience,Discover a peaceful mountain village near Kodaikanal.,"Vattakanal is a charming hill village known for its relaxed atmosphere, forest trails, waterfalls, and beautiful valley views. It is popular among travelers seeking a quiet nature escape.",,,Half Day,7 km from Kodaikanal,"Vattakanal, Kodaikanal",Nature,October to May,Budget,Moderate,mountain,Mountain village,Forest surroundings,Valley viewpoints,,Wear trekking shoes,Carry rain protection,,,
6a5bd154fbc925e6fcc13058,6a58fcd99cb1d3777c9a6a78,Parthasarathy Temple Heritage Experience,Discover ancient Vaishnavite temple traditions in Chennai.,Parthasarathy Temple in Triplicane is one of Chennai's oldest temples dedicated to Lord Krishna. The temple showcases traditional Dravidian architecture and centuries-old religious practices.,,,1-2 Hours,5 km from Chennai Central,"Triplicane, Chennai",Religious,October to March,Free,Easy,temple,Ancient temple architecture,Spiritual atmosphere,Traditional rituals,,Dress modestly,Avoid visiting during restricted timings,,,
6a5bd154fbc925e6fcc1305a,6a58fc899cb1d3777c9a6a74,Kapal Beach Cycling Experience,Enjoy a refreshing cycling route along Chennai coastline.,"Cycling along Chennai's coastal roads provides travelers with ocean views, fresh air, and opportunities to explore beaches and local neighborhoods at a relaxed pace.",,,2-3 Hours,Various coastal routes,"East Coast Road, Chennai",Adventure,November to February,Moderate,Easy,bicycle,Coastal cycling,Ocean views,Active travel,,Start early morning,Carry water,,,
6a5bd154fbc925e6fcc13059,6a58fcd99cb1d3777c9a6a78,Chennai Handicraft Shopping Experience,Discover traditional Tamil crafts and handmade products.,"Chennai's craft markets offer traditional items including bronze works, textiles, handicrafts, and souvenirs representing Tamil culture and artistic heritage.",,,2 Hours,Various markets,"T Nagar and Mylapore, Chennai",Shopping,Throughout the year,Budget,Easy,shopping,Traditional handicrafts,Local shopping,Cultural souvenirs,,Compare prices,Buy authentic handmade products,,,
6a5bd154fbc925e6fcc13057,6a58fcd99cb1d3777c9a6a78,Arignar Anna Zoological Park Safari Experience,Explore one of India's largest zoological parks with diverse wildlife.,"Arignar Anna Zoological Park, also known as Vandalur Zoo, offers a large natural habitat for animals including lions, elephants, deer, birds, and reptiles. Visitors can enjoy safari rides and wildlife learning experiences.",,,Half Day,35 km from Chennai,"Vandalur, Chennai",Wildlife,November to February,Budget,Easy,zoo,Wildlife safari,Large animal collections,Family-friendly attraction,,Wear comfortable shoes,Avoid feeding animals,,,
6a5bd154fbc925e6fcc1305b,6a58fcd99cb1d3777c9a6a74,Chennai Classical Dance Experience,Witness traditional Bharatanatyam performances.,"Chennai is considered a major center for Bharatanatyam and classical arts. Visitors can attend performances showcasing traditional dance, music, and Tamil cultural expressions.",,,2-3 Hours,Various cultural venues,"Mylapore Cultural Halls, Chennai",Culture,December to January,Moderate,Easy,dance,Classical dance,Traditional music,Cultural immersion,,Book seats early,Maintain silence during performances,,,
6a5c574a1ae1c65f43052726,6a58fcd99cb1d3777c9a6a78,Semmozhi Poonga Garden Walk,Relax in a beautifully landscaped botanical garden.,"Semmozhi Poonga is a modern botanical garden featuring exotic plants, themed landscapes, ponds, and shaded walking paths. It provides a refreshing escape from Chennai's busy streets.",,,1-2 Hours,4 km from Chennai Central,"Cathedral Road, Chennai",Nature,November to February,Budget,Easy,leaf,Botanical collections,Peaceful gardens,Nature photography,,Visit during morning hours,Avoid plucking flowers,,,
6a5c574a1ae1c65f43052727,6a58fcd99cb1d3777c9a6a78,Chennai Heritage Bicycle Tour,Cycle through historic neighborhoods and iconic landmarks.,"Explore Chennai's heritage districts on a guided cycling tour covering colonial buildings, temples, churches, and bustling local markets while learning about the city's history.",,,3-4 Hours,15 km cycling route,"George Town, Mylapore & Fort Area",Adventure,November to February,Moderate,Easy,bicycle,Historic city tour,Cycling adventure,Local cultural experience,,Wear a helmet,Start early to avoid traffic,,,
6a5c574a1ae1c65f43052728,6a58fcd99cb1d3777c9a6a78,Covelong Surfing Experience,Ride the waves at one of South India's popular surfing beaches.,Covelong Beach near Chennai is a favorite destination for beginner and intermediate surfers. Professional instructors and consistent waves make it an exciting adventure activity.,,,2-3 Hours,40 km from Chennai,"Covelong Beach, Tamil Nadu",Adventure,October to March,Premium,Moderate,waves,Surfing lessons,Beach adventure,Arabian Sea breeze,,Book certified instructors,Wear proper safety gear,,,
6a5c574a1ae1c65f43052725,6a58fcd99cb1d3777c9a6a78,Broken Bridge Photography Walk,Capture dramatic coastal scenery at Chennai's abandoned bridge.,"Broken Bridge is a hidden photography spot overlooking the Adyar estuary and Bay of Bengal. The abandoned bridge, mangroves, and coastal landscape create a unique setting for photographers and nature lovers.",,,1-2 Hours,11 km from Chennai Central,"Broken Bridge, Adyar, Chennai",Photography,November to February,Free,Easy,camera,Unique abandoned bridge,Coastal landscape,Sunrise photography,,Visit during daylight,Stay away from unsafe edges,,,
6a5c574a1ae1c65f43052729,6a58fcd99cb1d3777c9a6a78,Mylapore Temple Tank Heritage Walk,Explore Chennai's historic temple streets and traditional neighborhoods.,"The Mylapore Heritage Walk takes visitors through ancient temple streets, vibrant markets, traditional homes, and the historic temple tank, offering an authentic glimpse into old Chennai.",,,2-3 Hours,2 km walking route,"Mylapore, Chennai",Heritage,November to February,Free,Easy,footprints,Historic temple streets,Traditional Tamil culture,Architectural heritage,,Wear comfortable footwear,Respect religious customs,,,
6a5c57b01ae1c65f4305272b,6a58fcd99cb1d3777c9a6a78,Fort St. George Museum Experience,Discover Chennai's colonial history through historic artifacts.,"Fort St. George Museum houses centuries-old weapons, uniforms, paintings, coins, and historical documents from the British colonial era. It offers a fascinating journey through Chennai's rich past.",,,2 Hours,3 km from Chennai Central,"Fort St. George, Chennai",Heritage,November to February,Budget,Easy,museum,Colonial artifacts,Historic museum,British-era architecture,,Photography may be restricted in some galleries,Read exhibit descriptions for better understanding,,,
6a5c57b01ae1c65f4305272e,6a58fcd99cb1d3777c9a6a78,East Coast Road Scenic Drive,Enjoy one of South India's most beautiful coastal highways.,"The East Coast Road offers a memorable driving experience with panoramic sea views, beachside villages, resorts, and scenic viewpoints connecting Chennai to Mahabalipuram.",,,Half Day,70 km route,"East Coast Road, Chennai",Adventure,November to February,Moderate,Easy,car,Coastal highway,Sea views,Scenic road trip,,Drive during daylight,Stop only at designated viewpoints,,,
6a5c57b01ae1c65f4305272c,6a58fcd99cb1d3777c9a6a78,Theosophical Society Nature Trail,Walk through peaceful gardens and ancient banyan trees.,"The Theosophical Society campus offers tranquil walking paths, heritage buildings, rare plant species, and one of the world's famous banyan trees, making it an ideal escape within Chennai.",,,2 Hours,10 km from Chennai Central,"Adyar, Chennai",Nature,November to February,Free,Easy,tree,Ancient banyan tree,Peaceful gardens,Nature trails,,Maintain silence,Follow visitor regulations,,,
6a5c57b01ae1c65f4305272f,6a58fcd99cb1d3777c9a6a78,Chennai Sunrise Beach Yoga Experience,Practice yoga while watching the sunrise over the Bay of Bengal.,"Morning yoga sessions on Chennai's beaches provide a peaceful combination of meditation, fresh sea breeze, and beautiful sunrise views, creating a refreshing start to the day.",,,1 Hour,5 km from Chennai Central,"Marina Beach, Chennai",Wellness,November to February,Free,Easy,sun,Sunrise meditation,Beach yoga,Relaxing atmosphere,,Carry a yoga mat,Reach before sunrise,,,
6a5c57b01ae1c65f4305272d,6a58fcd99cb1d3777c9a6a78,Pulicat Flamingo Photography Tour,Photograph migratory flamingos in their natural habitat.,"During winter, Pulicat Lake becomes home to thousands of migratory flamingos and water birds. The scenic wetlands provide one of the best bird photography experiences near Chennai.",,,Half Day,60 km from Chennai,Pulicat Bird Sanctuary,Wildlife,December to February,Moderate,Easy,camera,Flamingo sightings,Wetland ecosystem,Wildlife photography,,Carry binoculars,Use a telephoto lens for bird photography,,,
6a5c57ea1ae1c65f43052733,6a58fcd99cb1d3777c9a6a78,Government Museum Heritage Tour,Explore one of India's oldest museums filled with historical treasures.,"The Government Museum in Egmore features archaeological artifacts, Chola bronzes, ancient sculptures, manuscripts, and natural history exhibits, making it one of Chennai's most significant cultural attractions.",,,2-3 Hours,3 km from Chennai Central,"Egmore, Chennai",Heritage,November to February,Budget,Easy,museum,Ancient sculptures,Historic artifacts,Chola bronze gallery,,Allocate enough exploration time,Photography may require permission,,,
6a5c57ea1ae1c65f43052734,6a58fcd99cb1d3777c9a6a78,Chennai Fishing Harbour Experience,Witness the vibrant morning life of Chennai's fishing community.,"Visit Chennai Fishing Harbour at dawn to experience fishermen returning with fresh catches, lively seafood auctions, and authentic coastal culture that reflects the city's maritime heritage.",,,2 Hours,4 km from Chennai Central,"Kasimedu Fishing Harbour, Chennai",Local Experience,October to March,Free,Easy,fish,Traditional fishing community,Fresh seafood market,Authentic local culture,,Visit before 7 AM,Wear shoes suitable for wet surfaces,,,
6a5c57ea1ae1c65f43052735,6a58fcd99cb1d3777c9a6a78,Chennai Sunset Catamaran Sailing,Enjoy a relaxing sailing experience along the Bay of Bengal.,Experience Chennai's coastline aboard a traditional catamaran while enjoying cool sea breezes and spectacular sunset views over the Bay of Bengal. It's a memorable coastal adventure for visitors.,,,1-2 Hours,6 km from Chennai Central,"Marina Beach Coastline, Chennai",Adventure,November to February,Premium,Easy,sailboat,Traditional catamaran ride,Sunset over the Bay of Bengal,Coastal adventure,,Wear a life jacket,Check weather conditions before sailing,,,
6a5c57ea1ae1c65f43052732,6a58fcd99cb1d3777c9a6a78,Chennai Marina Sunrise Photography Tour,Capture breathtaking sunrise views over India's longest urban beach.,"Marina Beach transforms into a paradise during sunrise with golden skies, fishing boats, and local morning activities. It is one of Chennai's finest locations for landscape and street photography.",,,2 Hours,5 km from Chennai Central,"Marina Beach, Chennai",Photography,November to February,Free,Easy,camera,Golden sunrise,Street photography,Seafront landscapes,,Arrive before sunrise,Carry a wide-angle lens,,,
6a5c57ea1ae1c65f43052731,6a58fcd99cb1d3777c9a6a78,Kapaleeshwarar Temple Spiritual Walk,Experience the spiritual and architectural beauty of Chennai's iconic Shiva temple.,"Kapaleeshwarar Temple is one of Chennai's oldest and most revered temples, showcasing magnificent Dravidian architecture, colorful gopurams, and vibrant religious rituals. Visitors can witness traditional pujas while exploring centuries of Tamil heritage.",,,1-2 Hours,7 km from Chennai Central,"Mylapore, Chennai",Religious,October to March,Free,Easy,temple,Ancient Dravidian architecture,Daily temple rituals,Historic religious landmark,,Dress modestly,Visit early morning for peaceful darshan,,,
6a5c582a1ae1c65f43052738,6a58fcd99cb1d3777c9a6a78,Besant Nagar Food Trail,"Taste Chennai's popular cafés, seafood, and South Indian delicacies.","Besant Nagar is known for its vibrant food scene featuring authentic Tamil cuisine, seafood specialties, cafés, desserts, and international restaurants, making it a favorite destination for food lovers.",,,2-3 Hours,11 km from Chennai Central,"Besant Nagar, Chennai",Food Experience,Evening,Moderate,Easy,utensils,Authentic South Indian cuisine,Beachside cafés,Fresh seafood,,Try local filter coffee,Visit during evening hours,,,
6a5c582a1ae1c65f4305273a,6a58fcd99cb1d3777c9a6a78,Adyar River Estuary Bird Watching,Observe migratory birds in Chennai's coastal wetland ecosystem.,The Adyar Estuary is home to numerous migratory and resident bird species. Nature enthusiasts can enjoy peaceful birdwatching while learning about the region's unique mangrove ecosystem.,,,2 Hours,10 km from Chennai Central,"Adyar Estuary, Chennai",Wildlife,November to February,Free,Easy,binoculars,Migratory birds,Mangrove ecosystem,Nature observation,,Bring binoculars,Maintain silence near bird habitats,,,
6a5c582a1ae1c65f43052737,6a58fcd99cb1d3777c9a6a78,George Town Heritage Market Walk,Explore Chennai's oldest commercial district filled with history and vibrant markets.,"George Town is one of Chennai's oldest neighborhoods where colonial-era buildings, wholesale markets, temples, mosques, and traditional businesses create a fascinating cultural experience. The narrow streets offer a glimpse into the city's trading heritage.",,,2-3 Hours,2 km from Chennai Central,"George Town, Chennai",Heritage,November to February,Free,Easy,building,Historic trading district,Colonial architecture,Traditional wholesale markets,,Visit in the morning,Carry cash for local shopping,,,
6a5c582a1ae1c65f43052739,6a58fcd99cb1d3777c9a6a78,Madras High Court Heritage Walk,Admire one of India's finest Indo-Saracenic architectural landmarks.,"The Madras High Court complex is renowned for its magnificent red-brick architecture, domes, and colonial history. The surrounding heritage district offers an enriching walk through Chennai's legal and architectural legacy.",,,1-2 Hours,2 km from Chennai Central,"Parry's Corner, Chennai",Heritage,November to February,Free,Easy,landmark,Indo-Saracenic architecture,Historic courthouse,Colonial heritage,,Carry a valid ID if required,Respect security guidelines,,,
6a5c582a1ae1c65f4305273b,6a58fcd99cb1d3777c9a6a78,Chennai Music Season Cultural Experience,Witness the world-famous Carnatic music festival.,"Held every December, Chennai's Music Season features renowned Carnatic musicians, Bharatanatyam performances, lecture demonstrations, and cultural events across prestigious sabhas throughout the city.",,,3-4 Hours,Multiple venues,"Various Sabhas, Chennai",Culture,December,Moderate,Easy,music,Carnatic music concerts,Classical dance performances,Tamil cultural heritage,,Book tickets in advance,Arrive early for popular performances,,,
6a5c586d1ae1c65f43052740,6a58fcd99cb1d3777c9a6a78,Chennai Temple Food Experience,Taste authentic South Indian prasadam and traditional cuisine.,Several historic temples in Chennai serve traditional prasadam and festival foods prepared using age-old recipes. This culinary experience introduces visitors to Tamil Nadu's religious food traditions.,,,1-2 Hours,Various temples,"Mylapore & Triplicane, Chennai",Food Experience,Festival Seasons,Budget,Easy,bowl,Traditional prasadam,Temple cuisine,Cultural food experience,,Respect temple customs,Visit during meal distribution hours,,,
6a5c586d1ae1c65f4305273d,6a58fcd99cb1d3777c9a6a78,Royapuram Heritage Railway Walk,Visit one of India's oldest surviving railway stations.,"Royapuram Railway Station is among the oldest operational railway stations in India. The heritage walk explores colonial railway architecture, historical significance, and the evolution of rail transport in Chennai.",,,1-2 Hours,4 km from Chennai Central,"Royapuram, Chennai",Heritage,November to February,Free,Easy,train,Historic railway station,Colonial architecture,Railway heritage,,Visit during daylight,Stay within public access areas,,,
6a5c586d1ae1c65f4305273f,6a58fcd99cb1d3777c9a6a78,Connemara Public Library Heritage Tour,Explore one of India's National Depository Libraries.,"Established in the late nineteenth century, the Connemara Public Library preserves rare books, manuscripts, and historical collections. The elegant architecture and quiet reading halls make it a rewarding heritage visit.",,,1-2 Hours,3 km from Chennai Central,"Egmore, Chennai",Heritage,Throughout the year,Free,Easy,book,Historic library,Rare book collection,Colonial architecture,,Maintain silence,Check library visiting hours,,,
6a5c586d1ae1c65f43052741,6a58fcd99cb1d3777c9a6a78,Bay of Bengal Moonlight Beach Walk,Experience Chennai's coastline under the evening sky.,"Enjoy a peaceful moonlit walk along Chennai's coastline as cool sea breezes, gentle waves, and illuminated city lights create a relaxing atmosphere after sunset.",,,1-2 Hours,5 km from Chennai Central,"Marina Beach, Chennai",Beach,November to February,Free,Easy,moon,Nighttime beach walk,Cool sea breeze,Relaxing atmosphere,,Stay in well-lit public areas,Travel with companions late at night,,,
6a5c586d1ae1c65f4305273e,6a58fcd99cb1d3777c9a6a78,Chennai Mangrove Kayaking Adventure,Paddle through peaceful backwaters and mangrove forests.,Explore Chennai's coastal wetlands by kayak while navigating calm waters surrounded by mangroves. The experience offers a unique perspective on the region's biodiversity and natural beauty.,https://res.cloudinary.com/ddjehdwgu/image/upload/v1784548868/travelbharat/w8zgszj2earl28fwkoom.jpg,travelbharat/w8zgszj2earl28fwkoom,2-3 Hours,20 km from Chennai,Muttukadu Backwaters,Adventure,October to March,Premium,Moderate,false,Mangrove exploration,Kayaking adventure,Peaceful backwaters,,Wear a life jacket,Carry waterproof bags,2026-07-20T12:01:08.146Z,,
6a5c58b41ae1c65f43052747,6a58fcd99cb1d3777c9a6a78,Chennai Bay Cruise Experience,Enjoy a relaxing boat cruise along Chennai's scenic coastline.,"A coastal cruise offers beautiful views of Chennai's skyline, Marina Beach, and the Bay of Bengal while providing a peaceful escape from the busy city. Sunset departures are especially memorable.",,,1-2 Hours,6 km from Chennai Central,Chennai Harbour,Adventure,November to February,Premium,Easy,ship,Coastal cruise,Sunset views,City skyline panorama,,Book in advance,Carry a light jacket for evening cruises,,,
6a5c58b41ae1c65f43052745,6a58fcd99cb1d3777c9a6a78,Kasimedu Fishing Port Photography Tour,Capture authentic coastal life at Chennai's busiest fishing harbor.,"Kasimedu Fishing Port comes alive every morning with colorful fishing boats, bustling seafood markets, and hardworking fishermen. It offers one of the city's most authentic street photography experiences.",,,2 Hours,7 km from Chennai Central,"Kasimedu Harbour, Chennai",Photography,October to March,Free,Easy,camera,Colorful fishing boats,Authentic local life,Morning seafood market,,Visit before 7 AM,Ask permission before photographing people,,,
6a5c58b41ae1c65f43052743,6a58fcd99cb1d3777c9a6a78,Valluvar Kottam Heritage Experience,Visit Chennai's iconic monument dedicated to the Tamil poet Thiruvalluvar.,"Valluvar Kottam is an architectural landmark built in honor of the celebrated Tamil poet Thiruvalluvar. The monument features a massive stone chariot and inscriptions of all 1,330 verses of the Tirukkural, making it a significant cultural attraction.",,,1-2 Hours,5 km from Chennai Central,"Nungambakkam, Chennai",Heritage,November to February,Budget,Easy,monument,Stone chariot monument,Tirukkural inscriptions,Tamil literary heritage,,Visit during cooler hours,Carry drinking water,,,
6a5c58b41ae1c65f43052744,6a58fcd99cb1d3777c9a6a78,Chennai Lighthouse Observation Deck,Enjoy panoramic city and coastline views from the lighthouse.,"The Chennai Lighthouse offers breathtaking views of Marina Beach, the Bay of Bengal, and the city's skyline. It is one of the few operational lighthouses in India open to visitors.",,,1 Hour,5 km from Chennai Central,"Marina Beach, Chennai",Photography,November to February,Budget,Easy,tower,Panoramic city views,Bay of Bengal scenery,Excellent photography spot,,Visit on a clear day,Check opening hours beforehand,,,
6a5c58b41ae1c65f43052746,6a58fcd99cb1d3777c9a6a78,Chennai Heritage Tram and Colonial Walk,Explore remnants of Chennai's colonial past through historic neighborhoods.,"Walk through Chennai's old colonial quarters while learning about the city's British-era development, historic institutions, churches, government buildings, and trading centers that shaped modern Chennai.",,,3 Hours,4 km walking route,"Fort Area & George Town, Chennai",Heritage,November to February,Free,Easy,map,Colonial-era landmarks,Historic walking tour,Architectural heritage,,Wear comfortable walking shoes,Carry a hat during daytime,,,
6a5c591a1ae1c65f43052749,6a58fcd99cb1d3777c9a6a78,Armenian Church Heritage Visit,Explore one of Chennai's oldest churches with rich colonial history.,"The Armenian Church, built in the early eighteenth century, is a peaceful heritage landmark featuring historic bell towers, colonial architecture, and stories of the Armenian trading community that once flourished in Chennai.",,,1 Hour,2 km from Chennai Central,"Armenian Street, George Town, Chennai",Heritage,November to February,Free,Easy,church,Historic Armenian church,Colonial architecture,Peaceful surroundings,,Maintain silence inside,Check visiting hours before arrival,,,
6a5c591a1ae1c65f4305274d,6a58fcd99cb1d3777c9a6a78,Chennai Night Street Food Trail,Experience Chennai's vibrant evening food culture.,"Explore Chennai after sunset through its famous street food hubs, sampling dosa, idli, parotta, jigarthanda, filter coffee, seafood specialties, and local desserts while enjoying the city's lively nightlife.",,,3 Hours,Multiple food streets,"Mylapore, Besant Nagar & Sowcarpet, Chennai",Food Experience,Evening,Budget,Easy,chef-hat,Authentic Tamil street food,Local evening markets,Traditional desserts,,Choose hygienic food stalls,Carry small cash denominations,,,
6a5c591a1ae1c65f4305274b,6a58fcd99cb1d3777c9a6a78,Chennai Harbour Viewpoint Experience,Enjoy panoramic views of India's major eastern seaport.,"The Chennai Harbour viewpoint offers fascinating sights of cargo ships, fishing vessels, cranes, and maritime activities. It provides visitors with a glimpse into one of India's busiest ports.",,,1-2 Hours,4 km from Chennai Central,Chennai Port Area,Photography,November to February,Free,Easy,ship,Port operations,Maritime photography,Ocean panorama,,Carry binoculars,Respect restricted security zones,,,
6a5c591a1ae1c65f4305274c,6a58fcd99cb1d3777c9a6a78,Mylapore Traditional Market Exploration,"Shop for flowers, brassware, and authentic Tamil products.","The bustling streets around Mylapore are filled with flower vendors, handicrafts, traditional clothing, brass lamps, and temple-related items, offering an authentic local shopping experience.",,,2 Hours,7 km from Chennai Central,"Mylapore Market, Chennai",Shopping,Morning or Evening,Budget,Easy,shopping-bag,Traditional Tamil market,Flower stalls,Local handicrafts,,Carry cash,Bargaining is common in some shops,,,
6a5c591a1ae1c65f4305274a,6a58fcd99cb1d3777c9a6a78,Thousand Lights Mosque Cultural Visit,Admire one of Chennai's most iconic Islamic landmarks.,"The Thousand Lights Mosque is renowned for its elegant domes, tall minarets, and spiritual significance. Visitors can appreciate its architecture while learning about Chennai's multicultural heritage.",,,1 Hour,4 km from Chennai Central,"Royapettah, Chennai",Religious,October to March,Free,Easy,mosque,Beautiful Islamic architecture,Historic place of worship,Cultural significance,,Dress modestly,Avoid visiting during prayer times unless permitted,,,
6a5c594b1ae1c65f43052751,6a58fcd99cb1d3777c9a6a78,Mylapore Temple Festival Experience,Witness colorful processions and centuries-old Tamil traditions.,"During temple festivals, Mylapore comes alive with decorated chariots, devotional music, traditional dances, flower markets, and cultural celebrations that showcase Chennai's vibrant spiritual heritage.",,,3-4 Hours,7 km from Chennai Central,"Kapaleeshwarar Temple, Mylapore",Culture,March to April,Free,Easy,festival,Temple chariot procession,Traditional music,Cultural celebrations,,Expect large crowds,Keep your belongings secure,,,
6a5c594b1ae1c65f43052752,6a58fcd99cb1d3777c9a6a78,Chennai Heritage Photography Tour,Photograph the city's iconic monuments and colonial landmarks.,"This guided photography experience covers historic churches, temples, colonial buildings, heritage streets, and colorful local markets, offering countless opportunities to capture Chennai's architectural beauty.",,,Half Day,10 km photography route,Central Chennai Heritage Circuit,Photography,November to February,Moderate,Easy,camera,Historic architecture,Street photography,Professional photo opportunities,,Carry extra camera batteries,Start early for soft natural light,,,
6a5c594b1ae1c65f43052750,6a58fcd99cb1d3777c9a6a78,Madras War Cemetery Heritage Visit,Pay tribute at one of India's beautifully maintained war memorials.,"The Madras War Cemetery honors thousands of Commonwealth soldiers who served during World War II. The peaceful gardens, memorial stones, and historical significance provide a reflective heritage experience.",,,1 Hour,10 km from Chennai Central,"Nandambakkam, Chennai",Heritage,October to March,Free,Easy,memorial,World War II memorial,Beautiful landscaped gardens,Historical significance,,Maintain silence,Respect the memorial grounds,,,
6a5c594b1ae1c65f4305274f,6a58fcd99cb1d3777c9a6a78,Elliot's Beach Sunrise Walk,Experience a peaceful sunrise along Chennai's serene coastline.,"Elliot's Beach offers a quieter alternative to Marina Beach, making it an excellent destination for sunrise walks. The calm atmosphere, gentle waves, and refreshing sea breeze create a relaxing coastal experience.",,,1-2 Hours,11 km from Chennai Central,"Besant Nagar, Chennai",Beach,November to February,Free,Easy,sunrise,Beautiful sunrise,Peaceful beach atmosphere,Morning photography,,Arrive before sunrise,Carry drinking water,,,
6a5c594b1ae1c65f43052753,6a58fcd99cb1d3777c9a6a78,Chennai Heritage Metro Exploration,Explore modern Chennai while visiting historic neighborhoods by metro.,"Travel conveniently across Chennai using the metro network to visit museums, temples, beaches, markets, and heritage landmarks. The experience combines modern transport with cultural exploration.",,,Half Day,City-wide,Chennai Metro Network,Local Experience,Throughout the year,Budget,Easy,train-front,Modern metro journey,Easy city exploration,Multiple heritage stops,,Purchase a travel card,Avoid rush-hour crowds,,,
6a5c59861ae1c65f43052757,6a58fcd99cb1d3777c9a6a78,Muttukadu Boating Adventure,Enjoy exciting water sports on Chennai's scenic backwaters.,"Muttukadu Backwaters is a popular destination for boating, kayaking, speedboats, pedal boats, and jet skiing. Surrounded by calm waters and lush scenery, it offers a refreshing outdoor adventure.",,,2-3 Hours,36 km from Chennai Central,Muttukadu Boat House,Adventure,October to March,Moderate,Easy,boat,Speed boat rides,Kayaking,Scenic backwaters,,Wear a life jacket,Avoid visiting during heavy rain,,,
6a5c59861ae1c65f43052758,6a58fcd99cb1d3777c9a6a78,Sowcarpet Food Trail,Taste Chennai's famous North Indian and street food specialties.,"Sowcarpet is one of Chennai's busiest food districts where visitors can sample chaats, sweets, kulfi, kachori, pav bhaji, and fusion street food while exploring its lively markets.",,,2-3 Hours,2 km from Chennai Central,"Sowcarpet, Chennai",Food Experience,Evening,Budget,Easy,ice-cream-bowl,Popular street food,Traditional sweets,Bustling evening markets,,Visit after 5 PM,Carry cash for small vendors,,,
6a5c59861ae1c65f43052756,6a58fcd99cb1d3777c9a6a78,DakshinaChitra Heritage Museum Tour,Experience the traditional lifestyles of South India.,"DakshinaChitra is a living heritage museum showcasing authentic houses, folk arts, crafts, dance, and architecture from Tamil Nadu, Kerala, Karnataka, and Andhra Pradesh. Visitors can watch artisans demonstrate traditional skills.",,,Half Day,28 km from Chennai Central,"East Coast Road, Chennai",Heritage,November to February,Moderate,Easy,museum,Traditional South Indian homes,Live craft demonstrations,Cultural performances,,Allocate at least 3 hours,Carry a camera for architecture,,,
6a5c59861ae1c65f43052759,6a58fcd99cb1d3777c9a6a78,Kalakshetra Classical Arts Experience,Discover the elegance of Bharatanatyam and Carnatic traditions.,"Kalakshetra Foundation is one of India's premier institutions for classical dance, music, and fine arts. Visitors can explore its peaceful campus and attend performances showcasing South India's rich artistic heritage.",,,2-3 Hours,15 km from Chennai Central,"Thiruvanmiyur, Chennai",Culture,November to February,Moderate,Easy,music-4,Bharatanatyam performances,Traditional Carnatic music,Cultural heritage campus,,Check performance schedules,Maintain silence during performances,,,
6a5c59861ae1c65f43052755,6a58fcd99cb1d3777c9a6a78,Birla Planetarium Space Experience,Explore astronomy through immersive space shows and science exhibits.,"The Birla Planetarium offers engaging sky shows, interactive astronomy displays, and educational exhibits about the universe. It is one of Chennai's most popular destinations for science enthusiasts and families.",,,2 Hours,8 km from Chennai Central,"Kotturpuram, Chennai",Education,Throughout the year,Budget,Easy,planet,Astronomy shows,Interactive science exhibits,Family-friendly attraction,,Check show timings in advance,Arrive 20 minutes early,,,
6a5c5a9e1ae1c65f4305275c,6a58fd659cb1d3777c9a6a7a,Madurai Heritage Street Walk,Walk through the historic streets surrounding the temple city.,"Explore Madurai's bustling heritage lanes filled with traditional markets, flower vendors, local eateries, and centuries-old buildings while learning about one of India's oldest continuously inhabited cities.",,,2 Hours,2 km,"Temple Town, Madurai",Culture,October to February,Free,Easy,footprints,Traditional markets,Historic neighborhoods,Authentic local culture,,Wear comfortable footwear,Carry cash for local shopping,,,
6a5c5a9e1ae1c65f4305275b,6a58fd659cb1d3777c9a6a7a,Meenakshi Amman Temple Heritage Tour,Explore one of South India's most magnificent temple complexes.,"Discover the grandeur of Meenakshi Amman Temple, renowned for its towering gopurams, intricate sculptures, sacred shrines, and centuries-old Dravidian architecture. Witness traditional rituals and immerse yourself in Madurai's spiritual heritage.",,,2-3 Hours,1 km,"Meenakshi Amman Temple, Madurai",Heritage,October to March,Free,Easy,landmark,Iconic Dravidian architecture,Colorful temple towers,Sacred evening rituals,,Dress modestly,Visit early morning to avoid crowds,,,
6a5c5a9e1ae1c65f4305275d,6a58fd659cb1d3777c9a6a7a,Vaigai River Sunset Experience,Enjoy a peaceful evening beside the historic Vaigai River.,Spend a relaxing evening along the Vaigai River while enjoying scenic sunset views and the tranquil atmosphere that has shaped Madurai's history for centuries.,,,1-2 Hours,3 km,"Vaigai Riverfront, Madurai",Nature,November to February,Free,Easy,sunset,Riverfront views,Sunset photography,Peaceful atmosphere,,Visit before sunset,Carry a camera,,,
6a5c5ac91ae1c65f43052760,6a58fdaa9cb1d3777c9a6a7c,Thanjavur Palace & Art Gallery Experience,Discover the royal heritage and artistic treasures of Thanjavur.,"Explore the historic Thanjavur Maratha Palace complex featuring royal halls, museums, ancient sculptures, bronze idols, manuscripts, and one of South India's finest heritage collections.",,,2 Hours,2 km,Thanjavur Palace Complex,Heritage,October to March,Budget,Easy,castle,Historic royal palace,Ancient bronze collections,Art and archaeology museum,,Allocate enough time for the museum,Photography may be restricted in certain galleries,,,
6a5c5ac91ae1c65f4305275f,6a58fdaa9cb1d3777c9a6a7c,Brihadeeswarar Temple Heritage Tour,Explore the UNESCO-listed Chola masterpiece in Thanjavur.,"Visit the magnificent Brihadeeswarar Temple, an architectural marvel built by Raja Raja Chola I. Admire its towering vimana, intricate granite carvings, ancient inscriptions, and timeless Dravidian craftsmanship.",,,2-3 Hours,1 km,"Brihadeeswarar Temple, Thanjavur",Heritage,October to March,Free,Easy,landmark,UNESCO World Heritage Site,Magnificent Chola architecture,Intricate stone carvings,,Visit early morning for fewer crowds,Wear modest clothing inside the temple,,,
6a5c5ac91ae1c65f43052761,6a58fdaa9cb1d3777c9a6a7c,Thanjavur Painting Workshop,Learn the traditional art form that originated in Thanjavur.,"Participate in a hands-on workshop to understand the techniques behind the famous Thanjavur paintings, known for their gold foil work, vibrant colors, and devotional themes.",,,2-3 Hours,3 km,"Traditional Art Studio, Thanjavur",Culture,Throughout the year,Moderate,Easy,palette,Traditional painting techniques,Gold foil artwork,Local artisan interaction,,Book workshops in advance,Support local artists by purchasing authentic artwork,,,
6a5c5b0a1ae1c65f43052763,6a58fe109cb1d3777c9a6a7e,Ramanathaswamy Temple Pilgrimage,Experience one of India's holiest Jyotirlinga temples.,"Visit the sacred Ramanathaswamy Temple, famous for its magnificent pillared corridors, ancient Dravidian architecture, and spiritual significance in the Char Dham pilgrimage. Witness traditional rituals and experience the temple's serene atmosphere.",,,2-3 Hours,1 km,"Ramanathaswamy Temple, Rameswaram",Religious,October to March,Free,Easy,landmark,Sacred Jyotirlinga shrine,World-famous temple corridors,Ancient Dravidian architecture,,Dress modestly,Visit early morning for peaceful darshan,,,
6a5c5b0a1ae1c65f43052764,6a58fe109cb1d3777c9a6a7e,Pamban Bridge Photography Experience,Capture spectacular views of India's iconic sea bridge.,Visit the legendary Pamban Bridge connecting mainland India to Rameswaram Island. Watch trains cross the sea while enjoying breathtaking views of turquoise waters and fishing boats.,,,1-2 Hours,12 km,"Pamban Bridge, Rameswaram",Photography,November to February,Free,Easy,camera,Iconic sea bridge,Panoramic ocean views,Excellent photography location,,Visit during sunrise or sunset,Carry a zoom lens for train photography,,,
6a5c5b0a1ae1c65f43052765,6a58fe109cb1d3777c9a6a7e,Dhanushkodi Coastal Exploration,Discover the haunting beauty of the abandoned ghost town.,"Explore the ruins of Dhanushkodi, where the Bay of Bengal meets the Indian Ocean. The windswept beaches, abandoned church, and dramatic coastline make it one of Tamil Nadu's most unique destinations.",,,3-4 Hours,20 km,"Dhanushkodi, Rameswaram",Adventure,October to March,Budget,Easy,waves,Ghost town ruins,Meeting point of two seas,Scenic coastal landscapes,,Travel during daylight hours,Carry drinking water and sun protection,,,
6a5c5b2f1ae1c65f43052769,6a58fe8b9cb1d3777c9a6a80,Thiruvalluvar Statue Ferry Tour,Visit the towering monument dedicated to the Tamil poet-saint.,"Take a ferry ride to the 133-foot Thiruvalluvar Statue, symbolizing the 133 chapters of the Tirukkural. Enjoy close-up views of the monument and the surrounding ocean landscape.",,,1-2 Hours,700 m by ferry,"Thiruvalluvar Statue, Kanyakumari",Heritage,October to March,Budget,Easy,monument,Iconic Tamil landmark,Ferry boat experience,Excellent sea views,,Check ferry timings beforehand,Wear comfortable footwear for climbing steps,,,
6a5c5b2f1ae1c65f43052768,6a58fe8b9cb1d3777c9a6a80,Kanyakumari Sunrise & Sunset Experience,Witness India's famous sunrise and sunset over the ocean.,Kanyakumari is one of the rare places in India where visitors can witness spectacular sunrise and sunset over the sea. The changing colors of the sky create an unforgettable coastal spectacle.,,,2 Hours,1 km,Kanyakumari Beach,Photography,October to March,Free,Easy,sunrise,Spectacular sunrise,Beautiful sunset views,Scenic coastal photography,,Arrive at least 30 minutes early,Carry a tripod for photography,,,
6a5c5b2f1ae1c65f43052767,6a58fe8b9cb1d3777c9a6a80,Vivekananda Rock Memorial Visit,Experience the iconic memorial set amidst the confluence of three seas.,"Take a ferry to the Vivekananda Rock Memorial, where Swami Vivekananda is believed to have meditated. Enjoy panoramic views of the Arabian Sea, Bay of Bengal, and Indian Ocean while exploring this spiritual landmark.",,,2 Hours,500 m by ferry,"Vivekananda Rock Memorial, Kanyakumari",Religious,October to March,Budget,Easy,landmark,Confluence of three seas,Historic meditation site,Panoramic coastal views,,Take the first ferry to avoid queues,Carry a hat and sunglasses,,,
6a5c5b521ae1c65f4305276c,6a58fee29cb1d3777c9a6a82,Aliyar to Valparai Hairpin Drive,Experience one of South India's most scenic mountain drives.,"Travel through the famous 40 hairpin bends connecting Aliyar Dam to Valparai. The winding roads offer breathtaking viewpoints, waterfalls, dense forests, and spectacular landscapes throughout the journey.",,,3-4 Hours,40 km,Aliyar–Valparai Ghat Road,Adventure,October to February,Budget,Moderate,mountain,40 scenic hairpin bends,Panoramic mountain views,Picturesque viewpoints,,Drive carefully on sharp bends,Start early to avoid fog,,,
6a5c5b521ae1c65f4305276b,6a58fee29cb1d3777c9a6a82,Tea Estate Nature Trail,Walk through the lush tea plantations of Valparai.,"Explore the rolling tea estates that blanket the hills of Valparai. Enjoy cool mountain air, learn about tea cultivation, and admire panoramic views of the Western Ghats while walking along scenic plantation trails.",,,2-3 Hours,3 km,"Tea Estates, Valparai",Nature,September to March,Free,Easy,trees,Endless tea plantations,Western Ghats scenery,Fresh mountain climate,,Wear comfortable walking shoes,Carry a light jacket,,,
6a5c5b521ae1c65f4305276d,6a58fee29cb1d3777c9a6a82,Anamalai Wildlife Spotting,Discover the rich biodiversity around Valparai.,"Explore the forests surrounding Valparai, home to lion-tailed macaques, Indian gaurs, Malabar giant squirrels, elephants, and numerous bird species. Guided wildlife tours offer the best chance for sightings.",,,3 Hours,12 km,"Anamalai Tiger Reserve, Valparai",Wildlife,October to March,Moderate,Easy,binoculars,Lion-tailed macaques,Western Ghats wildlife,Birdwatching opportunities,,Maintain silence during wildlife viewing,Carry binoculars for better sightings,,,
6a5c5b8f1ae1c65f43052771,6a58ff259cb1d3777c9a6a84,Coffee Plantation Nature Walk,Explore Yercaud's aromatic coffee estates and spice gardens.,"Walk through lush coffee plantations while learning about coffee cultivation, pepper vines, orange orchards, and the rich biodiversity that makes Yercaud one of Tamil Nadu's finest hill stations.",,,2-3 Hours,4 km,"Coffee Estates, Yercaud",Nature,November to February,Moderate,Easy,trees,Coffee plantation tour,Spice gardens,Scenic walking trails,,Wear comfortable walking shoes,Purchase fresh local coffee from estate outlets,,,
6a5c5b8f1ae1c65f43052770,6a58ff259cb1d3777c9a6a84,Lady's Seat Sunset Viewpoint,Witness breathtaking sunset views over the Eastern Ghats.,"Lady's Seat is one of Yercaud's most popular viewpoints, offering panoramic vistas of Salem city, winding ghat roads, and surrounding valleys. Sunset transforms the landscape into a spectacular display of colors.",,,1-2 Hours,2 km,"Lady's Seat, Yercaud",Photography,October to March,Free,Easy,camera,Panoramic valley views,Beautiful sunset,Excellent photography location,,Reach before sunset,Carry a camera with a wide-angle lens,,,
6a5c5b8f1ae1c65f4305276f,6a58ff259cb1d3777c9a6a84,Yercaud Lake Boating Experience,Enjoy a peaceful boat ride on the scenic emerald lake.,"Yercaud Lake is the heart of the hill station, surrounded by lush gardens and rolling hills. Paddle boats and rowboats offer visitors a relaxing way to admire the tranquil beauty of the lake.",,,1-2 Hours,1 km,"Yercaud Lake, Yercaud",Nature,October to June,Budget,Easy,boat,Scenic lake views,Boating experience,Peaceful hill station atmosphere,,Visit during the morning for calm waters,Carry a light jacket in winter,,,
6a5c5baf1ae1c65f43052775,6a58ff929cb1d3777c9a6a86,Riverside Nature Walk,Enjoy a peaceful walk along the banks of the Cauvery River.,"Take a leisurely walk beside the Cauvery River while enjoying fresh air, lush greenery, unique rock formations, and the soothing sound of the nearby waterfalls. The trail offers excellent opportunities for relaxation and nature appreciation.",,,1-2 Hours,2 km,"Cauvery River Bank, Hogenakkal",Nature,November to February,Free,Easy,trees,Scenic riverside trail,Natural rock formations,Refreshing atmosphere,,Wear non-slip footwear,Stay within designated walking paths,,,
6a5c5baf1ae1c65f43052773,6a58ff929cb1d3777c9a6a86,Hogenakkal Coracle Boat Ride,Experience the iconic circular boat ride through the waterfalls and rocky gorge.,Ride a traditional coracle across the Cauvery River while navigating through dramatic rock formations and cascading waterfalls. This signature Hogenakkal experience offers spectacular views of the gorge and surrounding landscape.,,,1-2 Hours,500 m,"Hogenakkal Falls, Dharmapuri",Adventure,October to February,Moderate,Easy,boat,Traditional coracle ride,Scenic waterfall views,Rocky river gorge,,Wear a life jacket throughout the ride,Avoid visiting during heavy monsoon floods,,,
6a5c5baf1ae1c65f43052774,6a58ff929cb1d3777c9a6a86,Hogenakkal Waterfall Photography Tour,Capture the beauty of Tamil Nadu's 'Niagara Falls'.,"Explore multiple viewpoints around Hogenakkal Falls to photograph the powerful cascades, mist-covered cliffs, and the Cauvery River. Early morning light provides ideal conditions for landscape photography.",,,2 Hours,1 km,Viewpoints around Hogenakkal Falls,Photography,October to February,Free,Easy,camera,Panoramic waterfall views,Misty landscapes,Excellent photography spots,,Protect your camera from water spray,Visit early for softer lighting,,,
6a5c5be11ae1c65f43052777,6a58ff929cb1d3777c9a6a87,Main Falls Therapeutic Bath,Rejuvenate under the famous herbal waters of Courtallam Main Falls.,"Experience the refreshing waters of Courtallam Main Falls, believed to carry medicinal properties after flowing through the forests of the Western Ghats. The natural massage created by the cascading water is a highlight for visitors.",,,1-2 Hours,500 m,"Main Falls, Courtallam",Nature,June to September,Free,Easy,droplets,Natural herbal waterfall,Refreshing waterfall bath,Western Ghats scenery,,Carry an extra set of clothes,Use non-slip footwear near the falls,,,
6a5c5be11ae1c65f43052779,6a58ff929cb1d3777c9a6a87,Courtallam Waterfall Photography Experience,Capture the beauty of the waterfalls and lush Western Ghats.,"Explore multiple viewpoints around Courtallam to photograph misty waterfalls, dense forests, mountain landscapes, and seasonal streams. The monsoon season offers the most dramatic scenery.",,,2-3 Hours,3 km,Courtallam Waterfall Circuit,Photography,June to September,Free,Easy,camera,Waterfall viewpoints,Monsoon landscapes,Western Ghats photography,,Protect your camera from water spray,Visit early morning for softer lighting,,,
6a5c5be11ae1c65f43052778,6a58ff929cb1d3777c9a6a87,Five Falls Nature Trail,Visit the unique waterfall that splits into five scenic streams.,Five Falls is one of Courtallam's most popular attractions where the cascading water divides into five separate streams before reaching the bathing area. The surrounding greenery adds to its natural charm.,,,2 Hours,4 km,"Five Falls, Courtallam",Nature,June to September,Free,Easy,mountain,Five-stream waterfall,Picturesque forest setting,Family-friendly attraction,,Visit on weekdays to avoid crowds,Keep valuables in waterproof bags,,,
6a5c5c0a1ae1c65f4305277b,6a5900759cb1d3777c9a6a89,Golden Temple Spiritual Experience,Experience the serenity and devotion at Sikhism's holiest shrine.,"Visit the magnificent Sri Harmandir Sahib, popularly known as the Golden Temple. Admire its stunning golden architecture, listen to soulful Gurbani, and experience the peaceful atmosphere surrounding the sacred Amrit Sarovar.",,,2-3 Hours,1 km,"Golden Temple Complex, Amritsar",Religious,October to March,Free,Easy,landmark,Golden Temple darshan,Sacred Amrit Sarovar,Continuous Gurbani recitation,,Cover your head before entering,Respect temple customs and maintain silence,,,
6a5c5c0a1ae1c65f4305277d,6a5900759cb1d3777c9a6a89,Wagah Border Beating Retreat Ceremony,Witness the famous patriotic border ceremony between India and Pakistan.,"Travel to the Attari-Wagah Border to experience the energetic Beating Retreat Ceremony featuring synchronized military drills, patriotic chants, and the ceremonial lowering of the national flags every evening.",,,3-4 Hours,30 km,"Attari-Wagah Border, Amritsar",Heritage,October to March,Free,Easy,flag,Border ceremony,Patriotic atmosphere,Military parade,,Arrive at least one hour early,Carry a valid government ID,,,
6a5c5c0a1ae1c65f4305277c,6a5900759cb1d3777c9a6a89,Langar Seva Experience,Participate in the world's largest free community kitchen.,"Join volunteers in preparing or serving meals at the Golden Temple Langar, which serves thousands of visitors daily regardless of religion, caste, or nationality. It's a unique experience of Sikh values of equality and selfless service.",,,1-2 Hours,Inside Golden Temple Complex,"Guru Ka Langar, Amritsar",Culture,Throughout the year,Free,Easy,utensils,Community service,Traditional Sikh hospitality,Free vegetarian meal,,Wash your hands before entering,Volunteer respectfully if participating in seva,,,
6a5c5c0a1ae1c65f4305277e,6a5900759cb1d3777c9a6a89,Jallianwala Bagh Heritage Walk,Reflect on one of India's most significant freedom movement sites.,"Explore Jallianwala Bagh Memorial and learn about the tragic events of 1919 that became a turning point in India's struggle for independence. The memorial, museum, and preserved bullet marks offer a moving historical experience.",,,1-2 Hours,500 m,"Jallianwala Bagh, Amritsar",Heritage,October to March,Free,Easy,memorial,Historic memorial,Freedom movement museum,Preserved historical site,,Take time to read the historical displays,Maintain a respectful demeanor throughout the visit,,,
6a5c5c421ae1c65f43052782,6a5900fb9cb1d3777c9a6a8b,Capitol Complex Architecture Tour,Explore Le Corbusier's UNESCO World Heritage masterpiece.,"Visit the Capitol Complex, designed by the legendary architect Le Corbusier. Discover the High Court, Secretariat, Legislative Assembly, and the iconic Open Hand Monument that symbolize Chandigarh's modern urban planning.",,,2 Hours,5 km,"Capitol Complex, Chandigarh",Heritage,October to March,Free,Easy,building,UNESCO World Heritage Site,Modernist architecture,Open Hand Monument,,Carry a valid ID for entry,Book guided tours if available,,,
6a5c5c421ae1c65f43052780,6a5900fb9cb1d3777c9a6a8b,Rock Garden Art Exploration,Discover Chandigarh's world-famous sculpture garden built from recycled materials.,"Explore the iconic Rock Garden created by Nek Chand, featuring thousands of sculptures, artistic pathways, waterfalls, and creative installations made entirely from industrial and household waste.",,,2-3 Hours,2 km,"Rock Garden, Chandigarh",Heritage,October to March,Budget,Easy,landmark,Unique recycled sculptures,Artificial waterfalls,Creative art installations,,Wear comfortable walking shoes,Carry a camera for unique photo opportunities,,,
6a5c5c421ae1c65f43052781,6a5900fb9cb1d3777c9a6a8b,Sukhna Lake Boating Experience,Enjoy a peaceful boat ride on Chandigarh's iconic lake.,Spend a relaxing time at Sukhna Lake by boating across its calm waters while enjoying scenic views of the Shivalik Hills. The lakeside promenade is also perfect for leisurely walks and birdwatching.,,,1-2 Hours,3 km,"Sukhna Lake, Chandigarh",Nature,October to March,Moderate,Easy,boat,Scenic lake views,Boating activities,Shivalik Hills backdrop,,Visit during sunrise or sunset,Carry binoculars for birdwatching,,,
6a5c5c781ae1c65f43052785,6a5903109cb1d3777c9a6a90,Sheesh Mahal Cultural Experience,Admire the stunning mirror work and royal architecture of Patiala.,"Explore the elegant Sheesh Mahal, known for its exquisite mirror work, beautiful frescoes, landscaped gardens, and museum showcasing miniature paintings and royal artifacts.",,,2 Hours,3 km,"Sheesh Mahal, Patiala",Heritage,October to March,Budget,Easy,landmark,Intricate mirror artwork,Royal museum,Historic palace gardens,,Visit during daylight for the best views,Photography may be restricted indoors,,,
6a5c5c781ae1c65f43052786,6a5903109cb1d3777c9a6a90,Patiala Bazaar & Culinary Walk,Experience the vibrant markets and authentic Punjabi flavors.,"Walk through Patiala's bustling bazaars, famous for traditional juttis, phulkaris, handicrafts, and delicious Punjabi cuisine. Enjoy local delicacies while soaking in the city's lively atmosphere.",,,2-3 Hours,2 km,"Adalat Bazaar, Patiala",Culture,Evening,Moderate,Easy,shopping-bag,Traditional Punjabi shopping,Authentic local cuisine,Handcrafted Patiala juttis,,Carry cash for local vendors,Try authentic Punjabi lassi,,,
6a5c5c781ae1c65f43052784,6a5903109cb1d3777c9a6a90,Qila Mubarak Heritage Tour,Explore the magnificent fort complex that reflects Patiala's royal legacy.,"Visit the historic Qila Mubarak, the oldest surviving fort in Patiala. Wander through its grand courtyards, palaces, and museums while learning about the rich history of the Patiala royal family.",,,2-3 Hours,1 km,"Qila Mubarak, Patiala",Heritage,October to March,Budget,Easy,castle,Historic royal fort,Patiala royal heritage,Museum collections,,Hire a local guide for historical insights,Carry drinking water during summer,,,
6a5c5c9f1ae1c65f43052789,6a5903ca9cb1d3777c9a6a92,Virasat-e-Khalsa Museum Tour,Explore the history and heritage of Sikhism through immersive exhibits.,"Visit the award-winning Virasat-e-Khalsa Museum, featuring interactive galleries, multimedia displays, historical artifacts, and stunning architecture that narrate the journey of Sikh history and Punjab's cultural heritage.",,,2-3 Hours,2 km,"Virasat-e-Khalsa, Anandpur Sahib",Heritage,October to March,Budget,Easy,museum,Interactive historical exhibits,Modern architectural masterpiece,Sikh cultural heritage,,Allocate sufficient time for all galleries,Check museum timings before visiting,,,
6a5c5c9f1ae1c65f4305278a,6a5903ca9cb1d3777c9a6a92,Hola Mohalla Festival Experience,Witness Punjab's spectacular Sikh martial arts and cultural festival.,"If visiting during Hola Mohalla, experience thrilling Gatka demonstrations, horse riding displays, kirtan, processions, and community celebrations that attract thousands of devotees from around the world.",,,Half Day,Town Center,Anandpur Sahib,Culture,March,Free,Easy,flag,Traditional Gatka performances,Grand religious processions,Punjabi cultural celebrations,,Book accommodation well in advance during the festival,Expect large crowds throughout the town,,,
6a5c5c9f1ae1c65f43052788,6a5903ca9cb1d3777c9a6a92,Takht Sri Keshgarh Sahib Pilgrimage,Visit one of the five sacred Takhts of Sikhism.,"Experience the spiritual atmosphere of Takht Sri Keshgarh Sahib, where Guru Gobind Singh founded the Khalsa in 1699. The magnificent gurdwara is a major pilgrimage destination and an important symbol of Sikh history.",,,2 Hours,1 km,"Takht Sri Keshgarh Sahib, Anandpur Sahib",Religious,October to March,Free,Easy,landmark,One of the Five Takhts,Birthplace of the Khalsa,Historic Sikh shrine,,Cover your head before entering,Participate in the Langar for a complete experience,,,
6a5c5cd51ae1c65f4305278d,6a5904089cb1d3777c9a6a94,Mukteshwar Temple Heritage Visit,Explore the ancient hilltop temple overlooking the Ravi River.,"Perched above the Ravi River, Mukteshwar Temple is known for its historic cave shrine, beautiful surroundings, and spiritual ambiance. Visitors can enjoy panoramic valley views while exploring this revered pilgrimage site.",,,2 Hours,22 km,"Mukteshwar Temple, Pathankot",Religious,October to March,Free,Easy,landmark,Ancient cave temple,Ravi River views,Peaceful spiritual atmosphere,,Wear comfortable footwear,Visit in the morning for cooler weather,,,
6a5c5cd51ae1c65f4305278c,6a5904089cb1d3777c9a6a94,Ranjit Sagar Dam Nature Escape,Enjoy scenic views of Punjab's largest reservoir surrounded by hills.,"Visit the picturesque Ranjit Sagar Dam, where tranquil waters meet the foothills of the Himalayas. The area is ideal for nature lovers seeking peaceful landscapes, birdwatching, and panoramic viewpoints.",,,2-3 Hours,35 km,"Ranjit Sagar Dam, Pathankot",Nature,October to March,Free,Easy,mountain,Scenic reservoir views,Peaceful natural surroundings,Excellent photography spots,,Visit during sunrise or sunset,Carry binoculars for birdwatching,,,
6a5c5cd51ae1c65f4305278e,6a5904089cb1d3777c9a6a94,Shahpur Kandi Riverside Adventure,Relax beside the Ravi River while enjoying scenic landscapes.,"Explore the scenic Shahpur Kandi area, where the Ravi River, lush greenery, and surrounding hills create an ideal setting for picnics, photography, and peaceful nature walks away from the city's bustle.",,,2-3 Hours,18 km,"Shahpur Kandi, Pathankot",Nature,October to February,Free,Easy,trees,Riverside scenery,Nature walks,Relaxing picnic destination,,Carry snacks and drinking water,Leave the area clean after your visit,,,
6a5c5d1b1ae1c65f43052790,6a5904449cb1d3777c9a6a96,Moorish Mosque Heritage Walk,Admire the Indo-Islamic and Moorish architecture of Kapurthala's iconic mosque.,"Visit the magnificent Moorish Mosque, inspired by Morocco's Grand Mosque of Marrakesh. The mosque features elegant domes, intricate interiors, colorful frescoes, and beautifully landscaped surroundings that reflect Kapurthala's royal heritage.",,,1-2 Hours,1 km,"Moorish Mosque, Kapurthala",Heritage,October to March,Free,Easy,landmark,Moorish-style architecture,Beautiful frescoes,Historic royal landmark,,Dress respectfully while visiting,Visit during daylight for better photography,,,
6a5c5d1b1ae1c65f43052792,6a5904449cb1d3777c9a6a96,Kanjli Wetland Nature Escape,Enjoy birdwatching and peaceful surroundings at Punjab's Ramsar wetland.,"Spend time at Kanjli Wetland, a protected freshwater ecosystem known for migratory birds, scenic lake views, and lush greenery. It is a peaceful retreat for nature lovers and wildlife enthusiasts.",,,2-3 Hours,8 km,"Kanjli Wetland, Kapurthala",Nature,November to February,Free,Easy,bird,Migratory birdwatching,Ramsar wetland,Peaceful lakeside views,,Carry binoculars for birdwatching,Visit early morning for maximum bird activity,,,
6a5c5d1b1ae1c65f43052791,6a5904449cb1d3777c9a6a96,Jagatjit Palace Photography Tour,Capture the grandeur of Kapurthala's royal palace.,"Explore the exterior of Jagatjit Palace, a magnificent Indo-French architectural masterpiece that now houses the Sainik School. The palace showcases elegant European influences blended with Indian craftsmanship.",,,1-2 Hours,2 km,"Jagatjit Palace, Kapurthala",Photography,October to February,Free,Easy,camera,French-inspired architecture,Historic royal palace,Excellent photo opportunities,,Photography is mainly allowed from outside,Visit during golden hour for the best lighting,,,
6a5c5d471ae1c65f43052794,6a59048a9cb1d3777c9a6a98,Hussainiwala Border Retreat Ceremony,Witness the patriotic evening retreat ceremony at the India-Pakistan border.,"Experience the energetic Beating Retreat Ceremony at Hussainiwala Border, where synchronized drills, patriotic chants, and the lowering of the national flags create an unforgettable atmosphere similar to the Wagah ceremony but with fewer crowds.",,,2-3 Hours,11 km,"Hussainiwala Border, Firozpur",Heritage,October to March,Free,Easy,flag,Border retreat ceremony,Patriotic atmosphere,Military parade,,Arrive at least one hour before the ceremony,Carry a valid government-issued ID,,,
6a5c5d471ae1c65f43052796,6a59048a9cb1d3777c9a6a98,Sutlej Riverside Nature Walk,Enjoy peaceful views along the banks of the Sutlej River.,"Take a leisurely walk beside the Sutlej River, surrounded by open countryside and tranquil landscapes. The riverside is ideal for photography, birdwatching, and relaxing away from the city's bustle.",,,1-2 Hours,5 km,"Sutlej River, Firozpur",Nature,November to February,Free,Easy,trees,Scenic riverside views,Birdwatching opportunities,Peaceful walking trail,,Visit during sunrise or sunset,Carry drinking water and a camera,,,
6a5c5d471ae1c65f43052795,6a59048a9cb1d3777c9a6a98,National Martyrs Memorial Visit,"Pay tribute to Bhagat Singh, Rajguru, and Sukhdev.","Visit the National Martyrs Memorial at Hussainiwala, the cremation site of India's legendary freedom fighters. The memorial offers deep insight into India's independence movement and serves as a place of remembrance.",,,1-2 Hours,11 km,"National Martyrs Memorial, Hussainiwala",Heritage,October to March,Free,Easy,memorial,Historic freedom struggle site,Martyrs memorial,Educational experience,,Maintain silence and respect,Read the information panels for historical context,,,
6a5c5d721ae1c65f43052799,6a5904bf9cb1d3777c9a6a9a,Rakh Bagh Nature Walk,Relax in one of Ludhiana's oldest and most popular parks.,"Enjoy a peaceful stroll through Rakh Bagh, known for its lush lawns, mature trees, children's attractions, and miniature train. It's a favorite recreational spot for families and fitness enthusiasts.",,,1-2 Hours,2 km,"Rakh Bagh, Ludhiana",Nature,October to February,Free,Easy,trees,Green open spaces,Miniature train ride,Family-friendly park,,Visit in the early morning for pleasant weather,Carry water during warmer months,,,
6a5c5d721ae1c65f43052798,6a5904bf9cb1d3777c9a6a9a,Punjab Agricultural University Heritage Tour,Explore one of India's premier agricultural institutions.,"Visit the Punjab Agricultural University campus to discover its agricultural museum, lush botanical gardens, research exhibits, and the institution's contribution to India's Green Revolution.",,,2-3 Hours,4 km,"Punjab Agricultural University, Ludhiana",Heritage,October to March,Free,Easy,landmark,Agricultural museum,Green Revolution history,Beautiful university campus,,Visit during weekdays for museum access,Wear comfortable walking shoes,,,
6a5c5d721ae1c65f4305279a,6a5904bf9cb1d3777c9a6a9a,Ludhiana Street Food & Market Trail,Experience authentic Punjabi flavors and vibrant shopping streets.,"Explore Ludhiana's bustling markets while tasting famous Punjabi delicacies like chole bhature, kulcha, lassi, and traditional sweets. Browse local textile shops and handicraft stores for authentic souvenirs.",,,2-3 Hours,3 km,"Ghumar Mandi & Chaura Bazaar, Ludhiana",Culture,Evening,Moderate,Easy,shopping-bag,Authentic Punjabi cuisine,Traditional shopping markets,Local cultural experience,,Carry cash for local vendors,Visit after 5 PM for the liveliest atmosphere,,,
6a5c5db81ae1c65f4305279d,6a5905f79cb1d3777c9a6a9c,Pink City Heritage Walk,Walk through Jaipur's vibrant old city and historic bazaars.,"Explore the iconic Pink City, visiting Hawa Mahal, City Palace, colorful markets, centuries-old temples, and traditional artisan shops while learning about Jaipur's royal history and architectural heritage.",,,3 Hours,2 km,"Pink City, Jaipur",Heritage,October to February,Free,Easy,map,Hawa Mahal views,Traditional bazaars,Historic city architecture,,Start early in the morning,Carry cash for local shopping,,,
6a5c5db81ae1c65f4305279c,6a5905f79cb1d3777c9a6a9c,Amber Fort Heritage Exploration,Discover Jaipur's majestic hilltop fort known for its royal architecture.,"Explore the magnificent Amber Fort, a UNESCO World Heritage Site featuring grand courtyards, intricate mirror work, royal chambers, and breathtaking views of Maota Lake and the Aravalli Hills.",,,3-4 Hours,11 km,"Amber Fort, Jaipur",Heritage,October to March,Moderate,Easy,castle,UNESCO World Heritage Site,Sheesh Mahal,Panoramic hilltop views,,Arrive early to avoid crowds,Wear comfortable footwear for walking,,,
6a5c5db81ae1c65f4305279e,6a5905f79cb1d3777c9a6a9c,Nahargarh Fort Sunset Experience,Watch a spectacular sunset overlooking the Pink City.,Visit Nahargarh Fort during the evening to enjoy panoramic views of Jaipur as the city lights begin to glow. The fort's scenic surroundings and historic architecture make it a favorite photography destination.,,,2 Hours,8 km,"Nahargarh Fort, Jaipur",Photography,October to March,Budget,Easy,camera,Sunset over Jaipur,Hilltop viewpoints,Historic fort walls,,Reach at least 45 minutes before sunset,Carry a light jacket during winter evenings,,,
6a5c5db81ae1c65f4305279f,6a5905f79cb1d3777c9a6a9c,Rajasthani Cuisine & Bazaar Experience,Taste authentic local dishes while exploring Jaipur's lively markets.,"Enjoy Jaipur's famous culinary delights including dal baati churma, pyaaz kachori, ghewar, and lassi while exploring Johari Bazaar and Bapu Bazaar for handicrafts, textiles, gemstones, and traditional souvenirs.",,,2-3 Hours,3 km,"Johari Bazaar & Bapu Bazaar, Jaipur",Culture,Evening,Moderate,Easy,shopping-bag,Authentic Rajasthani cuisine,Traditional handicraft shopping,Vibrant local markets,,Bargain politely while shopping,Try freshly prepared local specialties,,,
6a5c5ddb1ae1c65f430527a3,6a5906639cb1d3777c9a6a9e,Sunset at Sajjangarh (Monsoon Palace),Witness breathtaking sunset views from Udaipur's hilltop palace.,"Visit the Monsoon Palace, perched high above Udaipur, to enjoy sweeping views of lakes, the Aravalli Hills, and the city skyline. It is one of the most popular sunset and photography locations in Rajasthan.",,,2 Hours,8 km,"Sajjangarh Monsoon Palace, Udaipur",Photography,October to February,Budget,Easy,camera,Hilltop sunset views,Panoramic cityscape,Aravalli landscapes,,Reach before sunset,Carry a light jacket during winter evenings,,,
6a5c5ddb1ae1c65f430527a1,6a5906639cb1d3777c9a6a9e,Lake Pichola Boat Cruise,Sail across Udaipur's most iconic lake surrounded by royal palaces.,"Enjoy a scenic boat ride on Lake Pichola while admiring the City Palace, Jag Mandir, Lake Palace, and the Aravalli Hills. The cruise offers one of the most memorable experiences in the City of Lakes.",,,1-2 Hours,1 km,"Lake Pichola, Udaipur",Nature,October to March,Moderate,Easy,boat,Scenic lake cruise,Views of Lake Palace,Aravalli mountain backdrop,,Choose the sunset cruise for the best views,Book tickets in advance during peak season,,,
6a5c5ddb1ae1c65f430527a4,6a5906639cb1d3777c9a6a9e,Bagore Ki Haveli Cultural Evening,Experience Rajasthan's vibrant folk music and dance performances.,"Spend an evening at Bagore Ki Haveli watching traditional Rajasthani folk dances, puppet shows, music performances, and cultural storytelling inside a beautifully restored heritage haveli.",,,2 Hours,1 km,"Bagore Ki Haveli, Udaipur",Culture,Throughout the year,Budget,Easy,music,Traditional folk dance,Puppet performances,Historic haveli setting,,Reserve seats in advance,Arrive 30 minutes before the show,,,
6a5c5ddb1ae1c65f430527a2,6a5906639cb1d3777c9a6a9e,City Palace Heritage Tour,Explore Rajasthan's largest palace complex overlooking Lake Pichola.,"Discover the grandeur of Udaipur's City Palace, featuring ornate balconies, royal courtyards, museums, mirror work, and panoramic terraces that narrate the history of the Mewar dynasty.",,,3 Hours,500 m,"City Palace, Udaipur",Heritage,October to March,Moderate,Easy,castle,Royal palace museum,Historic Mewar architecture,Panoramic lake views,,Hire an audio guide for historical insights,Carry a camera for palace viewpoints,,,
6a5c5dfc1ae1c65f430527a6,6a5906d59cb1d3777c9a6aa0,Mehrangarh Fort Heritage Tour,Explore one of India's most magnificent hilltop forts overlooking the Blue City.,"Discover the grandeur of Mehrangarh Fort with its massive gates, royal palaces, museums, ornate courtyards, and breathtaking views of Jodhpur's blue-painted houses. The fort showcases the rich legacy of the Rathore dynasty.",,,3-4 Hours,2 km,"Mehrangarh Fort, Jodhpur",Heritage,October to March,Moderate,Easy,castle,Historic hilltop fort,Museum of royal artifacts,Panoramic Blue City views,,Use the audio guide for historical insights,Visit in the morning to avoid the afternoon heat,,,
6a5c5dfc1ae1c65f430527a7,6a5906d59cb1d3777c9a6aa0,Blue City Heritage Walk,Stroll through Jodhpur's iconic blue-painted old town.,"Walk through the narrow lanes of the Blue City, where vibrant blue houses, historic temples, traditional havelis, and bustling markets create one of Rajasthan's most photogenic urban landscapes.",,,2-3 Hours,2 km,"Old City, Jodhpur",Photography,October to February,Free,Easy,camera,Blue-painted houses,Historic streets,Excellent photography opportunities,,Start early for the best lighting,Respect residents while taking photographs,,,
6a5c5dfc1ae1c65f430527a8,6a5906d59cb1d3777c9a6aa0,Clock Tower Market & Rajasthani Food Trail,Experience authentic shopping and local cuisine in the heart of Jodhpur.,"Explore the lively Sardar Market around the Clock Tower while shopping for handicrafts, spices, textiles, and tasting famous local dishes like mirchi vada, makhaniya lassi, and mawa kachori.",,,2-3 Hours,1 km,"Clock Tower & Sardar Market, Jodhpur",Culture,Evening,Budget,Easy,shopping-bag,Traditional Rajasthani market,Authentic local cuisine,Handicrafts and spices,,Bargain politely with local vendors,Try freshly prepared street food from popular stalls,,,
6a5c5e3c1ae1c65f430527aa,6a5907169cb1d3777c9a6aa2,Sam Sand Dunes Desert Safari,Experience the golden Thar Desert with an unforgettable camel safari.,"Ride across the spectacular Sam Sand Dunes on a camel while witnessing the ever-changing desert landscape. The safari offers stunning sunset views, rolling sand dunes, and an authentic taste of Rajasthan's desert life.",,,3-4 Hours,42 km,"Sam Sand Dunes, Jaisalmer",Adventure,October to March,Moderate,Easy,mountain,Camel safari,Golden sand dunes,Desert sunset views,,Carry sunglasses and sunscreen,Wear comfortable cotton clothing,,,
6a5c5e3c1ae1c65f430527ac,6a5907169cb1d3777c9a6aa2,Desert Cultural Evening,"Enjoy traditional Rajasthani music, dance, and cuisine under the stars.","Spend an evening at a desert camp featuring Kalbelia dance performances, folk music, puppet shows, authentic Rajasthani dinner, and stargazing in the peaceful Thar Desert.",,,4-5 Hours,40 km,"Desert Camp, Sam",Culture,October to March,Premium,Easy,music,Traditional folk performances,Authentic Rajasthani dinner,Stargazing in the desert,,Carry a light jacket for cool desert nights,Book camps in advance during peak season,,,
6a5c5e3c1ae1c65f430527ab,6a5907169cb1d3777c9a6aa2,Jaisalmer Fort Heritage Walk,Explore the living fort that rises above the Golden City.,"Walk through Jaisalmer Fort, one of the world's few living forts, where ancient temples, royal palaces, vibrant markets, and traditional homes continue to thrive within its historic walls.",,,2-3 Hours,1 km,"Jaisalmer Fort, Jaisalmer",Heritage,October to February,Budget,Easy,castle,UNESCO-listed fort,Ancient Jain temples,Historic sandstone architecture,,Hire a local guide for historical insights,Wear comfortable footwear on cobbled streets,,,
6a5c5e3c1ae1c65f430527ad,6a5907169cb1d3777c9a6aa2,Gadisar Lake Sunrise Photography,Capture the peaceful beauty of Jaisalmer's historic lake.,"Visit Gadisar Lake at sunrise to photograph intricately carved cenotaphs, temples, migratory birds, and reflections of the Golden City in the calm waters.",,,1-2 Hours,2 km,"Gadisar Lake, Jaisalmer",Photography,October to February,Free,Easy,camera,Historic lakeside architecture,Sunrise reflections,Birdwatching opportunities,,Arrive before sunrise,Carry a telephoto lens for bird photography,,,
6a5c5e6b1ae1c65f430527af,6a5907719cb1d3777c9a6aa4,Ajmer Sharif Dargah Pilgrimage,Experience the spiritual atmosphere of India's most revered Sufi shrine.,"Visit the sacred Ajmer Sharif Dargah of Khwaja Moinuddin Chishti, where devotees from all faiths gather to offer prayers. Explore the beautiful courtyards, marble structures, and immerse yourself in the timeless spiritual ambiance.",,,2-3 Hours,1 km,"Ajmer Sharif Dargah, Ajmer",Religious,October to March,Free,Easy,landmark,Famous Sufi shrine,Historic Mughal architecture,Peaceful spiritual experience,,Dress modestly and cover your head,Visit early morning to avoid heavy crowds,,,
6a5c5e6b1ae1c65f430527b0,6a5907719cb1d3777c9a6aa4,Adhai Din Ka Jhonpra Heritage Tour,Explore one of India's finest examples of Indo-Islamic architecture.,"Discover the historic Adhai Din Ka Jhonpra, an architectural masterpiece featuring intricate stone carvings, elegant arches, and centuries-old inscriptions reflecting Ajmer's rich medieval heritage.",,,1-2 Hours,2 km,"Adhai Din Ka Jhonpra, Ajmer",Heritage,October to March,Budget,Easy,building,Ancient Indo-Islamic architecture,Beautiful stone carvings,Historic archaeological site,,Carry a camera for architectural photography,Hire a local guide for historical context,,,
6a5c5e6b1ae1c65f430527b1,6a5907719cb1d3777c9a6aa4,Ana Sagar Lake Sunset Experience,Relax by Ajmer's scenic lake with panoramic sunset views.,"Spend a peaceful evening at Ana Sagar Lake enjoying lakeside walks, boating, landscaped gardens, and spectacular sunset views with the Aravalli Hills in the background.",,,2 Hours,3 km,"Ana Sagar Lake, Ajmer",Nature,October to February,Free,Easy,sunset,Beautiful lakeside promenade,Sunset photography,Optional boating,,Visit an hour before sunset,Carry drinking water during warmer months,,,
6a5c5e981ae1c65f430527b3,6a5907c49cb1d3777c9a6aa6,Brahma Temple Spiritual Visit,Offer prayers at the world-famous temple dedicated to Lord Brahma.,"Visit the sacred Brahma Temple, one of the very few temples in the world dedicated to Lord Brahma. Admire its distinctive architecture, spiritual atmosphere, and centuries-old traditions that attract pilgrims from across the globe.",,,1-2 Hours,500 m,"Brahma Temple, Pushkar",Religious,October to March,Free,Easy,landmark,Rare Brahma Temple,Ancient pilgrimage site,Peaceful spiritual ambiance,,Dress modestly before entering,Visit during the morning for a quieter experience,,,
6a5c5e981ae1c65f430527b4,6a5907c49cb1d3777c9a6aa6,Pushkar Lake Ghats Walk,Experience the sacred ghats and serene atmosphere of Pushkar Lake.,"Walk around the holy Pushkar Lake, surrounded by 52 bathing ghats and numerous temples. Observe evening aarti ceremonies, interact with pilgrims, and enjoy the peaceful setting of one of India's oldest sacred lakes.",,,2 Hours,1 km,"Pushkar Lake, Pushkar",Religious,October to March,Free,Easy,waves,Sacred lake,Evening aarti,Historic bathing ghats,,Remove footwear near the ghats,Respect local customs while taking photographs,,,
6a5c5e981ae1c65f430527b5,6a5907c49cb1d3777c9a6aa6,Pushkar Camel Safari & Desert Sunset,Ride through the desert and enjoy a spectacular sunset over the dunes.,"Embark on a camel safari across the semi-arid landscapes surrounding Pushkar. Experience rural Rajasthan, traditional villages, and breathtaking sunset views over the desert terrain.",,,3-4 Hours,8 km,Pushkar Desert,Adventure,October to February,Moderate,Easy,mountain,Camel riding,Desert sunset,Traditional Rajasthani villages,,Wear sunglasses and sunscreen,Carry a light jacket for the evening,,,
6a5c5e981ae1c65f430527b6,6a5907c49cb1d3777c9a6aa6,Pushkar Bazaar Cultural Experience,Shop for handicrafts and enjoy the vibrant culture of Pushkar.,"Explore the colorful streets of Pushkar Bazaar, known for handcrafted jewelry, leather goods, textiles, souvenirs, cafés, and authentic Rajasthani street food. The lively market offers a true local cultural experience.",,,2-3 Hours,500 m,Pushkar Main Bazaar,Culture,Evening,Budget,Easy,shopping-bag,Traditional handicrafts,Local cafés,Authentic Rajasthani shopping,,Bargain politely with shopkeepers,Carry cash for small local vendors,,,
6a5c5ec01ae1c65f430527ba,6a5908899cb1d3777c9a6aa8,Guru Shikhar Sunrise Trek,Reach the highest peak of the Aravalli Range for breathtaking views.,"Take a short trek to Guru Shikhar, the highest point in Rajasthan. The summit offers panoramic views of the Aravalli Mountains, cool mountain air, and spectacular sunrise photography opportunities.",,,2-3 Hours,15 km,"Guru Shikhar, Mount Abu",Adventure,October to February,Free,Moderate,mountain,Highest peak in Rajasthan,Panoramic mountain views,Sunrise photography,,Start before sunrise,Wear comfortable trekking shoes,,,
6a5c5ec01ae1c65f430527b8,6a5908899cb1d3777c9a6aa8,Dilwara Temples Heritage Tour,Admire the extraordinary marble craftsmanship of the famous Jain temples.,"Explore the Dilwara Temples, renowned worldwide for their intricate marble carvings, beautifully sculpted ceilings, ornate pillars, and remarkable Jain architecture dating back to the 11th and 13th centuries.",,,2-3 Hours,2 km,"Dilwara Temples, Mount Abu",Heritage,October to March,Free,Easy,landmark,Intricate marble carvings,Historic Jain architecture,Peaceful temple complex,,Dress modestly before entering,Photography is restricted inside the temples,,,
6a5c5ec01ae1c65f430527b9,6a5908899cb1d3777c9a6aa8,Nakki Lake Boating Experience,Enjoy a relaxing boat ride on Rajasthan's famous hill station lake.,"Spend time at Nakki Lake surrounded by the Aravalli Hills. Paddle or row across the tranquil waters while enjoying scenic landscapes, unique rock formations, and a refreshing hill station atmosphere.",,,1-2 Hours,1 km,"Nakki Lake, Mount Abu",Nature,October to March,Moderate,Easy,boat,Scenic lake boating,Aravalli Hill views,Peaceful surroundings,,Visit during the morning for calm waters,Carry a light jacket during winter,,,
6a5c5ee31ae1c65f430527bc,6a5908c19cb1d3777c9a6aaa,Ranthambore Tiger Safari,Embark on an exciting wildlife safari in one of India's most famous tiger reserves.,"Explore Ranthambore National Park in an open jeep or canter while searching for the majestic Bengal tiger, leopards, sloth bears, crocodiles, and hundreds of bird species amidst ancient ruins and dense forests.",,,3-4 Hours,8 km,"Ranthambore National Park, Sawai Madhopur",Wildlife,October to June,Premium,Easy,paw-print,Bengal tiger sightings,Jeep safari,Rich biodiversity,,Book safari permits well in advance,Carry binoculars and a telephoto camera lens,,,
6a5c5ee31ae1c65f430527be,6a5908c19cb1d3777c9a6aaa,Padam Talao Birdwatching Experience,Observe wildlife and migratory birds around Ranthambore's largest lake.,"Visit Padam Talao, the largest lake in Ranthambore National Park, where deer, crocodiles, water birds, and migratory species gather, offering excellent wildlife viewing and photography opportunities.",,,2 Hours,9 km,"Padam Talao, Ranthambore",Nature,November to February,Included with park entry,Easy,bird,Birdwatching,Lake wildlife,Nature photography,,Carry binoculars,Maintain silence to avoid disturbing wildlife,,,
6a5c5ee31ae1c65f430527bd,6a5908c19cb1d3777c9a6aaa,Ranthambore Fort Heritage Walk,Visit the UNESCO-listed hill fort inside the national park.,"Explore the historic Ranthambore Fort, perched atop a hill overlooking the forest. The fort features ancient temples, massive gateways, reservoirs, and panoramic views of the surrounding wilderness.",,,2-3 Hours,10 km,"Ranthambore Fort, Sawai Madhopur",Heritage,October to March,Budget,Moderate,castle,UNESCO World Heritage Site,Historic hill fort,Scenic forest viewpoints,,Wear sturdy walking shoes,Carry sufficient drinking water,,,
6a5c5f111ae1c65f430527c0,6a5908ee9cb1d3777c9a6aac,Junagarh Fort Heritage Tour,Explore one of Rajasthan's finest forts built on the plains.,"Discover the magnificent Junagarh Fort, renowned for its richly decorated palaces, courtyards, temples, museums, and exquisite Rajput architecture. Unlike many forts in Rajasthan, it was built on flat land and remained unconquered for centuries.",,,2-3 Hours,1 km,"Junagarh Fort, Bikaner",Heritage,October to March,Moderate,Easy,castle,Historic Rajput fort,Royal palace interiors,Museum exhibits,,Hire an audio guide for detailed history,Visit during the morning for comfortable weather,,,
6a5c5f111ae1c65f430527c1,6a5908ee9cb1d3777c9a6aac,National Research Centre on Camel Visit,Learn about Rajasthan's iconic camels and enjoy unique camel experiences.,"Visit the National Research Centre on Camel to interact with different camel breeds, learn about camel conservation, sample camel milk products, and explore educational exhibits dedicated to the 'Ship of the Desert.'",,,2 Hours,8 km,"National Research Centre on Camel, Bikaner",Culture,October to February,Budget,Easy,paw-print,Camel conservation center,Camel milk products,Educational exhibits,,Visit in the morning when camels are most active,Try the famous camel milk ice cream,,,
6a5c5f111ae1c65f430527c2,6a5908ee9cb1d3777c9a6aac,Old City Bazaar & Bikaneri Food Trail,Taste authentic Bikaneri snacks while exploring vibrant local markets.,"Walk through Bikaner's bustling old markets, famous for traditional bhujia, rasgulla, sweets, handcrafted textiles, and colorful Rajasthani souvenirs. Experience the city's rich culinary and shopping culture.",,,2-3 Hours,2 km,"Kote Gate Market, Bikaner",Culture,Evening,Budget,Easy,shopping-bag,Authentic Bikaneri bhujia,Traditional shopping streets,Local sweets and snacks,,Buy packaged bhujia from reputed shops,Carry cash for small local vendors,,,
6a5c5f271ae1c65f430527c4,6a59092f9cb1d3777c9a6aae,Chittorgarh Fort Heritage Exploration,Explore India's largest fort complex and the pride of Mewar.,"Walk through the magnificent Chittorgarh Fort, a UNESCO World Heritage Site known for its massive gates, royal palaces, ancient temples, reservoirs, and stories of Rajput valor, sacrifice, and honor.",,,3-4 Hours,3 km,"Chittorgarh Fort, Chittorgarh",Heritage,October to March,Moderate,Easy,castle,UNESCO World Heritage Site,Largest fort in India,Historic Rajput architecture,,Hire a local guide for historical stories,Carry water while exploring the large fort complex,,,
6a5c5f271ae1c65f430527c6,6a59092f9cb1d3777c9a6aae,Padmini Palace & Gaumukh Reservoir Walk,Discover legendary royal history and scenic viewpoints inside the fort.,"Explore Padmini Palace, associated with the legend of Rani Padmini, and continue to the serene Gaumukh Reservoir, where natural spring water flows continuously into a sacred tank surrounded by dramatic fort walls.",,,2 Hours,2 km,"Padmini Palace & Gaumukh, Chittorgarh Fort",Heritage,October to March,Included with fort entry,Easy,landmark,Historic royal palace,Sacred Gaumukh Reservoir,Scenic fort viewpoints,,Wear comfortable walking shoes,Allow extra time to explore the surrounding monuments,,,
6a5c5f271ae1c65f430527c5,6a59092f9cb1d3777c9a6aae,Vijay Stambha Photography Tour,Capture the beauty of Chittorgarh's iconic Victory Tower.,"Visit the nine-storey Vijay Stambha, built by Rana Kumbha to commemorate victory over the Sultan of Malwa. Its intricate carvings and commanding views make it one of Rajasthan's finest architectural landmarks.",,,1-2 Hours,Inside Fort,"Vijay Stambha, Chittorgarh Fort",Photography,October to February,Included with fort entry,Easy,camera,Iconic Victory Tower,Intricate stone carvings,Excellent photography location,,Visit during golden hour,Carry a wide-angle lens for full-tower shots,,,
